season,version,era,episode,castaway,confessional_count
1,US,Seasons 1-15,1,Sonja,2
1,US,Seasons 1-15,1,B.B.,3
1,US,Seasons 1-15,1,Stacey,1
1,US,Seasons 1-15,1,Ramona,2
1,US,Seasons 1-15,1,Dirk,1
1,US,Seasons 1-15,1,Joel,2
1,US,Seasons 1-15,1,Gretchen,1
1,US,Seasons 1-15,1,Greg,0
1,US,Seasons 1-15,1,Jenna,0
1,US,Seasons 1-15,1,Gervase,0
1,US,Seasons 1-15,1,Colleen,0
1,US,Seasons 1-15,1,Sean,1
1,US,Seasons 1-15,1,Sue,2
1,US,Seasons 1-15,1,Rudy,4
1,US,Seasons 1-15,1,Kelly,2
1,US,Seasons 1-15,1,Richard,4
1,AU,Seasons 1-15,1,Des,11
1,AU,Seasons 1-15,1,Bianca,2
1,AU,Seasons 1-15,1,Evan,4
1,AU,Seasons 1-15,1,Peter,0
1,AU,Seasons 1-15,1,Barry,0
1,AU,Seasons 1-15,1,Tegan,0
1,AU,Seasons 1-15,1,Rohan,6
1,AU,Seasons 1-15,1,Kat,10
1,AU,Seasons 1-15,1,Andrew,2
1,AU,Seasons 1-15,1,Craig,3
1,AU,Seasons 1-15,1,Phoebe,1
1,AU,Seasons 1-15,1,Conner,4
1,AU,Seasons 1-15,1,Kate,0
1,AU,Seasons 1-15,1,Nick,6
1,AU,Seasons 1-15,1,Kylie,3
1,AU,Seasons 1-15,1,Sue,1
1,AU,Seasons 1-15,1,Jennah-Louise,2
1,AU,Seasons 1-15,1,Brooke,0
1,AU,Seasons 1-15,1,Sam,4
1,AU,Seasons 1-15,1,Matt,2
1,AU,Seasons 1-15,1,Flick,4
1,AU,Seasons 1-15,1,El,3
1,AU,Seasons 1-15,1,Lee,4
1,AU,Seasons 1-15,1,Kristie,3
1,SA,Seasons 1-15,1,Don,3
1,SA,Seasons 1-15,1,Sam,6
1,SA,Seasons 1-15,1,Jude,3
1,SA,Seasons 1-15,1,Ncumisa,4
1,SA,Seasons 1-15,1,Sanele,5
1,SA,Seasons 1-15,1,Danielle,3
1,SA,Seasons 1-15,1,Nico,7
1,SA,Seasons 1-15,1,Brigitte,3
1,SA,Seasons 1-15,1,Mzi,7
1,SA,Seasons 1-15,1,Vanessa,5
1,SA,Seasons 1-15,1,Lezel,3
1,SA,Seasons 1-15,1,Gareth,7
1,SA,Seasons 1-15,1,Zayn,3
1,SA,Seasons 1-15,1,Jacinda,4
1,UK,Seasons 1-15,1,Nick,2
1,UK,Seasons 1-15,1,JJ,4
1,UK,Seasons 1-15,1,Uzma,0
1,UK,Seasons 1-15,1,Sarah,1
1,UK,Seasons 1-15,1,Jayne,2
1,UK,Seasons 1-15,1,Adrian,2
1,UK,Seasons 1-15,1,Simon,2
1,UK,Seasons 1-15,1,Andy,1
1,UK,Seasons 1-15,1,James,1
1,UK,Seasons 1-15,1,Pete,1
1,UK,Seasons 1-15,1,Zoe,2
1,UK,Seasons 1-15,1,Eve,2
1,UK,Seasons 1-15,1,Mick,3
1,UK,Seasons 1-15,1,Richard,3
1,UK,Seasons 1-15,1,Jackie,3
1,UK,Seasons 1-15,1,Charlotte,1
1,NZ,Seasons 1-15,1,Hannah,4
1,NZ,Seasons 1-15,1,Dee,5
1,NZ,Seasons 1-15,1,Tony,8
1,NZ,Seasons 1-15,1,Izzy,6
1,NZ,Seasons 1-15,1,Lou,1
1,NZ,Seasons 1-15,1,Georgia,5
1,NZ,Seasons 1-15,1,Shay,8
1,NZ,Seasons 1-15,1,Lee,3
1,NZ,Seasons 1-15,1,Mike,0
1,NZ,Seasons 1-15,1,Sala,5
1,NZ,Seasons 1-15,1,Jak,3
1,NZ,Seasons 1-15,1,Shannon,4
1,NZ,Seasons 1-15,1,Nate,5
1,NZ,Seasons 1-15,1,Barb,1
1,NZ,Seasons 1-15,1,Tom,5
1,NZ,Seasons 1-15,1,Avi,4
1,US,Seasons 1-15,2,B.B.,8
1,US,Seasons 1-15,2,Stacey,2
1,US,Seasons 1-15,2,Ramona,9
1,US,Seasons 1-15,2,Dirk,0
1,US,Seasons 1-15,2,Joel,2
1,US,Seasons 1-15,2,Gretchen,6
1,US,Seasons 1-15,2,Greg,4
1,US,Seasons 1-15,2,Jenna,2
1,US,Seasons 1-15,2,Gervase,6
1,US,Seasons 1-15,2,Colleen,3
1,US,Seasons 1-15,2,Sean,5
1,US,Seasons 1-15,2,Sue,2
1,US,Seasons 1-15,2,Rudy,3
1,US,Seasons 1-15,2,Kelly,1
1,US,Seasons 1-15,2,Richard,4
1,AU,Seasons 1-15,2,Bianca,6
1,AU,Seasons 1-15,2,Evan,4
1,AU,Seasons 1-15,2,Peter,5
1,AU,Seasons 1-15,2,Barry,1
1,AU,Seasons 1-15,2,Tegan,0
1,AU,Seasons 1-15,2,Rohan,0
1,AU,Seasons 1-15,2,Kat,3
1,AU,Seasons 1-15,2,Andrew,0
1,AU,Seasons 1-15,2,Craig,1
1,AU,Seasons 1-15,2,Phoebe,2
1,AU,Seasons 1-15,2,Conner,3
1,AU,Seasons 1-15,2,Kate,3
1,AU,Seasons 1-15,2,Nick,3
1,AU,Seasons 1-15,2,Kylie,5
1,AU,Seasons 1-15,2,Sue,0
1,AU,Seasons 1-15,2,Jennah-Louise,1
1,AU,Seasons 1-15,2,Brooke,0
1,AU,Seasons 1-15,2,Sam,1
1,AU,Seasons 1-15,2,Matt,2
1,AU,Seasons 1-15,2,Flick,4
1,AU,Seasons 1-15,2,El,1
1,AU,Seasons 1-15,2,Lee,2
1,AU,Seasons 1-15,2,Kristie,5
1,SA,Seasons 1-15,2,Sam,5
1,SA,Seasons 1-15,2,Jude,4
1,SA,Seasons 1-15,2,Ncumisa,4
1,SA,Seasons 1-15,2,Sanele,2
1,SA,Seasons 1-15,2,Danielle,3
1,SA,Seasons 1-15,2,Nico,4
1,SA,Seasons 1-15,2,Brigitte,1
1,SA,Seasons 1-15,2,Mzi,5
1,SA,Seasons 1-15,2,Vanessa,2
1,SA,Seasons 1-15,2,Lezel,2
1,SA,Seasons 1-15,2,Gareth,2
1,SA,Seasons 1-15,2,Zayn,0
1,SA,Seasons 1-15,2,Jacinda,3
1,UK,Seasons 1-15,2,JJ,3
1,UK,Seasons 1-15,2,Uzma,2
1,UK,Seasons 1-15,2,Sarah,2
1,UK,Seasons 1-15,2,Jayne,0
1,UK,Seasons 1-15,2,Adrian,3
1,UK,Seasons 1-15,2,Simon,0
1,UK,Seasons 1-15,2,Andy,4
1,UK,Seasons 1-15,2,James,2
1,UK,Seasons 1-15,2,Pete,1
1,UK,Seasons 1-15,2,Zoe,1
1,UK,Seasons 1-15,2,Eve,0
1,UK,Seasons 1-15,2,Mick,1
1,UK,Seasons 1-15,2,Richard,2
1,UK,Seasons 1-15,2,Jackie,1
1,UK,Seasons 1-15,2,Charlotte,4
1,NZ,Seasons 1-15,2,Hannah,1
1,NZ,Seasons 1-15,2,Tony,7
1,NZ,Seasons 1-15,2,Izzy,0
1,NZ,Seasons 1-15,2,Lou,2
1,NZ,Seasons 1-15,2,Georgia,1
1,NZ,Seasons 1-15,2,Shay,3
1,NZ,Seasons 1-15,2,Lee,1
1,NZ,Seasons 1-15,2,Mike,2
1,NZ,Seasons 1-15,2,Sala,7
1,NZ,Seasons 1-15,2,Jak,0
1,NZ,Seasons 1-15,2,Shannon,2
1,NZ,Seasons 1-15,2,Nate,3
1,NZ,Seasons 1-15,2,Barb,0
1,NZ,Seasons 1-15,2,Tom,3
1,NZ,Seasons 1-15,2,Avi,5
1,US,Seasons 1-15,3,Stacey,6
1,US,Seasons 1-15,3,Ramona,0
1,US,Seasons 1-15,3,Dirk,3
1,US,Seasons 1-15,3,Joel,2
1,US,Seasons 1-15,3,Gretchen,3
1,US,Seasons 1-15,3,Greg,4
1,US,Seasons 1-15,3,Jenna,4
1,US,Seasons 1-15,3,Gervase,5
1,US,Seasons 1-15,3,Colleen,5
1,US,Seasons 1-15,3,Sean,3
1,US,Seasons 1-15,3,Sue,5
1,US,Seasons 1-15,3,Rudy,2
1,US,Seasons 1-15,3,Kelly,7
1,US,Seasons 1-15,3,Richard,10
1,AU,Seasons 1-15,3,Evan,15
1,AU,Seasons 1-15,3,Peter,2
1,AU,Seasons 1-15,3,Barry,0
1,AU,Seasons 1-15,3,Tegan,2
1,AU,Seasons 1-15,3,Rohan,6
1,AU,Seasons 1-15,3,Kat,4
1,AU,Seasons 1-15,3,Andrew,1
1,AU,Seasons 1-15,3,Craig,1
1,AU,Seasons 1-15,3,Phoebe,9
1,AU,Seasons 1-15,3,Conner,0
1,AU,Seasons 1-15,3,Kate,0
1,AU,Seasons 1-15,3,Nick,7
1,AU,Seasons 1-15,3,Kylie,4
1,AU,Seasons 1-15,3,Sue,0
1,AU,Seasons 1-15,3,Jennah-Louise,1
1,AU,Seasons 1-15,3,Brooke,3
1,AU,Seasons 1-15,3,Sam,2
1,AU,Seasons 1-15,3,Matt,2
1,AU,Seasons 1-15,3,Flick,0
1,AU,Seasons 1-15,3,El,7
1,AU,Seasons 1-15,3,Lee,0
1,AU,Seasons 1-15,3,Kristie,0
1,SA,Seasons 1-15,3,Jude,6
1,SA,Seasons 1-15,3,Ncumisa,5
1,SA,Seasons 1-15,3,Sanele,3
1,SA,Seasons 1-15,3,Danielle,1
1,SA,Seasons 1-15,3,Nico,4
1,SA,Seasons 1-15,3,Brigitte,4
1,SA,Seasons 1-15,3,Mzi,0
1,SA,Seasons 1-15,3,Vanessa,1
1,SA,Seasons 1-15,3,Lezel,6
1,SA,Seasons 1-15,3,Gareth,0
1,SA,Seasons 1-15,3,Zayn,2
1,SA,Seasons 1-15,3,Jacinda,2
1,UK,Seasons 1-15,3,Uzma,1
1,UK,Seasons 1-15,3,Sarah,0
1,UK,Seasons 1-15,3,Jayne,3
1,UK,Seasons 1-15,3,Adrian,1
1,UK,Seasons 1-15,3,Simon,5
1,UK,Seasons 1-15,3,Andy,4
1,UK,Seasons 1-15,3,James,4
1,UK,Seasons 1-15,3,Pete,2
1,UK,Seasons 1-15,3,Zoe,1
1,UK,Seasons 1-15,3,Eve,0
1,UK,Seasons 1-15,3,Mick,1
1,UK,Seasons 1-15,3,Richard,1
1,UK,Seasons 1-15,3,Jackie,1
1,UK,Seasons 1-15,3,Charlotte,2
1,NZ,Seasons 1-15,3,Hannah,3
1,NZ,Seasons 1-15,3,Tony,3
1,NZ,Seasons 1-15,3,Izzy,3
1,NZ,Seasons 1-15,3,Lou,0
1,NZ,Seasons 1-15,3,Georgia,1
1,NZ,Seasons 1-15,3,Shay,2
1,NZ,Seasons 1-15,3,Lee,1
1,NZ,Seasons 1-15,3,Mike,7
1,NZ,Seasons 1-15,3,Sala,9
1,NZ,Seasons 1-15,3,Jak,4
1,NZ,Seasons 1-15,3,Shannon,7
1,NZ,Seasons 1-15,3,Nate,9
1,NZ,Seasons 1-15,3,Barb,4
1,NZ,Seasons 1-15,3,Tom,7
1,NZ,Seasons 1-15,3,Avi,6
1,US,Seasons 1-15,4,Ramona,8
1,US,Seasons 1-15,4,Dirk,3
1,US,Seasons 1-15,4,Joel,2
1,US,Seasons 1-15,4,Gretchen,6
1,US,Seasons 1-15,4,Greg,6
1,US,Seasons 1-15,4,Jenna,5
1,US,Seasons 1-15,4,Gervase,8
1,US,Seasons 1-15,4,Colleen,5
1,US,Seasons 1-15,4,Sean,5
1,US,Seasons 1-15,4,Sue,4
1,US,Seasons 1-15,4,Rudy,1
1,US,Seasons 1-15,4,Kelly,3
1,US,Seasons 1-15,4,Richard,8
1,AU,Seasons 1-15,4,Peter,5
1,AU,Seasons 1-15,4,Barry,0
1,AU,Seasons 1-15,4,Tegan,0
1,AU,Seasons 1-15,4,Rohan,5
1,AU,Seasons 1-15,4,Kat,6
1,AU,Seasons 1-15,4,Andrew,0
1,AU,Seasons 1-15,4,Craig,4
1,AU,Seasons 1-15,4,Phoebe,12
1,AU,Seasons 1-15,4,Conner,0
1,AU,Seasons 1-15,4,Kate,3
1,AU,Seasons 1-15,4,Nick,2
1,AU,Seasons 1-15,4,Kylie,5
1,AU,Seasons 1-15,4,Sue,2
1,AU,Seasons 1-15,4,Jennah-Louise,1
1,AU,Seasons 1-15,4,Brooke,2
1,AU,Seasons 1-15,4,Sam,0
1,AU,Seasons 1-15,4,Matt,2
1,AU,Seasons 1-15,4,Flick,0
1,AU,Seasons 1-15,4,El,1
1,AU,Seasons 1-15,4,Lee,2
1,AU,Seasons 1-15,4,Kristie,0
1,SA,Seasons 1-15,4,Ncumisa,4
1,SA,Seasons 1-15,4,Sanele,3
1,SA,Seasons 1-15,4,Danielle,3
1,SA,Seasons 1-15,4,Nico,5
1,SA,Seasons 1-15,4,Brigitte,2
1,SA,Seasons 1-15,4,Mzi,4
1,SA,Seasons 1-15,4,Vanessa,1
1,SA,Seasons 1-15,4,Lezel,2
1,SA,Seasons 1-15,4,Gareth,4
1,SA,Seasons 1-15,4,Zayn,2
1,SA,Seasons 1-15,4,Jacinda,3
1,UK,Seasons 1-15,4,Sarah,2
1,UK,Seasons 1-15,4,Jayne,3
1,UK,Seasons 1-15,4,Adrian,3
1,UK,Seasons 1-15,4,Simon,0
1,UK,Seasons 1-15,4,Andy,2
1,UK,Seasons 1-15,4,James,1
1,UK,Seasons 1-15,4,Pete,1
1,UK,Seasons 1-15,4,Zoe,5
1,UK,Seasons 1-15,4,Eve,8
1,UK,Seasons 1-15,4,Mick,0
1,UK,Seasons 1-15,4,Richard,3
1,UK,Seasons 1-15,4,Jackie,1
1,UK,Seasons 1-15,4,Charlotte,2
1,NZ,Seasons 1-15,4,Tony,1
1,NZ,Seasons 1-15,4,Izzy,5
1,NZ,Seasons 1-15,4,Lou,1
1,NZ,Seasons 1-15,4,Georgia,0
1,NZ,Seasons 1-15,4,Shay,5
1,NZ,Seasons 1-15,4,Lee,1
1,NZ,Seasons 1-15,4,Mike,0
1,NZ,Seasons 1-15,4,Sala,1
1,NZ,Seasons 1-15,4,Jak,1
1,NZ,Seasons 1-15,4,Shannon,3
1,NZ,Seasons 1-15,4,Nate,1
1,NZ,Seasons 1-15,4,Barb,1
1,NZ,Seasons 1-15,4,Tom,5
1,NZ,Seasons 1-15,4,Avi,2
1,US,Seasons 1-15,5,Dirk,4
1,US,Seasons 1-15,5,Joel,2
1,US,Seasons 1-15,5,Gretchen,4
1,US,Seasons 1-15,5,Greg,4
1,US,Seasons 1-15,5,Jenna,5
1,US,Seasons 1-15,5,Gervase,4
1,US,Seasons 1-15,5,Colleen,3
1,US,Seasons 1-15,5,Sean,11
1,US,Seasons 1-15,5,Sue,4
1,US,Seasons 1-15,5,Rudy,4
1,US,Seasons 1-15,5,Kelly,9
1,US,Seasons 1-15,5,Richard,4
1,AU,Seasons 1-15,5,Barry,2
1,AU,Seasons 1-15,5,Tegan,0
1,AU,Seasons 1-15,5,Rohan,0
1,AU,Seasons 1-15,5,Kat,4
1,AU,Seasons 1-15,5,Andrew,1
1,AU,Seasons 1-15,5,Craig,0
1,AU,Seasons 1-15,5,Phoebe,2
1,AU,Seasons 1-15,5,Conner,1
1,AU,Seasons 1-15,5,Kate,1
1,AU,Seasons 1-15,5,Nick,7
1,AU,Seasons 1-15,5,Kylie,3
1,AU,Seasons 1-15,5,Sue,1
1,AU,Seasons 1-15,5,Jennah-Louise,6
1,AU,Seasons 1-15,5,Brooke,3
1,AU,Seasons 1-15,5,Sam,3
1,AU,Seasons 1-15,5,Matt,6
1,AU,Seasons 1-15,5,Flick,3
1,AU,Seasons 1-15,5,El,0
1,AU,Seasons 1-15,5,Lee,0
1,AU,Seasons 1-15,5,Kristie,0
1,SA,Seasons 1-15,5,Sanele,2
1,SA,Seasons 1-15,5,Danielle,4
1,SA,Seasons 1-15,5,Nico,4
1,SA,Seasons 1-15,5,Brigitte,2
1,SA,Seasons 1-15,5,Mzi,3
1,SA,Seasons 1-15,5,Vanessa,2
1,SA,Seasons 1-15,5,Lezel,1
1,SA,Seasons 1-15,5,Gareth,5
1,SA,Seasons 1-15,5,Zayn,6
1,SA,Seasons 1-15,5,Jacinda,3
1,UK,Seasons 1-15,5,Jayne,3
1,UK,Seasons 1-15,5,Adrian,1
1,UK,Seasons 1-15,5,Simon,0
1,UK,Seasons 1-15,5,Andy,4
1,UK,Seasons 1-15,5,James,6
1,UK,Seasons 1-15,5,Pete,0
1,UK,Seasons 1-15,5,Zoe,2
1,UK,Seasons 1-15,5,Eve,4
1,UK,Seasons 1-15,5,Mick,0
1,UK,Seasons 1-15,5,Richard,1
1,UK,Seasons 1-15,5,Jackie,2
1,UK,Seasons 1-15,5,Charlotte,2
1,NZ,Seasons 1-15,5,Tony,5
1,NZ,Seasons 1-15,5,Izzy,2
1,NZ,Seasons 1-15,5,Lou,0
1,NZ,Seasons 1-15,5,Georgia,2
1,NZ,Seasons 1-15,5,Shay,4
1,NZ,Seasons 1-15,5,Lee,1
1,NZ,Seasons 1-15,5,Mike,2
1,NZ,Seasons 1-15,5,Sala,10
1,NZ,Seasons 1-15,5,Jak,2
1,NZ,Seasons 1-15,5,Shannon,5
1,NZ,Seasons 1-15,5,Nate,3
1,NZ,Seasons 1-15,5,Barb,0
1,NZ,Seasons 1-15,5,Tom,4
1,NZ,Seasons 1-15,5,Avi,6
1,US,Seasons 1-15,6,Joel,12
1,US,Seasons 1-15,6,Gretchen,10
1,US,Seasons 1-15,6,Greg,1
1,US,Seasons 1-15,6,Jenna,6
1,US,Seasons 1-15,6,Gervase,9
1,US,Seasons 1-15,6,Colleen,10
1,US,Seasons 1-15,6,Sean,2
1,US,Seasons 1-15,6,Sue,3
1,US,Seasons 1-15,6,Rudy,4
1,US,Seasons 1-15,6,Kelly,2
1,US,Seasons 1-15,6,Richard,6
1,AU,Seasons 1-15,6,Barry,5
1,AU,Seasons 1-15,6,Tegan,3
1,AU,Seasons 1-15,6,Rohan,0
1,AU,Seasons 1-15,6,Kat,0
1,AU,Seasons 1-15,6,Andrew,3
1,AU,Seasons 1-15,6,Craig,4
1,AU,Seasons 1-15,6,Phoebe,1
1,AU,Seasons 1-15,6,Conner,5
1,AU,Seasons 1-15,6,Kate,4
1,AU,Seasons 1-15,6,Nick,7
1,AU,Seasons 1-15,6,Kylie,0
1,AU,Seasons 1-15,6,Sue,3
1,AU,Seasons 1-15,6,Jennah-Louise,3
1,AU,Seasons 1-15,6,Brooke,1
1,AU,Seasons 1-15,6,Sam,5
1,AU,Seasons 1-15,6,Matt,0
1,AU,Seasons 1-15,6,Flick,2
1,AU,Seasons 1-15,6,El,0
1,AU,Seasons 1-15,6,Lee,3
1,AU,Seasons 1-15,6,Kristie,3
1,SA,Seasons 1-15,6,Danielle,6
1,SA,Seasons 1-15,6,Nico,6
1,SA,Seasons 1-15,6,Brigitte,5
1,SA,Seasons 1-15,6,Mzi,3
1,SA,Seasons 1-15,6,Vanessa,2
1,SA,Seasons 1-15,6,Lezel,0
1,SA,Seasons 1-15,6,Gareth,3
1,SA,Seasons 1-15,6,Zayn,3
1,SA,Seasons 1-15,6,Jacinda,1
1,UK,Seasons 1-15,6,Adrian,4
1,UK,Seasons 1-15,6,Simon,3
1,UK,Seasons 1-15,6,Andy,8
1,UK,Seasons 1-15,6,James,6
1,UK,Seasons 1-15,6,Pete,0
1,UK,Seasons 1-15,6,Zoe,0
1,UK,Seasons 1-15,6,Eve,2
1,UK,Seasons 1-15,6,Mick,1
1,UK,Seasons 1-15,6,Richard,1
1,UK,Seasons 1-15,6,Jackie,0
1,UK,Seasons 1-15,6,Charlotte,2
1,NZ,Seasons 1-15,6,Izzy,0
1,NZ,Seasons 1-15,6,Georgia,4
1,NZ,Seasons 1-15,6,Shay,4
1,NZ,Seasons 1-15,6,Lee,2
1,NZ,Seasons 1-15,6,Mike,2
1,NZ,Seasons 1-15,6,Sala,5
1,NZ,Seasons 1-15,6,Jak,1
1,NZ,Seasons 1-15,6,Shannon,2
1,NZ,Seasons 1-15,6,Nate,6
1,NZ,Seasons 1-15,6,Barb,4
1,NZ,Seasons 1-15,6,Tom,4
1,NZ,Seasons 1-15,6,Avi,6
1,US,Seasons 1-15,7,Gretchen,5
1,US,Seasons 1-15,7,Greg,7
1,US,Seasons 1-15,7,Jenna,10
1,US,Seasons 1-15,7,Gervase,4
1,US,Seasons 1-15,7,Colleen,5
1,US,Seasons 1-15,7,Sean,5
1,US,Seasons 1-15,7,Sue,5
1,US,Seasons 1-15,7,Rudy,7
1,US,Seasons 1-15,7,Kelly,5
1,US,Seasons 1-15,7,Richard,8
1,AU,Seasons 1-15,7,Tegan,9
1,AU,Seasons 1-15,7,Rohan,0
1,AU,Seasons 1-15,7,Kat,0
1,AU,Seasons 1-15,7,Andrew,2
1,AU,Seasons 1-15,7,Craig,1
1,AU,Seasons 1-15,7,Phoebe,0
1,AU,Seasons 1-15,7,Conner,5
1,AU,Seasons 1-15,7,Kate,7
1,AU,Seasons 1-15,7,Nick,5
1,AU,Seasons 1-15,7,Kylie,1
1,AU,Seasons 1-15,7,Sue,0
1,AU,Seasons 1-15,7,Jennah-Louise,2
1,AU,Seasons 1-15,7,Brooke,3
1,AU,Seasons 1-15,7,Sam,5
1,AU,Seasons 1-15,7,Matt,2
1,AU,Seasons 1-15,7,Flick,3
1,AU,Seasons 1-15,7,El,3
1,AU,Seasons 1-15,7,Lee,4
1,AU,Seasons 1-15,7,Kristie,0
1,SA,Seasons 1-15,7,Nico,7
1,SA,Seasons 1-15,7,Brigitte,6
1,SA,Seasons 1-15,7,Mzi,4
1,SA,Seasons 1-15,7,Vanessa,5
1,SA,Seasons 1-15,7,Lezel,1
1,SA,Seasons 1-15,7,Gareth,2
1,SA,Seasons 1-15,7,Zayn,6
1,SA,Seasons 1-15,7,Jacinda,2
1,UK,Seasons 1-15,7,Simon,4
1,UK,Seasons 1-15,7,Andy,1
1,UK,Seasons 1-15,7,James,1
1,UK,Seasons 1-15,7,Pete,0
1,UK,Seasons 1-15,7,Zoe,0
1,UK,Seasons 1-15,7,Eve,4
1,UK,Seasons 1-15,7,Mick,1
1,UK,Seasons 1-15,7,Richard,1
1,UK,Seasons 1-15,7,Jackie,0
1,UK,Seasons 1-15,7,Charlotte,1
1,NZ,Seasons 1-15,7,Izzy,0
1,NZ,Seasons 1-15,7,Georgia,2
1,NZ,Seasons 1-15,7,Shay,2
1,NZ,Seasons 1-15,7,Lee,1
1,NZ,Seasons 1-15,7,Mike,8
1,NZ,Seasons 1-15,7,Sala,5
1,NZ,Seasons 1-15,7,Jak,0
1,NZ,Seasons 1-15,7,Shannon,8
1,NZ,Seasons 1-15,7,Nate,10
1,NZ,Seasons 1-15,7,Barb,3
1,NZ,Seasons 1-15,7,Tom,6
1,NZ,Seasons 1-15,7,Avi,8
1,US,Seasons 1-15,8,Greg,9
1,US,Seasons 1-15,8,Jenna,10
1,US,Seasons 1-15,8,Gervase,8
1,US,Seasons 1-15,8,Colleen,3
1,US,Seasons 1-15,8,Sean,3
1,US,Seasons 1-15,8,Sue,8
1,US,Seasons 1-15,8,Rudy,5
1,US,Seasons 1-15,8,Kelly,8
1,US,Seasons 1-15,8,Richard,8
1,AU,Seasons 1-15,8,Rohan,6
1,AU,Seasons 1-15,8,Kat,9
1,AU,Seasons 1-15,8,Andrew,0
1,AU,Seasons 1-15,8,Craig,4
1,AU,Seasons 1-15,8,Phoebe,2
1,AU,Seasons 1-15,8,Conner,0
1,AU,Seasons 1-15,8,Kate,0
1,AU,Seasons 1-15,8,Nick,3
1,AU,Seasons 1-15,8,Kylie,0
1,AU,Seasons 1-15,8,Sue,0
1,AU,Seasons 1-15,8,Jennah-Louise,6
1,AU,Seasons 1-15,8,Brooke,5
1,AU,Seasons 1-15,8,Sam,1
1,AU,Seasons 1-15,8,Matt,6
1,AU,Seasons 1-15,8,Flick,1
1,AU,Seasons 1-15,8,El,3
1,AU,Seasons 1-15,8,Lee,4
1,AU,Seasons 1-15,8,Kristie,1
1,SA,Seasons 1-15,8,Brigitte,4
1,SA,Seasons 1-15,8,Mzi,5
1,SA,Seasons 1-15,8,Vanessa,5
1,SA,Seasons 1-15,8,Lezel,4
1,SA,Seasons 1-15,8,Gareth,2
1,SA,Seasons 1-15,8,Zayn,4
1,SA,Seasons 1-15,8,Jacinda,2
1,UK,Seasons 1-15,8,Andy,6
1,UK,Seasons 1-15,8,James,5
1,UK,Seasons 1-15,8,Pete,4
1,UK,Seasons 1-15,8,Zoe,1
1,UK,Seasons 1-15,8,Eve,2
1,UK,Seasons 1-15,8,Mick,0
1,UK,Seasons 1-15,8,Richard,6
1,UK,Seasons 1-15,8,Jackie,0
1,UK,Seasons 1-15,8,Charlotte,2
1,NZ,Seasons 1-15,8,Georgia,2
1,NZ,Seasons 1-15,8,Shay,6
1,NZ,Seasons 1-15,8,Lee,0
1,NZ,Seasons 1-15,8,Mike,6
1,NZ,Seasons 1-15,8,Sala,2
1,NZ,Seasons 1-15,8,Jak,4
1,NZ,Seasons 1-15,8,Shannon,9
1,NZ,Seasons 1-15,8,Nate,0
1,NZ,Seasons 1-15,8,Barb,0
1,NZ,Seasons 1-15,8,Tom,5
1,NZ,Seasons 1-15,8,Avi,2
1,US,Seasons 1-15,9,Jenna,5
1,US,Seasons 1-15,9,Gervase,4
1,US,Seasons 1-15,9,Colleen,9
1,US,Seasons 1-15,9,Sean,5
1,US,Seasons 1-15,9,Sue,6
1,US,Seasons 1-15,9,Rudy,3
1,US,Seasons 1-15,9,Kelly,5
1,US,Seasons 1-15,9,Richard,8
1,AU,Seasons 1-15,9,Rohan,5
1,AU,Seasons 1-15,9,Kat,3
1,AU,Seasons 1-15,9,Andrew,6
1,AU,Seasons 1-15,9,Craig,6
1,AU,Seasons 1-15,9,Phoebe,10
1,AU,Seasons 1-15,9,Conner,1
1,AU,Seasons 1-15,9,Kate,1
1,AU,Seasons 1-15,9,Nick,1
1,AU,Seasons 1-15,9,Kylie,0
1,AU,Seasons 1-15,9,Sue,4
1,AU,Seasons 1-15,9,Jennah-Louise,5
1,AU,Seasons 1-15,9,Brooke,4
1,AU,Seasons 1-15,9,Sam,0
1,AU,Seasons 1-15,9,Matt,1
1,AU,Seasons 1-15,9,Flick,1
1,AU,Seasons 1-15,9,El,0
1,AU,Seasons 1-15,9,Lee,2
1,AU,Seasons 1-15,9,Kristie,4
1,SA,Seasons 1-15,9,Brigitte,4
1,SA,Seasons 1-15,9,Mzi,3
1,SA,Seasons 1-15,9,Vanessa,1
1,SA,Seasons 1-15,9,Lezel,2
1,SA,Seasons 1-15,9,Gareth,6
1,SA,Seasons 1-15,9,Zayn,2
1,SA,Seasons 1-15,9,Jacinda,1
1,UK,Seasons 1-15,9,James,4
1,UK,Seasons 1-15,9,Pete,3
1,UK,Seasons 1-15,9,Zoe,6
1,UK,Seasons 1-15,9,Eve,4
1,UK,Seasons 1-15,9,Mick,1
1,UK,Seasons 1-15,9,Richard,6
1,UK,Seasons 1-15,9,Jackie,4
1,UK,Seasons 1-15,9,Charlotte,3
1,NZ,Seasons 1-15,9,Georgia,2
1,NZ,Seasons 1-15,9,Shay,5
1,NZ,Seasons 1-15,9,Lee,2
1,NZ,Seasons 1-15,9,Mike,10
1,NZ,Seasons 1-15,9,Sala,6
1,NZ,Seasons 1-15,9,Jak,10
1,NZ,Seasons 1-15,9,Shannon,6
1,NZ,Seasons 1-15,9,Nate,7
1,NZ,Seasons 1-15,9,Barb,4
1,NZ,Seasons 1-15,9,Tom,6
1,NZ,Seasons 1-15,9,Avi,8
1,US,Seasons 1-15,10,Gervase,8
1,US,Seasons 1-15,10,Colleen,3
1,US,Seasons 1-15,10,Sean,4
1,US,Seasons 1-15,10,Sue,8
1,US,Seasons 1-15,10,Rudy,4
1,US,Seasons 1-15,10,Kelly,8
1,US,Seasons 1-15,10,Richard,8
1,AU,Seasons 1-15,10,Kat,3
1,AU,Seasons 1-15,10,Andrew,8
1,AU,Seasons 1-15,10,Craig,4
1,AU,Seasons 1-15,10,Phoebe,12
1,AU,Seasons 1-15,10,Conner,0
1,AU,Seasons 1-15,10,Kate,2
1,AU,Seasons 1-15,10,Nick,0
1,AU,Seasons 1-15,10,Kylie,0
1,AU,Seasons 1-15,10,Sue,0
1,AU,Seasons 1-15,10,Jennah-Louise,0
1,AU,Seasons 1-15,10,Brooke,0
1,AU,Seasons 1-15,10,Sam,0
1,AU,Seasons 1-15,10,Matt,0
1,AU,Seasons 1-15,10,Flick,0
1,AU,Seasons 1-15,10,El,1
1,AU,Seasons 1-15,10,Lee,3
1,AU,Seasons 1-15,10,Kristie,1
1,SA,Seasons 1-15,10,Brigitte,2
1,SA,Seasons 1-15,10,Mzi,5
1,SA,Seasons 1-15,10,Vanessa,6
1,SA,Seasons 1-15,10,Lezel,5
1,SA,Seasons 1-15,10,Gareth,4
1,SA,Seasons 1-15,10,Zayn,1
1,SA,Seasons 1-15,10,Jacinda,1
1,UK,Seasons 1-15,10,Pete,5
1,UK,Seasons 1-15,10,Zoe,6
1,UK,Seasons 1-15,10,Eve,3
1,UK,Seasons 1-15,10,Mick,4
1,UK,Seasons 1-15,10,Richard,4
1,UK,Seasons 1-15,10,Jackie,1
1,UK,Seasons 1-15,10,Charlotte,6
1,NZ,Seasons 1-15,10,Shay,4
1,NZ,Seasons 1-15,10,Lee,7
1,NZ,Seasons 1-15,10,Mike,5
1,NZ,Seasons 1-15,10,Sala,2
1,NZ,Seasons 1-15,10,Jak,0
1,NZ,Seasons 1-15,10,Shannon,6
1,NZ,Seasons 1-15,10,Nate,3
1,NZ,Seasons 1-15,10,Barb,4
1,NZ,Seasons 1-15,10,Tom,2
1,NZ,Seasons 1-15,10,Avi,4
1,US,Seasons 1-15,11,Colleen,8
1,US,Seasons 1-15,11,Sean,6
1,US,Seasons 1-15,11,Sue,10
1,US,Seasons 1-15,11,Rudy,2
1,US,Seasons 1-15,11,Kelly,12
1,US,Seasons 1-15,11,Richard,5
1,AU,Seasons 1-15,11,Andrew,14
1,AU,Seasons 1-15,11,Craig,1
1,AU,Seasons 1-15,11,Phoebe,2
1,AU,Seasons 1-15,11,Conner,1
1,AU,Seasons 1-15,11,Kate,5
1,AU,Seasons 1-15,11,Nick,5
1,AU,Seasons 1-15,11,Kylie,3
1,AU,Seasons 1-15,11,Sue,1
1,AU,Seasons 1-15,11,Jennah-Louise,1
1,AU,Seasons 1-15,11,Brooke,0
1,AU,Seasons 1-15,11,Sam,2
1,AU,Seasons 1-15,11,Matt,3
1,AU,Seasons 1-15,11,Flick,1
1,AU,Seasons 1-15,11,El,0
1,AU,Seasons 1-15,11,Lee,0
1,AU,Seasons 1-15,11,Kristie,7
1,SA,Seasons 1-15,11,Brigitte,0
1,SA,Seasons 1-15,11,Mzi,2
1,SA,Seasons 1-15,11,Vanessa,3
1,SA,Seasons 1-15,11,Lezel,5
1,SA,Seasons 1-15,11,Gareth,4
1,SA,Seasons 1-15,11,Zayn,6
1,SA,Seasons 1-15,11,Jacinda,1
1,UK,Seasons 1-15,11,Zoe,6
1,UK,Seasons 1-15,11,Eve,7
1,UK,Seasons 1-15,11,Mick,5
1,UK,Seasons 1-15,11,Richard,7
1,UK,Seasons 1-15,11,Jackie,6
1,UK,Seasons 1-15,11,Charlotte,2
1,NZ,Seasons 1-15,11,Shay,8
1,NZ,Seasons 1-15,11,Lee,4
1,NZ,Seasons 1-15,11,Mike,5
1,NZ,Seasons 1-15,11,Sala,15
1,NZ,Seasons 1-15,11,Jak,11
1,NZ,Seasons 1-15,11,Shannon,15
1,NZ,Seasons 1-15,11,Nate,8
1,NZ,Seasons 1-15,11,Barb,8
1,NZ,Seasons 1-15,11,Tom,5
1,NZ,Seasons 1-15,11,Avi,7
1,US,Seasons 1-15,12,Sean,7
1,US,Seasons 1-15,12,Sue,8
1,US,Seasons 1-15,12,Rudy,4
1,US,Seasons 1-15,12,Kelly,8
1,US,Seasons 1-15,12,Richard,8
1,AU,Seasons 1-15,12,Craig,5
1,AU,Seasons 1-15,12,Phoebe,12
1,AU,Seasons 1-15,12,Conner,6
1,AU,Seasons 1-15,12,Kate,0
1,AU,Seasons 1-15,12,Nick,0
1,AU,Seasons 1-15,12,Kylie,2
1,AU,Seasons 1-15,12,Sue,0
1,AU,Seasons 1-15,12,Jennah-Louise,0
1,AU,Seasons 1-15,12,Brooke,3
1,AU,Seasons 1-15,12,Sam,2
1,AU,Seasons 1-15,12,Matt,3
1,AU,Seasons 1-15,12,Flick,0
1,AU,Seasons 1-15,12,El,0
1,AU,Seasons 1-15,12,Lee,0
1,AU,Seasons 1-15,12,Kristie,3
1,SA,Seasons 1-15,12,Brigitte,4
1,SA,Seasons 1-15,12,Mzi,3
1,SA,Seasons 1-15,12,Vanessa,6
1,SA,Seasons 1-15,12,Lezel,2
1,SA,Seasons 1-15,12,Gareth,7
1,SA,Seasons 1-15,12,Zayn,3
1,SA,Seasons 1-15,12,Jacinda,6
1,UK,Seasons 1-15,12,Eve,7
1,UK,Seasons 1-15,12,Mick,3
1,UK,Seasons 1-15,12,Richard,3
1,UK,Seasons 1-15,12,Jackie,3
1,UK,Seasons 1-15,12,Charlotte,4
1,NZ,Seasons 1-15,12,Shay,2
1,NZ,Seasons 1-15,12,Mike,1
1,NZ,Seasons 1-15,12,Sala,4
1,NZ,Seasons 1-15,12,Jak,6
1,NZ,Seasons 1-15,12,Shannon,5
1,NZ,Seasons 1-15,12,Nate,4
1,NZ,Seasons 1-15,12,Barb,1
1,NZ,Seasons 1-15,12,Tom,7
1,NZ,Seasons 1-15,12,Avi,5
1,US,Seasons 1-15,13,Sue,6
1,US,Seasons 1-15,13,Rudy,8
1,US,Seasons 1-15,13,Kelly,15
1,US,Seasons 1-15,13,Richard,11
1,AU,Seasons 1-15,13,Phoebe,15
1,AU,Seasons 1-15,13,Conner,3
1,AU,Seasons 1-15,13,Kate,2
1,AU,Seasons 1-15,13,Nick,2
1,AU,Seasons 1-15,13,Kylie,5
1,AU,Seasons 1-15,13,Sue,4
1,AU,Seasons 1-15,13,Jennah-Louise,2
1,AU,Seasons 1-15,13,Brooke,1
1,AU,Seasons 1-15,13,Sam,1
1,AU,Seasons 1-15,13,Matt,1
1,AU,Seasons 1-15,13,Flick,3
1,AU,Seasons 1-15,13,El,0
1,AU,Seasons 1-15,13,Lee,3
1,AU,Seasons 1-15,13,Kristie,6
1,SA,Seasons 1-15,13,Mzi,2
1,SA,Seasons 1-15,13,Vanessa,5
1,SA,Seasons 1-15,13,Zayn,1
1,SA,Seasons 1-15,13,Jacinda,4
1,UK,Seasons 1-15,13,Mick,5
1,UK,Seasons 1-15,13,Richard,7
1,UK,Seasons 1-15,13,Jackie,2
1,UK,Seasons 1-15,13,Charlotte,3
1,NZ,Seasons 1-15,13,Shay,3
1,NZ,Seasons 1-15,13,Mike,1
1,NZ,Seasons 1-15,13,Sala,3
1,NZ,Seasons 1-15,13,Jak,4
1,NZ,Seasons 1-15,13,Shannon,13
1,NZ,Seasons 1-15,13,Nate,4
1,NZ,Seasons 1-15,13,Barb,5
1,NZ,Seasons 1-15,13,Tom,4
1,NZ,Seasons 1-15,13,Avi,13
1,AU,Seasons 1-15,14,Phoebe,7
1,AU,Seasons 1-15,14,Conner,4
1,AU,Seasons 1-15,14,Kate,0
1,AU,Seasons 1-15,14,Nick,4
1,AU,Seasons 1-15,14,Kylie,0
1,AU,Seasons 1-15,14,Sue,7
1,AU,Seasons 1-15,14,Jennah-Louise,2
1,AU,Seasons 1-15,14,Brooke,1
1,AU,Seasons 1-15,14,Sam,0
1,AU,Seasons 1-15,14,Matt,0
1,AU,Seasons 1-15,14,Flick,0
1,AU,Seasons 1-15,14,El,0
1,AU,Seasons 1-15,14,Lee,0
1,AU,Seasons 1-15,14,Kristie,9
1,UK,Seasons 1-15,14,Jackie,8
1,UK,Seasons 1-15,14,Charlotte,8
1,NZ,Seasons 1-15,14,Shay,2
1,NZ,Seasons 1-15,14,Mike,1
1,NZ,Seasons 1-15,14,Jak,0
1,NZ,Seasons 1-15,14,Shannon,6
1,NZ,Seasons 1-15,14,Nate,6
1,NZ,Seasons 1-15,14,Barb,3
1,NZ,Seasons 1-15,14,Tom,11
1,NZ,Seasons 1-15,14,Avi,5
1,AU,Seasons 1-15,15,Conner,11
1,AU,Seasons 1-15,15,Kate,3
1,AU,Seasons 1-15,15,Nick,6
1,AU,Seasons 1-15,15,Kylie,1
1,AU,Seasons 1-15,15,Sue,5
1,AU,Seasons 1-15,15,Jennah-Louise,0
1,AU,Seasons 1-15,15,Brooke,0
1,AU,Seasons 1-15,15,Sam,5
1,AU,Seasons 1-15,15,Matt,1
1,AU,Seasons 1-15,15,Flick,3
1,AU,Seasons 1-15,15,El,1
1,AU,Seasons 1-15,15,Lee,4
1,AU,Seasons 1-15,15,Kristie,3
1,NZ,Seasons 1-15,15,Shay,5
1,NZ,Seasons 1-15,15,Mike,3
1,NZ,Seasons 1-15,15,Jak,5
1,NZ,Seasons 1-15,15,Shannon,4
1,NZ,Seasons 1-15,15,Nate,10
1,NZ,Seasons 1-15,15,Barb,5
1,NZ,Seasons 1-15,15,Tom,13
1,NZ,Seasons 1-15,15,Avi,19
1,AU,Seasons 1-15,16,Kate,11
1,AU,Seasons 1-15,16,Nick,3
1,AU,Seasons 1-15,16,Kylie,5
1,AU,Seasons 1-15,16,Sue,2
1,AU,Seasons 1-15,16,Jennah-Louise,0
1,AU,Seasons 1-15,16,Brooke,5
1,AU,Seasons 1-15,16,Sam,7
1,AU,Seasons 1-15,16,Matt,0
1,AU,Seasons 1-15,16,Flick,6
1,AU,Seasons 1-15,16,El,3
1,AU,Seasons 1-15,16,Lee,3
1,AU,Seasons 1-15,16,Kristie,0
1,NZ,Seasons 1-15,16,Shay,8
1,NZ,Seasons 1-15,16,Mike,2
1,NZ,Seasons 1-15,16,Jak,2
1,NZ,Seasons 1-15,16,Nate,10
1,NZ,Seasons 1-15,16,Barb,4
1,NZ,Seasons 1-15,16,Tom,13
1,NZ,Seasons 1-15,16,Avi,16
1,AU,Seasons 1-15,17,Nick,17
1,AU,Seasons 1-15,17,Kylie,0
1,AU,Seasons 1-15,17,Sue,0
1,AU,Seasons 1-15,17,Jennah-Louise,0
1,AU,Seasons 1-15,17,Brooke,5
1,AU,Seasons 1-15,17,Sam,5
1,AU,Seasons 1-15,17,Matt,6
1,AU,Seasons 1-15,17,Flick,2
1,AU,Seasons 1-15,17,El,0
1,AU,Seasons 1-15,17,Lee,4
1,AU,Seasons 1-15,17,Kristie,0
1,NZ,Seasons 1-15,17,Shay,3
1,NZ,Seasons 1-15,17,Mike,6
1,NZ,Seasons 1-15,17,Jak,4
1,NZ,Seasons 1-15,17,Nate,11
1,NZ,Seasons 1-15,17,Barb,14
1,NZ,Seasons 1-15,17,Tom,10
1,NZ,Seasons 1-15,17,Avi,21
1,AU,Seasons 1-15,18,Kylie,5
1,AU,Seasons 1-15,18,Sue,1
1,AU,Seasons 1-15,18,Jennah-Louise,1
1,AU,Seasons 1-15,18,Brooke,7
1,AU,Seasons 1-15,18,Sam,2
1,AU,Seasons 1-15,18,Matt,7
1,AU,Seasons 1-15,18,Flick,11
1,AU,Seasons 1-15,18,El,0
1,AU,Seasons 1-15,18,Lee,2
1,AU,Seasons 1-15,18,Kristie,1
1,NZ,Seasons 1-15,18,Mike,8
1,NZ,Seasons 1-15,18,Jak,7
1,NZ,Seasons 1-15,18,Nate,5
1,NZ,Seasons 1-15,18,Barb,9
1,NZ,Seasons 1-15,18,Tom,4
1,NZ,Seasons 1-15,18,Avi,4
1,AU,Seasons 1-15,19,Sue,4
1,AU,Seasons 1-15,19,Jennah-Louise,16
1,AU,Seasons 1-15,19,Brooke,7
1,AU,Seasons 1-15,19,Sam,3
1,AU,Seasons 1-15,19,Matt,5
1,AU,Seasons 1-15,19,Flick,3
1,AU,Seasons 1-15,19,El,1
1,AU,Seasons 1-15,19,Lee,2
1,AU,Seasons 1-15,19,Kristie,1
1,NZ,Seasons 1-15,19,Mike,9
1,NZ,Seasons 1-15,19,Nate,15
1,NZ,Seasons 1-15,19,Barb,7
1,NZ,Seasons 1-15,19,Tom,7
1,NZ,Seasons 1-15,19,Avi,10
1,AU,Seasons 1-15,20,Jennah-Louise,9
1,AU,Seasons 1-15,20,Brooke,3
1,AU,Seasons 1-15,20,Sam,3
1,AU,Seasons 1-15,20,Matt,3
1,AU,Seasons 1-15,20,Flick,2
1,AU,Seasons 1-15,20,El,2
1,AU,Seasons 1-15,20,Lee,3
1,AU,Seasons 1-15,20,Kristie,5
1,NZ,Seasons 1-15,20,Barb,6
1,NZ,Seasons 1-15,20,Tom,7
1,NZ,Seasons 1-15,20,Avi,7
1,AU,Seasons 1-15,21,Brooke,8
1,AU,Seasons 1-15,21,Sam,7
1,AU,Seasons 1-15,21,Matt,2
1,AU,Seasons 1-15,21,Flick,8
1,AU,Seasons 1-15,21,El,3
1,AU,Seasons 1-15,21,Lee,9
1,AU,Seasons 1-15,21,Kristie,3
1,AU,Seasons 1-15,22,Sam,3
1,AU,Seasons 1-15,22,Matt,10
1,AU,Seasons 1-15,22,Flick,6
1,AU,Seasons 1-15,22,El,1
1,AU,Seasons 1-15,22,Lee,3
1,AU,Seasons 1-15,22,Kristie,8
1,AU,Seasons 1-15,23,Sam,9
1,AU,Seasons 1-15,23,Matt,5
1,AU,Seasons 1-15,23,Flick,6
1,AU,Seasons 1-15,23,El,4
1,AU,Seasons 1-15,23,Lee,5
1,AU,Seasons 1-15,23,Kristie,6
1,AU,Seasons 1-15,24,Matt,11
1,AU,Seasons 1-15,24,Flick,2
1,AU,Seasons 1-15,24,El,1
1,AU,Seasons 1-15,24,Lee,1
1,AU,Seasons 1-15,24,Kristie,4
1,AU,Seasons 1-15,25,Flick,15
1,AU,Seasons 1-15,25,El,4
1,AU,Seasons 1-15,25,Lee,7
1,AU,Seasons 1-15,25,Kristie,11
2,US,Seasons 1-15,1,Debb,4
2,US,Seasons 1-15,1,Kel,0
2,US,Seasons 1-15,1,Maralyn,2
2,US,Seasons 1-15,1,Mitchell,2
2,US,Seasons 1-15,1,Kimmi,6
2,US,Seasons 1-15,1,Michael,3
2,US,Seasons 1-15,1,Jeff,5
2,US,Seasons 1-15,1,Alicia,1
2,US,Seasons 1-15,1,Jerri,4
2,US,Seasons 1-15,1,Nick,1
2,US,Seasons 1-15,1,Amber,1
2,US,Seasons 1-15,1,Rodger,3
2,US,Seasons 1-15,1,Elisabeth,3
2,US,Seasons 1-15,1,Keith,4
2,US,Seasons 1-15,1,Colby,3
2,US,Seasons 1-15,1,Tina,0
2,AU,Seasons 1-15,1,Joan,12
2,AU,Seasons 1-15,1,Adam,1
2,AU,Seasons 1-15,1,Kate,0
2,AU,Seasons 1-15,1,Tarzan,6
2,AU,Seasons 1-15,1,Aimee,1
2,AU,Seasons 1-15,1,Sam,4
2,AU,Seasons 1-15,1,Mark,3
2,AU,Seasons 1-15,1,Jacqui,2
2,AU,Seasons 1-15,1,Kent,5
2,AU,Seasons 1-15,1,AK,5
2,AU,Seasons 1-15,1,Ben,0
2,AU,Seasons 1-15,1,Odette,0
2,AU,Seasons 1-15,1,Jarrad,1
2,AU,Seasons 1-15,1,Anneliese,1
2,AU,Seasons 1-15,1,Henry,1
2,AU,Seasons 1-15,1,Tessa,0
2,AU,Seasons 1-15,1,Sarah,4
2,AU,Seasons 1-15,1,Luke,7
2,AU,Seasons 1-15,1,Ziggy,0
2,AU,Seasons 1-15,1,Locky,3
2,AU,Seasons 1-15,1,Michelle,0
2,AU,Seasons 1-15,1,Peter,0
2,AU,Seasons 1-15,1,Tara,3
2,AU,Seasons 1-15,1,Jericho,1
2,SA,Seasons 1-15,1,Nomfundo,4
2,SA,Seasons 1-15,1,Nicola,3
2,SA,Seasons 1-15,1,Viwe,4
2,SA,Seasons 1-15,1,Elise,2
2,SA,Seasons 1-15,1,Nichal,2
2,SA,Seasons 1-15,1,Rijesh,2
2,SA,Seasons 1-15,1,Lisa,3
2,SA,Seasons 1-15,1,Irshaad,2
2,SA,Seasons 1-15,1,Hein,3
2,SA,Seasons 1-15,1,Dyke,2
2,SA,Seasons 1-15,1,Angela,3
2,SA,Seasons 1-15,1,Angie,3
2,SA,Seasons 1-15,1,Mandla,3
2,SA,Seasons 1-15,1,Amanda,5
2,SA,Seasons 1-15,1,Grant,2
2,SA,Seasons 1-15,1,Lorette,3
2,UK,Seasons 1-15,1,Sarah,2
2,UK,Seasons 1-15,1,Lee,2
2,UK,Seasons 1-15,1,Tayfun,4
2,UK,Seasons 1-15,1,Meeta,2
2,UK,Seasons 1-15,1,Helen,2
2,UK,Seasons 1-15,1,Alastair,2
2,UK,Seasons 1-15,1,Drew,1
2,UK,Seasons 1-15,1,Dave,2
2,UK,Seasons 1-15,1,Bridget,1
2,UK,Seasons 1-15,1,John,1
2,UK,Seasons 1-15,1,Susannah,6
2,UK,Seasons 1-15,1,Jonny,1
2,NZ,Seasons 1-15,1,Jose,8
2,NZ,Seasons 1-15,1,Karla,4
2,NZ,Seasons 1-15,1,Franky,3
2,NZ,Seasons 1-15,1,Kaysha,4
2,NZ,Seasons 1-15,1,Liam,6
2,NZ,Seasons 1-15,1,Josh,3
2,NZ,Seasons 1-15,1,JT,5
2,NZ,Seasons 1-15,1,Dylan,4
2,NZ,Seasons 1-15,1,Arun,1
2,NZ,Seasons 1-15,1,Brad,2
2,NZ,Seasons 1-15,1,Renee,4
2,NZ,Seasons 1-15,1,Eve,1
2,NZ,Seasons 1-15,1,Matt,3
2,NZ,Seasons 1-15,1,Adam,4
2,NZ,Seasons 1-15,1,Tara,2
2,NZ,Seasons 1-15,1,Dave,4
2,NZ,Seasons 1-15,1,Tess,9
2,NZ,Seasons 1-15,1,Lisa,4
2,US,Seasons 1-15,2,Kel,4
2,US,Seasons 1-15,2,Maralyn,7
2,US,Seasons 1-15,2,Mitchell,5
2,US,Seasons 1-15,2,Kimmi,3
2,US,Seasons 1-15,2,Michael,4
2,US,Seasons 1-15,2,Jeff,4
2,US,Seasons 1-15,2,Alicia,3
2,US,Seasons 1-15,2,Jerri,9
2,US,Seasons 1-15,2,Nick,0
2,US,Seasons 1-15,2,Amber,1
2,US,Seasons 1-15,2,Rodger,3
2,US,Seasons 1-15,2,Elisabeth,0
2,US,Seasons 1-15,2,Keith,4
2,US,Seasons 1-15,2,Colby,2
2,US,Seasons 1-15,2,Tina,5
2,AU,Seasons 1-15,2,Adam,10
2,AU,Seasons 1-15,2,Kate,0
2,AU,Seasons 1-15,2,Tarzan,1
2,AU,Seasons 1-15,2,Aimee,1
2,AU,Seasons 1-15,2,Sam,4
2,AU,Seasons 1-15,2,Mark,1
2,AU,Seasons 1-15,2,Jacqui,2
2,AU,Seasons 1-15,2,Kent,1
2,AU,Seasons 1-15,2,AK,10
2,AU,Seasons 1-15,2,Ben,0
2,AU,Seasons 1-15,2,Odette,0
2,AU,Seasons 1-15,2,Jarrad,1
2,AU,Seasons 1-15,2,Anneliese,3
2,AU,Seasons 1-15,2,Henry,2
2,AU,Seasons 1-15,2,Tessa,0
2,AU,Seasons 1-15,2,Sarah,0
2,AU,Seasons 1-15,2,Luke,6
2,AU,Seasons 1-15,2,Ziggy,1
2,AU,Seasons 1-15,2,Locky,6
2,AU,Seasons 1-15,2,Michelle,1
2,AU,Seasons 1-15,2,Peter,2
2,AU,Seasons 1-15,2,Tara,2
2,AU,Seasons 1-15,2,Jericho,2
2,SA,Seasons 1-15,2,Nicola,4
2,SA,Seasons 1-15,2,Viwe,1
2,SA,Seasons 1-15,2,Elise,5
2,SA,Seasons 1-15,2,Nichal,0
2,SA,Seasons 1-15,2,Rijesh,3
2,SA,Seasons 1-15,2,Lisa,2
2,SA,Seasons 1-15,2,Irshaad,1
2,SA,Seasons 1-15,2,Hein,3
2,SA,Seasons 1-15,2,Dyke,5
2,SA,Seasons 1-15,2,Angela,0
2,SA,Seasons 1-15,2,Angie,0
2,SA,Seasons 1-15,2,Mandla,0
2,SA,Seasons 1-15,2,Amanda,2
2,SA,Seasons 1-15,2,Grant,3
2,SA,Seasons 1-15,2,Lorette,1
2,UK,Seasons 1-15,2,Lee,5
2,UK,Seasons 1-15,2,Tayfun,2
2,UK,Seasons 1-15,2,Meeta,3
2,UK,Seasons 1-15,2,Helen,3
2,UK,Seasons 1-15,2,Alastair,1
2,UK,Seasons 1-15,2,Drew,0
2,UK,Seasons 1-15,2,Dave,2
2,UK,Seasons 1-15,2,Bridget,2
2,UK,Seasons 1-15,2,John,10
2,UK,Seasons 1-15,2,Susannah,4
2,UK,Seasons 1-15,2,Jonny,1
2,NZ,Seasons 1-15,2,Karla,7
2,NZ,Seasons 1-15,2,Franky,5
2,NZ,Seasons 1-15,2,Kaysha,4
2,NZ,Seasons 1-15,2,Liam,3
2,NZ,Seasons 1-15,2,Josh,4
2,NZ,Seasons 1-15,2,JT,7
2,NZ,Seasons 1-15,2,Dylan,5
2,NZ,Seasons 1-15,2,Arun,5
2,NZ,Seasons 1-15,2,Brad,5
2,NZ,Seasons 1-15,2,Renee,3
2,NZ,Seasons 1-15,2,Eve,1
2,NZ,Seasons 1-15,2,Matt,2
2,NZ,Seasons 1-15,2,Adam,3
2,NZ,Seasons 1-15,2,Tara,0
2,NZ,Seasons 1-15,2,Dave,5
2,NZ,Seasons 1-15,2,Tess,14
2,NZ,Seasons 1-15,2,Lisa,1
2,US,Seasons 1-15,3,Maralyn,3
2,US,Seasons 1-15,3,Mitchell,8
2,US,Seasons 1-15,3,Kimmi,3
2,US,Seasons 1-15,3,Michael,3
2,US,Seasons 1-15,3,Jeff,8
2,US,Seasons 1-15,3,Alicia,4
2,US,Seasons 1-15,3,Jerri,8
2,US,Seasons 1-15,3,Nick,1
2,US,Seasons 1-15,3,Amber,3
2,US,Seasons 1-15,3,Rodger,3
2,US,Seasons 1-15,3,Elisabeth,4
2,US,Seasons 1-15,3,Keith,10
2,US,Seasons 1-15,3,Colby,9
2,US,Seasons 1-15,3,Tina,6
2,AU,Seasons 1-15,3,Kate,4
2,AU,Seasons 1-15,3,Tarzan,4
2,AU,Seasons 1-15,3,Aimee,0
2,AU,Seasons 1-15,3,Sam,5
2,AU,Seasons 1-15,3,Mark,2
2,AU,Seasons 1-15,3,Jacqui,3
2,AU,Seasons 1-15,3,Kent,1
2,AU,Seasons 1-15,3,AK,10
2,AU,Seasons 1-15,3,Ben,0
2,AU,Seasons 1-15,3,Odette,1
2,AU,Seasons 1-15,3,Jarrad,4
2,AU,Seasons 1-15,3,Anneliese,0
2,AU,Seasons 1-15,3,Henry,5
2,AU,Seasons 1-15,3,Tessa,10
2,AU,Seasons 1-15,3,Sarah,0
2,AU,Seasons 1-15,3,Luke,2
2,AU,Seasons 1-15,3,Ziggy,0
2,AU,Seasons 1-15,3,Locky,5
2,AU,Seasons 1-15,3,Michelle,1
2,AU,Seasons 1-15,3,Peter,0
2,AU,Seasons 1-15,3,Tara,2
2,AU,Seasons 1-15,3,Jericho,0
2,SA,Seasons 1-15,3,Viwe,2
2,SA,Seasons 1-15,3,Elise,3
2,SA,Seasons 1-15,3,Nichal,1
2,SA,Seasons 1-15,3,Rijesh,4
2,SA,Seasons 1-15,3,Lisa,2
2,SA,Seasons 1-15,3,Irshaad,1
2,SA,Seasons 1-15,3,Hein,4
2,SA,Seasons 1-15,3,Dyke,5
2,SA,Seasons 1-15,3,Angela,2
2,SA,Seasons 1-15,3,Angie,4
2,SA,Seasons 1-15,3,Mandla,3
2,SA,Seasons 1-15,3,Amanda,3
2,SA,Seasons 1-15,3,Grant,2
2,SA,Seasons 1-15,3,Lorette,1
2,UK,Seasons 1-15,3,Tayfun,4
2,UK,Seasons 1-15,3,Meeta,4
2,UK,Seasons 1-15,3,Helen,3
2,UK,Seasons 1-15,3,Alastair,1
2,UK,Seasons 1-15,3,Drew,1
2,UK,Seasons 1-15,3,Dave,3
2,UK,Seasons 1-15,3,Bridget,9
2,UK,Seasons 1-15,3,John,8
2,UK,Seasons 1-15,3,Susannah,7
2,UK,Seasons 1-15,3,Jonny,4
2,NZ,Seasons 1-15,3,Franky,10
2,NZ,Seasons 1-15,3,Kaysha,7
2,NZ,Seasons 1-15,3,Liam,2
2,NZ,Seasons 1-15,3,Josh,1
2,NZ,Seasons 1-15,3,JT,10
2,NZ,Seasons 1-15,3,Dylan,6
2,NZ,Seasons 1-15,3,Arun,3
2,NZ,Seasons 1-15,3,Brad,0
2,NZ,Seasons 1-15,3,Renee,6
2,NZ,Seasons 1-15,3,Eve,8
2,NZ,Seasons 1-15,3,Matt,1
2,NZ,Seasons 1-15,3,Adam,6
2,NZ,Seasons 1-15,3,Tara,1
2,NZ,Seasons 1-15,3,Dave,3
2,NZ,Seasons 1-15,3,Tess,4
2,NZ,Seasons 1-15,3,Lisa,0
2,US,Seasons 1-15,4,Mitchell,3
2,US,Seasons 1-15,4,Kimmi,1
2,US,Seasons 1-15,4,Michael,4
2,US,Seasons 1-15,4,Jeff,1
2,US,Seasons 1-15,4,Alicia,1
2,US,Seasons 1-15,4,Jerri,6
2,US,Seasons 1-15,4,Nick,1
2,US,Seasons 1-15,4,Amber,2
2,US,Seasons 1-15,4,Rodger,2
2,US,Seasons 1-15,4,Elisabeth,0
2,US,Seasons 1-15,4,Keith,4
2,US,Seasons 1-15,4,Colby,5
2,US,Seasons 1-15,4,Tina,6
2,AU,Seasons 1-15,4,Tarzan,11
2,AU,Seasons 1-15,4,Aimee,0
2,AU,Seasons 1-15,4,Sam,1
2,AU,Seasons 1-15,4,Mark,0
2,AU,Seasons 1-15,4,Jacqui,0
2,AU,Seasons 1-15,4,Kent,0
2,AU,Seasons 1-15,4,AK,1
2,AU,Seasons 1-15,4,Ben,0
2,AU,Seasons 1-15,4,Odette,0
2,AU,Seasons 1-15,4,Jarrad,0
2,AU,Seasons 1-15,4,Anneliese,0
2,AU,Seasons 1-15,4,Henry,0
2,AU,Seasons 1-15,4,Tessa,10
2,AU,Seasons 1-15,4,Sarah,0
2,AU,Seasons 1-15,4,Luke,3
2,AU,Seasons 1-15,4,Ziggy,0
2,AU,Seasons 1-15,4,Locky,3
2,AU,Seasons 1-15,4,Michelle,0
2,AU,Seasons 1-15,4,Peter,0
2,AU,Seasons 1-15,4,Tara,2
2,AU,Seasons 1-15,4,Jericho,10
2,SA,Seasons 1-15,4,Elise,3
2,SA,Seasons 1-15,4,Nichal,1
2,SA,Seasons 1-15,4,Rijesh,6
2,SA,Seasons 1-15,4,Lisa,3
2,SA,Seasons 1-15,4,Irshaad,6
2,SA,Seasons 1-15,4,Hein,0
2,SA,Seasons 1-15,4,Dyke,3
2,SA,Seasons 1-15,4,Angela,5
2,SA,Seasons 1-15,4,Angie,3
2,SA,Seasons 1-15,4,Mandla,3
2,SA,Seasons 1-15,4,Amanda,3
2,SA,Seasons 1-15,4,Grant,7
2,SA,Seasons 1-15,4,Lorette,0
2,UK,Seasons 1-15,4,Meeta,4
2,UK,Seasons 1-15,4,Helen,1
2,UK,Seasons 1-15,4,Alastair,1
2,UK,Seasons 1-15,4,Drew,0
2,UK,Seasons 1-15,4,Dave,2
2,UK,Seasons 1-15,4,Bridget,4
2,UK,Seasons 1-15,4,John,10
2,UK,Seasons 1-15,4,Susannah,5
2,UK,Seasons 1-15,4,Jonny,6
2,NZ,Seasons 1-15,4,Kaysha,9
2,NZ,Seasons 1-15,4,Liam,2
2,NZ,Seasons 1-15,4,Josh,6
2,NZ,Seasons 1-15,4,JT,3
2,NZ,Seasons 1-15,4,Dylan,9
2,NZ,Seasons 1-15,4,Arun,7
2,NZ,Seasons 1-15,4,Brad,5
2,NZ,Seasons 1-15,4,Renee,4
2,NZ,Seasons 1-15,4,Eve,2
2,NZ,Seasons 1-15,4,Matt,3
2,NZ,Seasons 1-15,4,Adam,3
2,NZ,Seasons 1-15,4,Tara,1
2,NZ,Seasons 1-15,4,Dave,2
2,NZ,Seasons 1-15,4,Tess,3
2,NZ,Seasons 1-15,4,Lisa,2
2,US,Seasons 1-15,5,Kimmi,3
2,US,Seasons 1-15,5,Michael,6
2,US,Seasons 1-15,5,Jeff,4
2,US,Seasons 1-15,5,Alicia,3
2,US,Seasons 1-15,5,Jerri,5
2,US,Seasons 1-15,5,Nick,1
2,US,Seasons 1-15,5,Amber,3
2,US,Seasons 1-15,5,Rodger,3
2,US,Seasons 1-15,5,Elisabeth,3
2,US,Seasons 1-15,5,Keith,4
2,US,Seasons 1-15,5,Colby,3
2,US,Seasons 1-15,5,Tina,2
2,AU,Seasons 1-15,5,Aimee,2
2,AU,Seasons 1-15,5,Sam,0
2,AU,Seasons 1-15,5,Mark,0
2,AU,Seasons 1-15,5,Jacqui,0
2,AU,Seasons 1-15,5,Kent,0
2,AU,Seasons 1-15,5,AK,8
2,AU,Seasons 1-15,5,Ben,0
2,AU,Seasons 1-15,5,Odette,0
2,AU,Seasons 1-15,5,Jarrad,0
2,AU,Seasons 1-15,5,Anneliese,0
2,AU,Seasons 1-15,5,Henry,0
2,AU,Seasons 1-15,5,Tessa,5
2,AU,Seasons 1-15,5,Sarah,1
2,AU,Seasons 1-15,5,Luke,2
2,AU,Seasons 1-15,5,Ziggy,0
2,AU,Seasons 1-15,5,Locky,2
2,AU,Seasons 1-15,5,Michelle,0
2,AU,Seasons 1-15,5,Peter,4
2,AU,Seasons 1-15,5,Tara,5
2,AU,Seasons 1-15,5,Jericho,4
2,SA,Seasons 1-15,5,Nichal,3
2,SA,Seasons 1-15,5,Rijesh,2
2,SA,Seasons 1-15,5,Lisa,2
2,SA,Seasons 1-15,5,Irshaad,1
2,SA,Seasons 1-15,5,Hein,5
2,SA,Seasons 1-15,5,Dyke,8
2,SA,Seasons 1-15,5,Angela,1
2,SA,Seasons 1-15,5,Angie,6
2,SA,Seasons 1-15,5,Mandla,2
2,SA,Seasons 1-15,5,Amanda,4
2,SA,Seasons 1-15,5,Grant,7
2,SA,Seasons 1-15,5,Lorette,3
2,UK,Seasons 1-15,5,Helen,2
2,UK,Seasons 1-15,5,Alastair,1
2,UK,Seasons 1-15,5,Drew,1
2,UK,Seasons 1-15,5,Dave,2
2,UK,Seasons 1-15,5,Bridget,10
2,UK,Seasons 1-15,5,John,7
2,UK,Seasons 1-15,5,Susannah,6
2,UK,Seasons 1-15,5,Jonny,2
2,NZ,Seasons 1-15,5,Liam,7
2,NZ,Seasons 1-15,5,Josh,3
2,NZ,Seasons 1-15,5,JT,7
2,NZ,Seasons 1-15,5,Dylan,8
2,NZ,Seasons 1-15,5,Arun,1
2,NZ,Seasons 1-15,5,Brad,7
2,NZ,Seasons 1-15,5,Renee,0
2,NZ,Seasons 1-15,5,Eve,8
2,NZ,Seasons 1-15,5,Matt,2
2,NZ,Seasons 1-15,5,Adam,4
2,NZ,Seasons 1-15,5,Tara,3
2,NZ,Seasons 1-15,5,Dave,4
2,NZ,Seasons 1-15,5,Tess,5
2,NZ,Seasons 1-15,5,Lisa,2
2,US,Seasons 1-15,6,Michael,1
2,US,Seasons 1-15,6,Jeff,4
2,US,Seasons 1-15,6,Alicia,4
2,US,Seasons 1-15,6,Jerri,6
2,US,Seasons 1-15,6,Nick,2
2,US,Seasons 1-15,6,Amber,1
2,US,Seasons 1-15,6,Rodger,2
2,US,Seasons 1-15,6,Elisabeth,2
2,US,Seasons 1-15,6,Keith,2
2,US,Seasons 1-15,6,Colby,7
2,US,Seasons 1-15,6,Tina,2
2,AU,Seasons 1-15,6,Sam,6
2,AU,Seasons 1-15,6,Mark,7
2,AU,Seasons 1-15,6,Jacqui,1
2,AU,Seasons 1-15,6,Kent,2
2,AU,Seasons 1-15,6,AK,3
2,AU,Seasons 1-15,6,Ben,0
2,AU,Seasons 1-15,6,Odette,0
2,AU,Seasons 1-15,6,Jarrad,0
2,AU,Seasons 1-15,6,Anneliese,2
2,AU,Seasons 1-15,6,Henry,8
2,AU,Seasons 1-15,6,Tessa,1
2,AU,Seasons 1-15,6,Sarah,4
2,AU,Seasons 1-15,6,Luke,1
2,AU,Seasons 1-15,6,Ziggy,0
2,AU,Seasons 1-15,6,Locky,5
2,AU,Seasons 1-15,6,Michelle,0
2,AU,Seasons 1-15,6,Peter,2
2,AU,Seasons 1-15,6,Tara,6
2,AU,Seasons 1-15,6,Jericho,0
2,SA,Seasons 1-15,6,Rijesh,8
2,SA,Seasons 1-15,6,Lisa,2
2,SA,Seasons 1-15,6,Irshaad,3
2,SA,Seasons 1-15,6,Hein,5
2,SA,Seasons 1-15,6,Dyke,3
2,SA,Seasons 1-15,6,Angela,6
2,SA,Seasons 1-15,6,Angie,2
2,SA,Seasons 1-15,6,Mandla,8
2,SA,Seasons 1-15,6,Amanda,4
2,SA,Seasons 1-15,6,Grant,8
2,SA,Seasons 1-15,6,Lorette,2
2,UK,Seasons 1-15,6,Helen,0
2,UK,Seasons 1-15,6,Alastair,0
2,UK,Seasons 1-15,6,Drew,1
2,UK,Seasons 1-15,6,Dave,1
2,UK,Seasons 1-15,6,Bridget,1
2,UK,Seasons 1-15,6,John,0
2,UK,Seasons 1-15,6,Susannah,3
2,UK,Seasons 1-15,6,Jonny,0
2,NZ,Seasons 1-15,6,Josh,9
2,NZ,Seasons 1-15,6,JT,2
2,NZ,Seasons 1-15,6,Dylan,8
2,NZ,Seasons 1-15,6,Arun,9
2,NZ,Seasons 1-15,6,Brad,3
2,NZ,Seasons 1-15,6,Renee,10
2,NZ,Seasons 1-15,6,Eve,2
2,NZ,Seasons 1-15,6,Matt,3
2,NZ,Seasons 1-15,6,Adam,6
2,NZ,Seasons 1-15,6,Tara,1
2,NZ,Seasons 1-15,6,Dave,7
2,NZ,Seasons 1-15,6,Tess,3
2,NZ,Seasons 1-15,6,Lisa,0
2,US,Seasons 1-15,7,Jeff,9
2,US,Seasons 1-15,7,Alicia,4
2,US,Seasons 1-15,7,Jerri,7
2,US,Seasons 1-15,7,Nick,3
2,US,Seasons 1-15,7,Amber,1
2,US,Seasons 1-15,7,Rodger,4
2,US,Seasons 1-15,7,Elisabeth,3
2,US,Seasons 1-15,7,Keith,6
2,US,Seasons 1-15,7,Colby,7
2,US,Seasons 1-15,7,Tina,7
2,AU,Seasons 1-15,7,Mark,8
2,AU,Seasons 1-15,7,Jacqui,2
2,AU,Seasons 1-15,7,Kent,2
2,AU,Seasons 1-15,7,AK,1
2,AU,Seasons 1-15,7,Ben,2
2,AU,Seasons 1-15,7,Odette,1
2,AU,Seasons 1-15,7,Jarrad,0
2,AU,Seasons 1-15,7,Anneliese,1
2,AU,Seasons 1-15,7,Henry,7
2,AU,Seasons 1-15,7,Tessa,0
2,AU,Seasons 1-15,7,Sarah,1
2,AU,Seasons 1-15,7,Luke,10
2,AU,Seasons 1-15,7,Ziggy,3
2,AU,Seasons 1-15,7,Locky,2
2,AU,Seasons 1-15,7,Michelle,0
2,AU,Seasons 1-15,7,Peter,0
2,AU,Seasons 1-15,7,Tara,4
2,AU,Seasons 1-15,7,Jericho,0
2,SA,Seasons 1-15,7,Lisa,6
2,SA,Seasons 1-15,7,Irshaad,9
2,SA,Seasons 1-15,7,Hein,3
2,SA,Seasons 1-15,7,Dyke,5
2,SA,Seasons 1-15,7,Angela,3
2,SA,Seasons 1-15,7,Angie,5
2,SA,Seasons 1-15,7,Mandla,6
2,SA,Seasons 1-15,7,Amanda,3
2,SA,Seasons 1-15,7,Grant,4
2,SA,Seasons 1-15,7,Lorette,2
2,UK,Seasons 1-15,7,Alastair,4
2,UK,Seasons 1-15,7,Drew,2
2,UK,Seasons 1-15,7,Dave,2
2,UK,Seasons 1-15,7,Bridget,1
2,UK,Seasons 1-15,7,John,6
2,UK,Seasons 1-15,7,Susannah,4
2,UK,Seasons 1-15,7,Jonny,1
2,NZ,Seasons 1-15,7,JT,8
2,NZ,Seasons 1-15,7,Dylan,8
2,NZ,Seasons 1-15,7,Arun,5
2,NZ,Seasons 1-15,7,Brad,4
2,NZ,Seasons 1-15,7,Renee,2
2,NZ,Seasons 1-15,7,Eve,1
2,NZ,Seasons 1-15,7,Matt,8
2,NZ,Seasons 1-15,7,Adam,5
2,NZ,Seasons 1-15,7,Tara,0
2,NZ,Seasons 1-15,7,Dave,10
2,NZ,Seasons 1-15,7,Tess,3
2,NZ,Seasons 1-15,7,Lisa,9
2,US,Seasons 1-15,8,Alicia,3
2,US,Seasons 1-15,8,Jerri,4
2,US,Seasons 1-15,8,Nick,1
2,US,Seasons 1-15,8,Amber,1
2,US,Seasons 1-15,8,Rodger,3
2,US,Seasons 1-15,8,Elisabeth,11
2,US,Seasons 1-15,8,Keith,3
2,US,Seasons 1-15,8,Colby,4
2,US,Seasons 1-15,8,Tina,3
2,AU,Seasons 1-15,8,Jacqui,1
2,AU,Seasons 1-15,8,Kent,1
2,AU,Seasons 1-15,8,AK,3
2,AU,Seasons 1-15,8,Ben,0
2,AU,Seasons 1-15,8,Odette,0
2,AU,Seasons 1-15,8,Jarrad,0
2,AU,Seasons 1-15,8,Anneliese,5
2,AU,Seasons 1-15,8,Henry,4
2,AU,Seasons 1-15,8,Tessa,0
2,AU,Seasons 1-15,8,Sarah,1
2,AU,Seasons 1-15,8,Luke,7
2,AU,Seasons 1-15,8,Ziggy,3
2,AU,Seasons 1-15,8,Locky,8
2,AU,Seasons 1-15,8,Michelle,2
2,AU,Seasons 1-15,8,Peter,0
2,AU,Seasons 1-15,8,Tara,5
2,AU,Seasons 1-15,8,Jericho,3
2,SA,Seasons 1-15,8,Irshaad,10
2,SA,Seasons 1-15,8,Hein,5
2,SA,Seasons 1-15,8,Dyke,6
2,SA,Seasons 1-15,8,Angela,5
2,SA,Seasons 1-15,8,Angie,6
2,SA,Seasons 1-15,8,Mandla,5
2,SA,Seasons 1-15,8,Amanda,5
2,SA,Seasons 1-15,8,Grant,10
2,SA,Seasons 1-15,8,Lorette,4
2,UK,Seasons 1-15,8,Drew,2
2,UK,Seasons 1-15,8,Dave,3
2,UK,Seasons 1-15,8,Bridget,3
2,UK,Seasons 1-15,8,John,5
2,UK,Seasons 1-15,8,Susannah,6
2,UK,Seasons 1-15,8,Jonny,2
2,NZ,Seasons 1-15,8,Arun,6
2,NZ,Seasons 1-15,8,Brad,6
2,NZ,Seasons 1-15,8,Renee,4
2,NZ,Seasons 1-15,8,Eve,0
2,NZ,Seasons 1-15,8,Matt,5
2,NZ,Seasons 1-15,8,Adam,11
2,NZ,Seasons 1-15,8,Tara,0
2,NZ,Seasons 1-15,8,Dave,10
2,NZ,Seasons 1-15,8,Tess,8
2,NZ,Seasons 1-15,8,Lisa,8
2,AU,Seasons 1-15,9,Jacqui,8
2,AU,Seasons 1-15,9,Kent,3
2,AU,Seasons 1-15,9,AK,3
2,AU,Seasons 1-15,9,Ben,1
2,AU,Seasons 1-15,9,Odette,0
2,AU,Seasons 1-15,9,Jarrad,0
2,AU,Seasons 1-15,9,Anneliese,4
2,AU,Seasons 1-15,9,Henry,3
2,AU,Seasons 1-15,9,Tessa,0
2,AU,Seasons 1-15,9,Sarah,1
2,AU,Seasons 1-15,9,Luke,7
2,AU,Seasons 1-15,9,Ziggy,0
2,AU,Seasons 1-15,9,Locky,3
2,AU,Seasons 1-15,9,Michelle,1
2,AU,Seasons 1-15,9,Peter,0
2,AU,Seasons 1-15,9,Tara,7
2,AU,Seasons 1-15,9,Jericho,0
2,SA,Seasons 1-15,9,Hein,7
2,SA,Seasons 1-15,9,Dyke,6
2,SA,Seasons 1-15,9,Angela,3
2,SA,Seasons 1-15,9,Angie,8
2,SA,Seasons 1-15,9,Mandla,5
2,SA,Seasons 1-15,9,Amanda,3
2,SA,Seasons 1-15,9,Grant,2
2,SA,Seasons 1-15,9,Lorette,3
2,UK,Seasons 1-15,9,Dave,5
2,UK,Seasons 1-15,9,Bridget,3
2,UK,Seasons 1-15,9,John,10
2,UK,Seasons 1-15,9,Susannah,4
2,UK,Seasons 1-15,9,Jonny,3
2,NZ,Seasons 1-15,9,Brad,11
2,NZ,Seasons 1-15,9,Renee,7
2,NZ,Seasons 1-15,9,Eve,0
2,NZ,Seasons 1-15,9,Matt,13
2,NZ,Seasons 1-15,9,Adam,11
2,NZ,Seasons 1-15,9,Tara,0
2,NZ,Seasons 1-15,9,Dave,12
2,NZ,Seasons 1-15,9,Tess,5
2,NZ,Seasons 1-15,9,Lisa,1
2,US,Seasons 1-15,10,Jerri,11
2,US,Seasons 1-15,10,Nick,4
2,US,Seasons 1-15,10,Amber,2
2,US,Seasons 1-15,10,Rodger,0
2,US,Seasons 1-15,10,Elisabeth,1
2,US,Seasons 1-15,10,Keith,3
2,US,Seasons 1-15,10,Colby,5
2,US,Seasons 1-15,10,Tina,2
2,AU,Seasons 1-15,10,Kent,8
2,AU,Seasons 1-15,10,AK,2
2,AU,Seasons 1-15,10,Ben,3
2,AU,Seasons 1-15,10,Odette,0
2,AU,Seasons 1-15,10,Jarrad,0
2,AU,Seasons 1-15,10,Anneliese,4
2,AU,Seasons 1-15,10,Henry,6
2,AU,Seasons 1-15,10,Tessa,1
2,AU,Seasons 1-15,10,Sarah,6
2,AU,Seasons 1-15,10,Luke,4
2,AU,Seasons 1-15,10,Ziggy,2
2,AU,Seasons 1-15,10,Locky,0
2,AU,Seasons 1-15,10,Michelle,7
2,AU,Seasons 1-15,10,Peter,0
2,AU,Seasons 1-15,10,Tara,3
2,AU,Seasons 1-15,10,Jericho,1
2,SA,Seasons 1-15,10,Dyke,5
2,SA,Seasons 1-15,10,Angela,4
2,SA,Seasons 1-15,10,Angie,5
2,SA,Seasons 1-15,10,Mandla,3
2,SA,Seasons 1-15,10,Amanda,5
2,SA,Seasons 1-15,10,Grant,7
2,SA,Seasons 1-15,10,Lorette,4
2,UK,Seasons 1-15,10,Bridget,6
2,UK,Seasons 1-15,10,John,18
2,UK,Seasons 1-15,10,Susannah,10
2,UK,Seasons 1-15,10,Jonny,7
2,NZ,Seasons 1-15,10,Renee,5
2,NZ,Seasons 1-15,10,Eve,0
2,NZ,Seasons 1-15,10,Matt,14
2,NZ,Seasons 1-15,10,Adam,6
2,NZ,Seasons 1-15,10,Tara,2
2,NZ,Seasons 1-15,10,Dave,4
2,NZ,Seasons 1-15,10,Tess,11
2,NZ,Seasons 1-15,10,Lisa,5
2,US,Seasons 1-15,11,Nick,3
2,US,Seasons 1-15,11,Amber,3
2,US,Seasons 1-15,11,Rodger,2
2,US,Seasons 1-15,11,Elisabeth,9
2,US,Seasons 1-15,11,Keith,6
2,US,Seasons 1-15,11,Colby,4
2,US,Seasons 1-15,11,Tina,7
2,AU,Seasons 1-15,11,AK,4
2,AU,Seasons 1-15,11,Ben,0
2,AU,Seasons 1-15,11,Odette,4
2,AU,Seasons 1-15,11,Jarrad,0
2,AU,Seasons 1-15,11,Anneliese,3
2,AU,Seasons 1-15,11,Henry,6
2,AU,Seasons 1-15,11,Tessa,1
2,AU,Seasons 1-15,11,Sarah,1
2,AU,Seasons 1-15,11,Luke,3
2,AU,Seasons 1-15,11,Ziggy,3
2,AU,Seasons 1-15,11,Locky,0
2,AU,Seasons 1-15,11,Michelle,2
2,AU,Seasons 1-15,11,Peter,0
2,AU,Seasons 1-15,11,Tara,1
2,AU,Seasons 1-15,11,Jericho,2
2,SA,Seasons 1-15,11,Angela,6
2,SA,Seasons 1-15,11,Angie,12
2,SA,Seasons 1-15,11,Mandla,9
2,SA,Seasons 1-15,11,Amanda,6
2,SA,Seasons 1-15,11,Grant,8
2,SA,Seasons 1-15,11,Lorette,5
2,UK,Seasons 1-15,11,John,17
2,UK,Seasons 1-15,11,Susannah,12
2,UK,Seasons 1-15,11,Jonny,13
2,NZ,Seasons 1-15,11,Eve,4
2,NZ,Seasons 1-15,11,Matt,15
2,NZ,Seasons 1-15,11,Adam,9
2,NZ,Seasons 1-15,11,Tara,7
2,NZ,Seasons 1-15,11,Dave,6
2,NZ,Seasons 1-15,11,Tess,0
2,NZ,Seasons 1-15,11,Lisa,22
2,US,Seasons 1-15,12,Amber,5
2,US,Seasons 1-15,12,Rodger,5
2,US,Seasons 1-15,12,Elisabeth,8
2,US,Seasons 1-15,12,Keith,5
2,US,Seasons 1-15,12,Colby,9
2,US,Seasons 1-15,12,Tina,6
2,AU,Seasons 1-15,12,AK,14
2,AU,Seasons 1-15,12,Ben,0
2,AU,Seasons 1-15,12,Odette,3
2,AU,Seasons 1-15,12,Jarrad,1
2,AU,Seasons 1-15,12,Anneliese,1
2,AU,Seasons 1-15,12,Henry,0
2,AU,Seasons 1-15,12,Tessa,1
2,AU,Seasons 1-15,12,Sarah,3
2,AU,Seasons 1-15,12,Luke,8
2,AU,Seasons 1-15,12,Ziggy,4
2,AU,Seasons 1-15,12,Locky,4
2,AU,Seasons 1-15,12,Michelle,1
2,AU,Seasons 1-15,12,Peter,3
2,AU,Seasons 1-15,12,Tara,8
2,AU,Seasons 1-15,12,Jericho,2
2,SA,Seasons 1-15,12,Angie,11
2,SA,Seasons 1-15,12,Mandla,7
2,SA,Seasons 1-15,12,Amanda,6
2,SA,Seasons 1-15,12,Grant,8
2,SA,Seasons 1-15,12,Lorette,8
2,UK,Seasons 1-15,12,Susannah,6
2,UK,Seasons 1-15,12,Jonny,4
2,NZ,Seasons 1-15,12,Matt,12
2,NZ,Seasons 1-15,12,Adam,11
2,NZ,Seasons 1-15,12,Tara,4
2,NZ,Seasons 1-15,12,Dave,15
2,NZ,Seasons 1-15,12,Tess,6
2,NZ,Seasons 1-15,12,Lisa,14
2,US,Seasons 1-15,13,Rodger,4
2,US,Seasons 1-15,13,Elisabeth,4
2,US,Seasons 1-15,13,Keith,6
2,US,Seasons 1-15,13,Colby,10
2,US,Seasons 1-15,13,Tina,5
2,AU,Seasons 1-15,13,Ben,5
2,AU,Seasons 1-15,13,Odette,0
2,AU,Seasons 1-15,13,Jarrad,4
2,AU,Seasons 1-15,13,Anneliese,2
2,AU,Seasons 1-15,13,Henry,7
2,AU,Seasons 1-15,13,Tessa,0
2,AU,Seasons 1-15,13,Sarah,2
2,AU,Seasons 1-15,13,Luke,3
2,AU,Seasons 1-15,13,Ziggy,4
2,AU,Seasons 1-15,13,Locky,3
2,AU,Seasons 1-15,13,Michelle,9
2,AU,Seasons 1-15,13,Peter,1
2,AU,Seasons 1-15,13,Tara,2
2,AU,Seasons 1-15,13,Jericho,0
2,SA,Seasons 1-15,13,Mandla,2
2,SA,Seasons 1-15,13,Amanda,5
2,SA,Seasons 1-15,13,Grant,9
2,SA,Seasons 1-15,13,Lorette,7
2,NZ,Seasons 1-15,13,Adam,21
2,NZ,Seasons 1-15,13,Tara,3
2,NZ,Seasons 1-15,13,Dave,8
2,NZ,Seasons 1-15,13,Tess,14
2,NZ,Seasons 1-15,13,Lisa,15
2,US,Seasons 1-15,14,Elisabeth,9
2,US,Seasons 1-15,14,Keith,5
2,US,Seasons 1-15,14,Colby,13
2,US,Seasons 1-15,14,Tina,3
2,AU,Seasons 1-15,14,Odette,2
2,AU,Seasons 1-15,14,Jarrad,0
2,AU,Seasons 1-15,14,Anneliese,0
2,AU,Seasons 1-15,14,Henry,3
2,AU,Seasons 1-15,14,Tessa,0
2,AU,Seasons 1-15,14,Sarah,10
2,AU,Seasons 1-15,14,Luke,8
2,AU,Seasons 1-15,14,Ziggy,0
2,AU,Seasons 1-15,14,Locky,1
2,AU,Seasons 1-15,14,Michelle,3
2,AU,Seasons 1-15,14,Peter,2
2,AU,Seasons 1-15,14,Tara,3
2,AU,Seasons 1-15,14,Jericho,5
2,NZ,Seasons 1-15,14,Tara,13
2,NZ,Seasons 1-15,14,Dave,16
2,NZ,Seasons 1-15,14,Tess,15
2,NZ,Seasons 1-15,14,Lisa,12
2,US,Seasons 1-15,15,Keith,8
2,US,Seasons 1-15,15,Colby,17
2,US,Seasons 1-15,15,Tina,15
2,AU,Seasons 1-15,15,Odette,6
2,AU,Seasons 1-15,15,Jarrad,3
2,AU,Seasons 1-15,15,Anneliese,0
2,AU,Seasons 1-15,15,Henry,1
2,AU,Seasons 1-15,15,Tessa,0
2,AU,Seasons 1-15,15,Sarah,7
2,AU,Seasons 1-15,15,Luke,7
2,AU,Seasons 1-15,15,Ziggy,0
2,AU,Seasons 1-15,15,Locky,0
2,AU,Seasons 1-15,15,Michelle,0
2,AU,Seasons 1-15,15,Peter,3
2,AU,Seasons 1-15,15,Tara,4
2,AU,Seasons 1-15,15,Jericho,5
2,AU,Seasons 1-15,16,Jarrad,7
2,AU,Seasons 1-15,16,Anneliese,2
2,AU,Seasons 1-15,16,Henry,4
2,AU,Seasons 1-15,16,Tessa,6
2,AU,Seasons 1-15,16,Sarah,5
2,AU,Seasons 1-15,16,Luke,2
2,AU,Seasons 1-15,16,Ziggy,1
2,AU,Seasons 1-15,16,Locky,2
2,AU,Seasons 1-15,16,Michelle,6
2,AU,Seasons 1-15,16,Peter,1
2,AU,Seasons 1-15,16,Tara,1
2,AU,Seasons 1-15,16,Jericho,6
2,AU,Seasons 1-15,17,Anneliese,12
2,AU,Seasons 1-15,17,Henry,10
2,AU,Seasons 1-15,17,Tessa,1
2,AU,Seasons 1-15,17,Sarah,0
2,AU,Seasons 1-15,17,Luke,3
2,AU,Seasons 1-15,17,Ziggy,7
2,AU,Seasons 1-15,17,Locky,6
2,AU,Seasons 1-15,17,Michelle,0
2,AU,Seasons 1-15,17,Peter,2
2,AU,Seasons 1-15,17,Tara,1
2,AU,Seasons 1-15,17,Jericho,2
2,AU,Seasons 1-15,18,Henry,13
2,AU,Seasons 1-15,18,Tessa,9
2,AU,Seasons 1-15,18,Sarah,2
2,AU,Seasons 1-15,18,Luke,6
2,AU,Seasons 1-15,18,Ziggy,1
2,AU,Seasons 1-15,18,Locky,3
2,AU,Seasons 1-15,18,Michelle,3
2,AU,Seasons 1-15,18,Peter,1
2,AU,Seasons 1-15,18,Tara,1
2,AU,Seasons 1-15,18,Jericho,3
2,AU,Seasons 1-15,19,Tessa,4
2,AU,Seasons 1-15,19,Sarah,2
2,AU,Seasons 1-15,19,Luke,7
2,AU,Seasons 1-15,19,Ziggy,3
2,AU,Seasons 1-15,19,Locky,1
2,AU,Seasons 1-15,19,Michelle,7
2,AU,Seasons 1-15,19,Peter,0
2,AU,Seasons 1-15,19,Tara,3
2,AU,Seasons 1-15,19,Jericho,1
2,AU,Seasons 1-15,20,Sarah,11
2,AU,Seasons 1-15,20,Luke,9
2,AU,Seasons 1-15,20,Ziggy,6
2,AU,Seasons 1-15,20,Locky,5
2,AU,Seasons 1-15,20,Michelle,9
2,AU,Seasons 1-15,20,Peter,1
2,AU,Seasons 1-15,20,Tara,1
2,AU,Seasons 1-15,20,Jericho,2
2,AU,Seasons 1-15,21,Luke,8
2,AU,Seasons 1-15,21,Ziggy,4
2,AU,Seasons 1-15,21,Locky,5
2,AU,Seasons 1-15,21,Michelle,6
2,AU,Seasons 1-15,21,Peter,1
2,AU,Seasons 1-15,21,Tara,11
2,AU,Seasons 1-15,21,Jericho,3
2,AU,Seasons 1-15,22,Ziggy,3
2,AU,Seasons 1-15,22,Locky,7
2,AU,Seasons 1-15,22,Michelle,1
2,AU,Seasons 1-15,22,Peter,8
2,AU,Seasons 1-15,22,Tara,4
2,AU,Seasons 1-15,22,Jericho,3
2,AU,Seasons 1-15,23,Locky,12
2,AU,Seasons 1-15,23,Michelle,7
2,AU,Seasons 1-15,23,Peter,3
2,AU,Seasons 1-15,23,Tara,8
2,AU,Seasons 1-15,23,Jericho,8
2,AU,Seasons 1-15,24,Michelle,5
2,AU,Seasons 1-15,24,Peter,5
2,AU,Seasons 1-15,24,Tara,7
2,AU,Seasons 1-15,24,Jericho,10
2,AU,Seasons 1-15,25,Michelle,6
2,AU,Seasons 1-15,25,Peter,4
2,AU,Seasons 1-15,25,Tara,7
2,AU,Seasons 1-15,25,Jericho,7
2,AU,Seasons 1-15,26,Peter,2
2,AU,Seasons 1-15,26,Tara,5
2,AU,Seasons 1-15,26,Jericho,8
3,US,Seasons 1-15,1,Diane,1
3,US,Seasons 1-15,1,Jessie,1
3,US,Seasons 1-15,1,Carl,0
3,US,Seasons 1-15,1,Linda,1
3,US,Seasons 1-15,1,Silas,0
3,US,Seasons 1-15,1,Lindsey,3
3,US,Seasons 1-15,1,Clarence,1
3,US,Seasons 1-15,1,Kelly,0
3,US,Seasons 1-15,1,Brandon,2
3,US,Seasons 1-15,1,Frank,3
3,US,Seasons 1-15,1,Kim P.,3
3,US,Seasons 1-15,1,Teresa,1
3,US,Seasons 1-15,1,Tom,3
3,US,Seasons 1-15,1,Lex,1
3,US,Seasons 1-15,1,Kim J.,1
3,US,Seasons 1-15,1,Ethan,4
3,AU,Seasons 1-15,1,Matt,8
3,AU,Seasons 1-15,1,Damien,2
3,AU,Seasons 1-15,1,Steve K.,5
3,AU,Seasons 1-15,1,Jenna,1
3,AU,Seasons 1-15,1,Moana,1
3,AU,Seasons 1-15,1,Tegan,2
3,AU,Seasons 1-15,1,Anita,4
3,AU,Seasons 1-15,1,Zach,5
3,AU,Seasons 1-15,1,Paige,1
3,AU,Seasons 1-15,1,Jackie,0
3,AU,Seasons 1-15,1,Heath,1
3,AU,Seasons 1-15,1,Lydia,1
3,AU,Seasons 1-15,1,Robbie,2
3,AU,Seasons 1-15,1,Samuel,3
3,AU,Seasons 1-15,1,Mat,3
3,AU,Seasons 1-15,1,Benji,0
3,AU,Seasons 1-15,1,Steve W.,3
3,AU,Seasons 1-15,1,Fenella,1
3,AU,Seasons 1-15,1,Monika,1
3,AU,Seasons 1-15,1,Shonee,1
3,AU,Seasons 1-15,1,Brian,1
3,AU,Seasons 1-15,1,Sharn,0
3,AU,Seasons 1-15,1,Shane,2
3,AU,Seasons 1-15,1,Russell,8
3,SA,Seasons 1-15,1,Christina,2
3,SA,Seasons 1-15,1,Garth,2
3,SA,Seasons 1-15,1,Jub Jub,5
3,SA,Seasons 1-15,1,Cindy,0
3,SA,Seasons 1-15,1,Craig,3
3,SA,Seasons 1-15,1,Lady Lea,3
3,SA,Seasons 1-15,1,Darren,1
3,SA,Seasons 1-15,1,Sandi,2
3,SA,Seasons 1-15,1,Hanna,1
3,SA,Seasons 1-15,1,Louw,0
3,SA,Seasons 1-15,1,Okkert,2
3,SA,Seasons 1-15,1,Gys,0
3,SA,Seasons 1-15,1,Izak,0
3,SA,Seasons 1-15,1,Kaseran,2
3,SA,Seasons 1-15,1,Sade,4
3,SA,Seasons 1-15,1,ProVerb,1
3,SA,Seasons 1-15,1,Ashley,2
3,SA,Seasons 1-15,1,GiGi,3
3,UK,Seasons 1-15,1,Ashleigh,1
3,UK,Seasons 1-15,1,Christopher,1
3,UK,Seasons 1-15,1,Doug,1
3,UK,Seasons 1-15,1,Hannah,1
3,UK,Seasons 1-15,1,Jess,5
3,UK,Seasons 1-15,1,Laurence,1
3,UK,Seasons 1-15,1,Lee,2
3,UK,Seasons 1-15,1,Leilani,3
3,UK,Seasons 1-15,1,Matthew,0
3,UK,Seasons 1-15,1,Nathan,2
3,UK,Seasons 1-15,1,Pegleg,2
3,UK,Seasons 1-15,1,Rach,0
3,UK,Seasons 1-15,1,Rachel,1
3,UK,Seasons 1-15,1,Ren,1
3,UK,Seasons 1-15,1,Richard,5
3,UK,Seasons 1-15,1,Sabrina,1
3,UK,Seasons 1-15,1,Shai,2
3,UK,Seasons 1-15,1,Tinuke,3
3,US,Seasons 1-15,2,Jessie,3
3,US,Seasons 1-15,2,Carl,4
3,US,Seasons 1-15,2,Linda,0
3,US,Seasons 1-15,2,Silas,3
3,US,Seasons 1-15,2,Lindsey,6
3,US,Seasons 1-15,2,Clarence,7
3,US,Seasons 1-15,2,Kelly,4
3,US,Seasons 1-15,2,Brandon,2
3,US,Seasons 1-15,2,Frank,4
3,US,Seasons 1-15,2,Kim P.,2
3,US,Seasons 1-15,2,Teresa,2
3,US,Seasons 1-15,2,Tom,2
3,US,Seasons 1-15,2,Lex,3
3,US,Seasons 1-15,2,Kim J.,2
3,US,Seasons 1-15,2,Ethan,2
3,AU,Seasons 1-15,2,Damien,0
3,AU,Seasons 1-15,2,Steve K.,2
3,AU,Seasons 1-15,2,Jenna,3
3,AU,Seasons 1-15,2,Moana,4
3,AU,Seasons 1-15,2,Tegan,3
3,AU,Seasons 1-15,2,Anita,0
3,AU,Seasons 1-15,2,Zach,1
3,AU,Seasons 1-15,2,Paige,0
3,AU,Seasons 1-15,2,Jackie,3
3,AU,Seasons 1-15,2,Heath,0
3,AU,Seasons 1-15,2,Lydia,0
3,AU,Seasons 1-15,2,Robbie,2
3,AU,Seasons 1-15,2,Samuel,3
3,AU,Seasons 1-15,2,Mat,3
3,AU,Seasons 1-15,2,Benji,0
3,AU,Seasons 1-15,2,Steve W.,0
3,AU,Seasons 1-15,2,Fenella,0
3,AU,Seasons 1-15,2,Monika,0
3,AU,Seasons 1-15,2,Shonee,0
3,AU,Seasons 1-15,2,Brian,0
3,AU,Seasons 1-15,2,Sharn,3
3,AU,Seasons 1-15,2,Shane,2
3,AU,Seasons 1-15,2,Russell,12
3,SA,Seasons 1-15,2,Jub Jub,4
3,SA,Seasons 1-15,2,Cindy,3
3,SA,Seasons 1-15,2,Craig,1
3,SA,Seasons 1-15,2,Lady Lea,0
3,SA,Seasons 1-15,2,Darren,3
3,SA,Seasons 1-15,2,Sandi,1
3,SA,Seasons 1-15,2,Hanna,0
3,SA,Seasons 1-15,2,Louw,1
3,SA,Seasons 1-15,2,Okkert,0
3,SA,Seasons 1-15,2,Gys,3
3,SA,Seasons 1-15,2,Izak,1
3,SA,Seasons 1-15,2,Kaseran,1
3,SA,Seasons 1-15,2,Sade,2
3,SA,Seasons 1-15,2,ProVerb,2
3,SA,Seasons 1-15,2,Ashley,3
3,SA,Seasons 1-15,2,GiGi,0
3,UK,Seasons 1-15,2,Ashleigh,6
3,UK,Seasons 1-15,2,Christopher,2
3,UK,Seasons 1-15,2,Doug,7
3,UK,Seasons 1-15,2,Hannah,1
3,UK,Seasons 1-15,2,Jess,1
3,UK,Seasons 1-15,2,Laurence,0
3,UK,Seasons 1-15,2,Lee,1
3,UK,Seasons 1-15,2,Leilani,2
3,UK,Seasons 1-15,2,Matthew,4
3,UK,Seasons 1-15,2,Nathan,3
3,UK,Seasons 1-15,2,Pegleg,2
3,UK,Seasons 1-15,2,Rach,6
3,UK,Seasons 1-15,2,Rachel,1
3,UK,Seasons 1-15,2,Ren,1
3,UK,Seasons 1-15,2,Sabrina,5
3,UK,Seasons 1-15,2,Shai,1
3,UK,Seasons 1-15,2,Tinuke,2
3,US,Seasons 1-15,3,Carl,5
3,US,Seasons 1-15,3,Linda,1
3,US,Seasons 1-15,3,Silas,3
3,US,Seasons 1-15,3,Lindsey,5
3,US,Seasons 1-15,3,Clarence,2
3,US,Seasons 1-15,3,Kelly,0
3,US,Seasons 1-15,3,Brandon,3
3,US,Seasons 1-15,3,Frank,3
3,US,Seasons 1-15,3,Kim P.,5
3,US,Seasons 1-15,3,Teresa,1
3,US,Seasons 1-15,3,Tom,4
3,US,Seasons 1-15,3,Lex,1
3,US,Seasons 1-15,3,Kim J.,2
3,US,Seasons 1-15,3,Ethan,2
3,AU,Seasons 1-15,3,Damien,4
3,AU,Seasons 1-15,3,Steve K.,0
3,AU,Seasons 1-15,3,Jenna,0
3,AU,Seasons 1-15,3,Moana,8
3,AU,Seasons 1-15,3,Tegan,0
3,AU,Seasons 1-15,3,Anita,0
3,AU,Seasons 1-15,3,Zach,0
3,AU,Seasons 1-15,3,Paige,0
3,AU,Seasons 1-15,3,Jackie,7
3,AU,Seasons 1-15,3,Heath,3
3,AU,Seasons 1-15,3,Lydia,1
3,AU,Seasons 1-15,3,Robbie,2
3,AU,Seasons 1-15,3,Samuel,3
3,AU,Seasons 1-15,3,Mat,2
3,AU,Seasons 1-15,3,Benji,0
3,AU,Seasons 1-15,3,Steve W.,4
3,AU,Seasons 1-15,3,Fenella,1
3,AU,Seasons 1-15,3,Monika,0
3,AU,Seasons 1-15,3,Shonee,0
3,AU,Seasons 1-15,3,Brian,0
3,AU,Seasons 1-15,3,Sharn,2
3,AU,Seasons 1-15,3,Shane,0
3,SA,Seasons 1-15,3,Craig,6
3,SA,Seasons 1-15,3,Lady Lea,1
3,SA,Seasons 1-15,3,Darren,6
3,SA,Seasons 1-15,3,Sandi,2
3,SA,Seasons 1-15,3,Hanna,1
3,SA,Seasons 1-15,3,Louw,2
3,SA,Seasons 1-15,3,Okkert,4
3,SA,Seasons 1-15,3,Gys,1
3,SA,Seasons 1-15,3,Izak,1
3,SA,Seasons 1-15,3,Kaseran,0
3,SA,Seasons 1-15,3,Sade,3
3,SA,Seasons 1-15,3,ProVerb,1
3,SA,Seasons 1-15,3,Ashley,0
3,SA,Seasons 1-15,3,GiGi,4
3,UK,Seasons 1-15,3,Ashleigh,5
3,UK,Seasons 1-15,3,Christopher,4
3,UK,Seasons 1-15,3,Doug,2
3,UK,Seasons 1-15,3,Hannah,1
3,UK,Seasons 1-15,3,Jess,1
3,UK,Seasons 1-15,3,Laurence,3
3,UK,Seasons 1-15,3,Lee,5
3,UK,Seasons 1-15,3,Leilani,1
3,UK,Seasons 1-15,3,Matthew,0
3,UK,Seasons 1-15,3,Nathan,1
3,UK,Seasons 1-15,3,Pegleg,1
3,UK,Seasons 1-15,3,Rach,2
3,UK,Seasons 1-15,3,Rachel,0
3,UK,Seasons 1-15,3,Ren,6
3,UK,Seasons 1-15,3,Shai,0
3,UK,Seasons 1-15,3,Tinuke,1
3,US,Seasons 1-15,4,Linda,7
3,US,Seasons 1-15,4,Silas,7
3,US,Seasons 1-15,4,Lindsey,5
3,US,Seasons 1-15,4,Clarence,6
3,US,Seasons 1-15,4,Kelly,1
3,US,Seasons 1-15,4,Brandon,2
3,US,Seasons 1-15,4,Frank,7
3,US,Seasons 1-15,4,Kim P.,3
3,US,Seasons 1-15,4,Teresa,1
3,US,Seasons 1-15,4,Tom,2
3,US,Seasons 1-15,4,Lex,3
3,US,Seasons 1-15,4,Kim J.,1
3,US,Seasons 1-15,4,Ethan,5
3,AU,Seasons 1-15,4,Steve K.,5
3,AU,Seasons 1-15,4,Jenna,3
3,AU,Seasons 1-15,4,Moana,3
3,AU,Seasons 1-15,4,Tegan,1
3,AU,Seasons 1-15,4,Anita,3
3,AU,Seasons 1-15,4,Zach,7
3,AU,Seasons 1-15,4,Paige,4
3,AU,Seasons 1-15,4,Jackie,0
3,AU,Seasons 1-15,4,Heath,0
3,AU,Seasons 1-15,4,Lydia,0
3,AU,Seasons 1-15,4,Robbie,1
3,AU,Seasons 1-15,4,Samuel,0
3,AU,Seasons 1-15,4,Mat,2
3,AU,Seasons 1-15,4,Benji,0
3,AU,Seasons 1-15,4,Steve W.,0
3,AU,Seasons 1-15,4,Fenella,0
3,AU,Seasons 1-15,4,Monika,0
3,AU,Seasons 1-15,4,Shonee,4
3,AU,Seasons 1-15,4,Brian,1
3,AU,Seasons 1-15,4,Sharn,0
3,AU,Seasons 1-15,4,Shane,0
3,SA,Seasons 1-15,4,Lady Lea,5
3,SA,Seasons 1-15,4,Darren,7
3,SA,Seasons 1-15,4,Sandi,0
3,SA,Seasons 1-15,4,Hanna,3
3,SA,Seasons 1-15,4,Louw,2
3,SA,Seasons 1-15,4,Okkert,3
3,SA,Seasons 1-15,4,Gys,3
3,SA,Seasons 1-15,4,Izak,1
3,SA,Seasons 1-15,4,Kaseran,0
3,SA,Seasons 1-15,4,Sade,2
3,SA,Seasons 1-15,4,ProVerb,2
3,SA,Seasons 1-15,4,Ashley,1
3,SA,Seasons 1-15,4,GiGi,1
3,UK,Seasons 1-15,4,Ashleigh,4
3,UK,Seasons 1-15,4,Christopher,1
3,UK,Seasons 1-15,4,Doug,7
3,UK,Seasons 1-15,4,Hannah,2
3,UK,Seasons 1-15,4,Jess,5
3,UK,Seasons 1-15,4,Laurence,3
3,UK,Seasons 1-15,4,Lee,4
3,UK,Seasons 1-15,4,Leilani,4
3,UK,Seasons 1-15,4,Matthew,4
3,UK,Seasons 1-15,4,Nathan,4
3,UK,Seasons 1-15,4,Pegleg,3
3,UK,Seasons 1-15,4,Rachel,4
3,UK,Seasons 1-15,4,Ren,2
3,UK,Seasons 1-15,4,Shai,4
3,UK,Seasons 1-15,4,Tinuke,6
3,US,Seasons 1-15,5,Silas,6
3,US,Seasons 1-15,5,Lindsey,4
3,US,Seasons 1-15,5,Clarence,1
3,US,Seasons 1-15,5,Kelly,4
3,US,Seasons 1-15,5,Brandon,3
3,US,Seasons 1-15,5,Frank,3
3,US,Seasons 1-15,5,Kim P.,1
3,US,Seasons 1-15,5,Teresa,2
3,US,Seasons 1-15,5,Tom,5
3,US,Seasons 1-15,5,Lex,3
3,US,Seasons 1-15,5,Kim J.,2
3,US,Seasons 1-15,5,Ethan,5
3,AU,Seasons 1-15,5,Jenna,7
3,AU,Seasons 1-15,5,Moana,1
3,AU,Seasons 1-15,5,Tegan,0
3,AU,Seasons 1-15,5,Anita,2
3,AU,Seasons 1-15,5,Zach,7
3,AU,Seasons 1-15,5,Paige,4
3,AU,Seasons 1-15,5,Jackie,0
3,AU,Seasons 1-15,5,Heath,0
3,AU,Seasons 1-15,5,Lydia,2
3,AU,Seasons 1-15,5,Robbie,2
3,AU,Seasons 1-15,5,Samuel,0
3,AU,Seasons 1-15,5,Mat,3
3,AU,Seasons 1-15,5,Benji,0
3,AU,Seasons 1-15,5,Steve W.,2
3,AU,Seasons 1-15,5,Fenella,0
3,AU,Seasons 1-15,5,Monika,0
3,AU,Seasons 1-15,5,Shonee,0
3,AU,Seasons 1-15,5,Brian,1
3,AU,Seasons 1-15,5,Sharn,1
3,AU,Seasons 1-15,5,Shane,1
3,SA,Seasons 1-15,5,Darren,7
3,SA,Seasons 1-15,5,Sandi,1
3,SA,Seasons 1-15,5,Hanna,5
3,SA,Seasons 1-15,5,Louw,5
3,SA,Seasons 1-15,5,Okkert,3
3,SA,Seasons 1-15,5,Gys,6
3,SA,Seasons 1-15,5,Izak,0
3,SA,Seasons 1-15,5,Kaseran,2
3,SA,Seasons 1-15,5,Sade,7
3,SA,Seasons 1-15,5,ProVerb,4
3,SA,Seasons 1-15,5,Ashley,2
3,SA,Seasons 1-15,5,GiGi,0
3,UK,Seasons 1-15,5,Ashleigh,2
3,UK,Seasons 1-15,5,Christopher,3
3,UK,Seasons 1-15,5,Doug,1
3,UK,Seasons 1-15,5,Hannah,0
3,UK,Seasons 1-15,5,Jess,9
3,UK,Seasons 1-15,5,Laurence,5
3,UK,Seasons 1-15,5,Lee,3
3,UK,Seasons 1-15,5,Leilani,7
3,UK,Seasons 1-15,5,Matthew,5
3,UK,Seasons 1-15,5,Nathan,5
3,UK,Seasons 1-15,5,Pegleg,3
3,UK,Seasons 1-15,5,Rachel,6
3,UK,Seasons 1-15,5,Ren,1
3,UK,Seasons 1-15,5,Shai,2
3,UK,Seasons 1-15,5,Tinuke,2
3,US,Seasons 1-15,6,Lindsey,10
3,US,Seasons 1-15,6,Clarence,6
3,US,Seasons 1-15,6,Kelly,3
3,US,Seasons 1-15,6,Brandon,4
3,US,Seasons 1-15,6,Frank,4
3,US,Seasons 1-15,6,Kim P.,2
3,US,Seasons 1-15,6,Teresa,1
3,US,Seasons 1-15,6,Tom,1
3,US,Seasons 1-15,6,Lex,4
3,US,Seasons 1-15,6,Kim J.,2
3,US,Seasons 1-15,6,Ethan,6
3,AU,Seasons 1-15,6,Moana,4
3,AU,Seasons 1-15,6,Tegan,1
3,AU,Seasons 1-15,6,Anita,4
3,AU,Seasons 1-15,6,Zach,3
3,AU,Seasons 1-15,6,Paige,2
3,AU,Seasons 1-15,6,Jackie,4
3,AU,Seasons 1-15,6,Heath,0
3,AU,Seasons 1-15,6,Lydia,1
3,AU,Seasons 1-15,6,Robbie,0
3,AU,Seasons 1-15,6,Samuel,2
3,AU,Seasons 1-15,6,Mat,6
3,AU,Seasons 1-15,6,Benji,0
3,AU,Seasons 1-15,6,Steve W.,0
3,AU,Seasons 1-15,6,Fenella,0
3,AU,Seasons 1-15,6,Monika,0
3,AU,Seasons 1-15,6,Shonee,0
3,AU,Seasons 1-15,6,Brian,1
3,AU,Seasons 1-15,6,Sharn,3
3,AU,Seasons 1-15,6,Shane,5
3,SA,Seasons 1-15,6,Sandi,5
3,SA,Seasons 1-15,6,Hanna,2
3,SA,Seasons 1-15,6,Louw,3
3,SA,Seasons 1-15,6,Okkert,5
3,SA,Seasons 1-15,6,Gys,2
3,SA,Seasons 1-15,6,Izak,0
3,SA,Seasons 1-15,6,Kaseran,4
3,SA,Seasons 1-15,6,Sade,3
3,SA,Seasons 1-15,6,ProVerb,4
3,SA,Seasons 1-15,6,Ashley,1
3,SA,Seasons 1-15,6,GiGi,4
3,UK,Seasons 1-15,6,Ashleigh,5
3,UK,Seasons 1-15,6,Christopher,3
3,UK,Seasons 1-15,6,Doug,10
3,UK,Seasons 1-15,6,Hannah,2
3,UK,Seasons 1-15,6,Jess,6
3,UK,Seasons 1-15,6,Laurence,0
3,UK,Seasons 1-15,6,Lee,3
3,UK,Seasons 1-15,6,Leilani,3
3,UK,Seasons 1-15,6,Matthew,6
3,UK,Seasons 1-15,6,Nathan,2
3,UK,Seasons 1-15,6,Pegleg,4
3,UK,Seasons 1-15,6,Ren,3
3,UK,Seasons 1-15,6,Shai,1
3,UK,Seasons 1-15,6,Tinuke,6
3,US,Seasons 1-15,7,Clarence,3
3,US,Seasons 1-15,7,Kelly,6
3,US,Seasons 1-15,7,Brandon,6
3,US,Seasons 1-15,7,Frank,7
3,US,Seasons 1-15,7,Kim P.,2
3,US,Seasons 1-15,7,Teresa,1
3,US,Seasons 1-15,7,Tom,4
3,US,Seasons 1-15,7,Lex,4
3,US,Seasons 1-15,7,Kim J.,3
3,US,Seasons 1-15,7,Ethan,0
3,AU,Seasons 1-15,7,Tegan,6
3,AU,Seasons 1-15,7,Anita,0
3,AU,Seasons 1-15,7,Zach,1
3,AU,Seasons 1-15,7,Paige,0
3,AU,Seasons 1-15,7,Jackie,0
3,AU,Seasons 1-15,7,Heath,3
3,AU,Seasons 1-15,7,Lydia,1
3,AU,Seasons 1-15,7,Robbie,0
3,AU,Seasons 1-15,7,Samuel,0
3,AU,Seasons 1-15,7,Mat,0
3,AU,Seasons 1-15,7,Benji,8
3,AU,Seasons 1-15,7,Steve W.,0
3,AU,Seasons 1-15,7,Fenella,0
3,AU,Seasons 1-15,7,Monika,0
3,AU,Seasons 1-15,7,Shonee,1
3,AU,Seasons 1-15,7,Brian,0
3,AU,Seasons 1-15,7,Sharn,3
3,AU,Seasons 1-15,7,Shane,0
3,SA,Seasons 1-15,7,Hanna,4
3,SA,Seasons 1-15,7,Louw,1
3,SA,Seasons 1-15,7,Okkert,2
3,SA,Seasons 1-15,7,Gys,0
3,SA,Seasons 1-15,7,Izak,1
3,SA,Seasons 1-15,7,Kaseran,3
3,SA,Seasons 1-15,7,Sade,4
3,SA,Seasons 1-15,7,ProVerb,4
3,SA,Seasons 1-15,7,Ashley,5
3,SA,Seasons 1-15,7,GiGi,0
3,UK,Seasons 1-15,7,Ashleigh,1
3,UK,Seasons 1-15,7,Christopher,8
3,UK,Seasons 1-15,7,Doug,10
3,UK,Seasons 1-15,7,Hannah,3
3,UK,Seasons 1-15,7,Jess,6
3,UK,Seasons 1-15,7,Laurence,5
3,UK,Seasons 1-15,7,Lee,2
3,UK,Seasons 1-15,7,Leilani,0
3,UK,Seasons 1-15,7,Matthew,2
3,UK,Seasons 1-15,7,Nathan,5
3,UK,Seasons 1-15,7,Pegleg,2
3,UK,Seasons 1-15,7,Shai,4
3,UK,Seasons 1-15,7,Tinuke,4
3,AU,Seasons 1-15,8,Tegan,3
3,AU,Seasons 1-15,8,Anita,2
3,AU,Seasons 1-15,8,Zach,1
3,AU,Seasons 1-15,8,Paige,1
3,AU,Seasons 1-15,8,Jackie,0
3,AU,Seasons 1-15,8,Heath,5
3,AU,Seasons 1-15,8,Lydia,3
3,AU,Seasons 1-15,8,Robbie,0
3,AU,Seasons 1-15,8,Samuel,0
3,AU,Seasons 1-15,8,Mat,5
3,AU,Seasons 1-15,8,Benji,6
3,AU,Seasons 1-15,8,Steve W.,2
3,AU,Seasons 1-15,8,Fenella,0
3,AU,Seasons 1-15,8,Monika,1
3,AU,Seasons 1-15,8,Shonee,0
3,AU,Seasons 1-15,8,Brian,1
3,AU,Seasons 1-15,8,Sharn,0
3,AU,Seasons 1-15,8,Shane,0
3,SA,Seasons 1-15,8,Louw,4
3,SA,Seasons 1-15,8,Okkert,5
3,SA,Seasons 1-15,8,Gys,1
3,SA,Seasons 1-15,8,Izak,3
3,SA,Seasons 1-15,8,Kaseran,3
3,SA,Seasons 1-15,8,Sade,5
3,SA,Seasons 1-15,8,ProVerb,1
3,SA,Seasons 1-15,8,Ashley,5
3,SA,Seasons 1-15,8,GiGi,1
3,UK,Seasons 1-15,8,Ashleigh,3
3,UK,Seasons 1-15,8,Christopher,6
3,UK,Seasons 1-15,8,Doug,7
3,UK,Seasons 1-15,8,Hannah,3
3,UK,Seasons 1-15,8,Laurence,8
3,UK,Seasons 1-15,8,Lee,3
3,UK,Seasons 1-15,8,Leilani,4
3,UK,Seasons 1-15,8,Matthew,2
3,UK,Seasons 1-15,8,Nathan,10
3,UK,Seasons 1-15,8,Pegleg,6
3,UK,Seasons 1-15,8,Shai,9
3,UK,Seasons 1-15,8,Tinuke,4
3,US,Seasons 1-15,9,Kelly,5
3,US,Seasons 1-15,9,Brandon,2
3,US,Seasons 1-15,9,Frank,1
3,US,Seasons 1-15,9,Kim P.,2
3,US,Seasons 1-15,9,Teresa,6
3,US,Seasons 1-15,9,Tom,4
3,US,Seasons 1-15,9,Lex,14
3,US,Seasons 1-15,9,Kim J.,1
3,US,Seasons 1-15,9,Ethan,9
3,AU,Seasons 1-15,9,Tegan,10
3,AU,Seasons 1-15,9,Anita,2
3,AU,Seasons 1-15,9,Zach,1
3,AU,Seasons 1-15,9,Paige,0
3,AU,Seasons 1-15,9,Jackie,0
3,AU,Seasons 1-15,9,Heath,0
3,AU,Seasons 1-15,9,Lydia,0
3,AU,Seasons 1-15,9,Robbie,0
3,AU,Seasons 1-15,9,Samuel,0
3,AU,Seasons 1-15,9,Mat,0
3,AU,Seasons 1-15,9,Benji,4
3,AU,Seasons 1-15,9,Steve W.,0
3,AU,Seasons 1-15,9,Fenella,0
3,AU,Seasons 1-15,9,Monika,0
3,AU,Seasons 1-15,9,Shonee,1
3,AU,Seasons 1-15,9,Brian,0
3,AU,Seasons 1-15,9,Sharn,0
3,AU,Seasons 1-15,9,Shane,0
3,SA,Seasons 1-15,9,Okkert,9
3,SA,Seasons 1-15,9,Gys,2
3,SA,Seasons 1-15,9,Izak,2
3,SA,Seasons 1-15,9,Kaseran,7
3,SA,Seasons 1-15,9,Sade,2
3,SA,Seasons 1-15,9,ProVerb,2
3,SA,Seasons 1-15,9,Ashley,7
3,SA,Seasons 1-15,9,GiGi,1
3,UK,Seasons 1-15,9,Ashleigh,8
3,UK,Seasons 1-15,9,Christopher,6
3,UK,Seasons 1-15,9,Doug,5
3,UK,Seasons 1-15,9,Hannah,2
3,UK,Seasons 1-15,9,Laurence,4
3,UK,Seasons 1-15,9,Lee,8
3,UK,Seasons 1-15,9,Leilani,2
3,UK,Seasons 1-15,9,Matthew,2
3,UK,Seasons 1-15,9,Nathan,6
3,UK,Seasons 1-15,9,Pegleg,3
3,UK,Seasons 1-15,9,Tinuke,4
3,US,Seasons 1-15,10,Brandon,5
3,US,Seasons 1-15,10,Frank,5
3,US,Seasons 1-15,10,Kim P.,4
3,US,Seasons 1-15,10,Teresa,0
3,US,Seasons 1-15,10,Tom,9
3,US,Seasons 1-15,10,Lex,5
3,US,Seasons 1-15,10,Kim J.,2
3,US,Seasons 1-15,10,Ethan,4
3,AU,Seasons 1-15,10,Tegan,4
3,AU,Seasons 1-15,10,Paige,0
3,AU,Seasons 1-15,10,Jackie,2
3,AU,Seasons 1-15,10,Heath,1
3,AU,Seasons 1-15,10,Lydia,0
3,AU,Seasons 1-15,10,Robbie,1
3,AU,Seasons 1-15,10,Samuel,0
3,AU,Seasons 1-15,10,Mat,2
3,AU,Seasons 1-15,10,Benji,13
3,AU,Seasons 1-15,10,Steve W.,0
3,AU,Seasons 1-15,10,Fenella,4
3,AU,Seasons 1-15,10,Monika,2
3,AU,Seasons 1-15,10,Shonee,10
3,AU,Seasons 1-15,10,Brian,1
3,AU,Seasons 1-15,10,Sharn,0
3,AU,Seasons 1-15,10,Shane,0
3,SA,Seasons 1-15,10,Gys,7
3,SA,Seasons 1-15,10,Izak,3
3,SA,Seasons 1-15,10,Kaseran,4
3,SA,Seasons 1-15,10,Sade,9
3,SA,Seasons 1-15,10,ProVerb,4
3,SA,Seasons 1-15,10,Ashley,4
3,SA,Seasons 1-15,10,GiGi,8
3,UK,Seasons 1-15,10,Ashleigh,9
3,UK,Seasons 1-15,10,Christopher,7
3,UK,Seasons 1-15,10,Doug,5
3,UK,Seasons 1-15,10,Hannah,0
3,UK,Seasons 1-15,10,Laurence,2
3,UK,Seasons 1-15,10,Leilani,1
3,UK,Seasons 1-15,10,Matthew,4
3,UK,Seasons 1-15,10,Nathan,4
3,UK,Seasons 1-15,10,Pegleg,5
3,UK,Seasons 1-15,10,Tinuke,8
3,US,Seasons 1-15,11,Frank,3
3,US,Seasons 1-15,11,Kim P.,10
3,US,Seasons 1-15,11,Teresa,3
3,US,Seasons 1-15,11,Tom,3
3,US,Seasons 1-15,11,Lex,9
3,US,Seasons 1-15,11,Kim J.,5
3,US,Seasons 1-15,11,Ethan,8
3,AU,Seasons 1-15,11,Tegan,4
3,AU,Seasons 1-15,11,Jackie,5
3,AU,Seasons 1-15,11,Heath,0
3,AU,Seasons 1-15,11,Lydia,4
3,AU,Seasons 1-15,11,Robbie,1
3,AU,Seasons 1-15,11,Samuel,1
3,AU,Seasons 1-15,11,Mat,7
3,AU,Seasons 1-15,11,Benji,0
3,AU,Seasons 1-15,11,Steve W.,0
3,AU,Seasons 1-15,11,Fenella,0
3,AU,Seasons 1-15,11,Monika,0
3,AU,Seasons 1-15,11,Shonee,1
3,AU,Seasons 1-15,11,Brian,0
3,AU,Seasons 1-15,11,Sharn,0
3,AU,Seasons 1-15,11,Shane,1
3,SA,Seasons 1-15,11,Izak,7
3,SA,Seasons 1-15,11,Kaseran,10
3,SA,Seasons 1-15,11,Sade,3
3,SA,Seasons 1-15,11,ProVerb,4
3,SA,Seasons 1-15,11,Ashley,11
3,SA,Seasons 1-15,11,GiGi,2
3,UK,Seasons 1-15,11,Christopher,11
3,UK,Seasons 1-15,11,Doug,7
3,UK,Seasons 1-15,11,Hannah,4
3,UK,Seasons 1-15,11,Laurence,2
3,UK,Seasons 1-15,11,Leilani,2
3,UK,Seasons 1-15,11,Matthew,4
3,UK,Seasons 1-15,11,Nathan,4
3,UK,Seasons 1-15,11,Pegleg,2
3,UK,Seasons 1-15,11,Tinuke,10
3,US,Seasons 1-15,12,Kim P.,0
3,US,Seasons 1-15,12,Teresa,2
3,US,Seasons 1-15,12,Tom,12
3,US,Seasons 1-15,12,Lex,10
3,US,Seasons 1-15,12,Kim J.,3
3,US,Seasons 1-15,12,Ethan,3
3,AU,Seasons 1-15,12,Tegan,3
3,AU,Seasons 1-15,12,Heath,0
3,AU,Seasons 1-15,12,Lydia,2
3,AU,Seasons 1-15,12,Robbie,2
3,AU,Seasons 1-15,12,Samuel,0
3,AU,Seasons 1-15,12,Mat,4
3,AU,Seasons 1-15,12,Benji,4
3,AU,Seasons 1-15,12,Steve W.,0
3,AU,Seasons 1-15,12,Fenella,1
3,AU,Seasons 1-15,12,Monika,0
3,AU,Seasons 1-15,12,Shonee,0
3,AU,Seasons 1-15,12,Brian,4
3,AU,Seasons 1-15,12,Sharn,2
3,AU,Seasons 1-15,12,Shane,3
3,SA,Seasons 1-15,12,Kaseran,10
3,SA,Seasons 1-15,12,Sade,2
3,SA,Seasons 1-15,12,ProVerb,4
3,SA,Seasons 1-15,12,Ashley,10
3,SA,Seasons 1-15,12,GiGi,5
3,UK,Seasons 1-15,12,Christopher,9
3,UK,Seasons 1-15,12,Hannah,4
3,UK,Seasons 1-15,12,Laurence,4
3,UK,Seasons 1-15,12,Leilani,2
3,UK,Seasons 1-15,12,Matthew,10
3,UK,Seasons 1-15,12,Nathan,3
3,UK,Seasons 1-15,12,Pegleg,3
3,UK,Seasons 1-15,12,Tinuke,9
3,US,Seasons 1-15,13,Teresa,9
3,US,Seasons 1-15,13,Tom,5
3,US,Seasons 1-15,13,Lex,16
3,US,Seasons 1-15,13,Kim J.,6
3,US,Seasons 1-15,13,Ethan,10
3,AU,Seasons 1-15,13,Heath,4
3,AU,Seasons 1-15,13,Lydia,0
3,AU,Seasons 1-15,13,Robbie,1
3,AU,Seasons 1-15,13,Samuel,0
3,AU,Seasons 1-15,13,Mat,2
3,AU,Seasons 1-15,13,Benji,3
3,AU,Seasons 1-15,13,Steve W.,1
3,AU,Seasons 1-15,13,Fenella,5
3,AU,Seasons 1-15,13,Monika,0
3,AU,Seasons 1-15,13,Shonee,2
3,AU,Seasons 1-15,13,Brian,2
3,AU,Seasons 1-15,13,Sharn,3
3,AU,Seasons 1-15,13,Shane,0
3,SA,Seasons 1-15,13,Sade,2
3,SA,Seasons 1-15,13,ProVerb,5
3,SA,Seasons 1-15,13,Ashley,8
3,SA,Seasons 1-15,13,GiGi,7
3,UK,Seasons 1-15,13,Christopher,18
3,UK,Seasons 1-15,13,Hannah,4
3,UK,Seasons 1-15,13,Laurence,4
3,UK,Seasons 1-15,13,Leilani,3
3,UK,Seasons 1-15,13,Matthew,17
3,UK,Seasons 1-15,13,Nathan,11
3,UK,Seasons 1-15,13,Pegleg,3
3,US,Seasons 1-15,14,Tom,4
3,US,Seasons 1-15,14,Lex,11
3,US,Seasons 1-15,14,Kim J.,9
3,US,Seasons 1-15,14,Ethan,10
3,AU,Seasons 1-15,14,Lydia,3
3,AU,Seasons 1-15,14,Robbie,1
3,AU,Seasons 1-15,14,Samuel,4
3,AU,Seasons 1-15,14,Mat,4
3,AU,Seasons 1-15,14,Benji,3
3,AU,Seasons 1-15,14,Steve W.,1
3,AU,Seasons 1-15,14,Fenella,1
3,AU,Seasons 1-15,14,Monika,0
3,AU,Seasons 1-15,14,Shonee,3
3,AU,Seasons 1-15,14,Brian,0
3,AU,Seasons 1-15,14,Sharn,1
3,AU,Seasons 1-15,14,Shane,2
3,UK,Seasons 1-15,14,Christopher,8
3,UK,Seasons 1-15,14,Hannah,7
3,UK,Seasons 1-15,14,Leilani,2
3,UK,Seasons 1-15,14,Matthew,5
3,UK,Seasons 1-15,14,Nathan,11
3,UK,Seasons 1-15,14,Pegleg,4
3,AU,Seasons 1-15,15,Robbie,0
3,AU,Seasons 1-15,15,Samuel,3
3,AU,Seasons 1-15,15,Mat,1
3,AU,Seasons 1-15,15,Benji,7
3,AU,Seasons 1-15,15,Steve W.,0
3,AU,Seasons 1-15,15,Fenella,1
3,AU,Seasons 1-15,15,Monika,0
3,AU,Seasons 1-15,15,Shonee,3
3,AU,Seasons 1-15,15,Brian,0
3,AU,Seasons 1-15,15,Sharn,3
3,AU,Seasons 1-15,15,Shane,0
3,UK,Seasons 1-15,15,Christopher,10
3,UK,Seasons 1-15,15,Hannah,12
3,UK,Seasons 1-15,15,Leilani,10
3,UK,Seasons 1-15,15,Matthew,10
3,UK,Seasons 1-15,15,Pegleg,13
3,AU,Seasons 1-15,16,Samuel,7
3,AU,Seasons 1-15,16,Mat,7
3,AU,Seasons 1-15,16,Benji,7
3,AU,Seasons 1-15,16,Steve W.,2
3,AU,Seasons 1-15,16,Fenella,2
3,AU,Seasons 1-15,16,Monika,1
3,AU,Seasons 1-15,16,Shonee,0
3,AU,Seasons 1-15,16,Brian,1
3,AU,Seasons 1-15,16,Sharn,0
3,AU,Seasons 1-15,16,Shane,0
3,UK,Seasons 1-15,16,Christopher,9
3,UK,Seasons 1-15,16,Hannah,3
3,UK,Seasons 1-15,16,Leilani,7
3,UK,Seasons 1-15,16,Matthew,5
3,AU,Seasons 1-15,17,Mat,6
3,AU,Seasons 1-15,17,Benji,6
3,AU,Seasons 1-15,17,Steve W.,0
3,AU,Seasons 1-15,17,Fenella,1
3,AU,Seasons 1-15,17,Monika,0
3,AU,Seasons 1-15,17,Shonee,1
3,AU,Seasons 1-15,17,Brian,3
3,AU,Seasons 1-15,17,Sharn,5
3,AU,Seasons 1-15,17,Shane,0
3,AU,Seasons 1-15,18,Benji,10
3,AU,Seasons 1-15,18,Steve W.,1
3,AU,Seasons 1-15,18,Fenella,0
3,AU,Seasons 1-15,18,Monika,1
3,AU,Seasons 1-15,18,Shonee,3
3,AU,Seasons 1-15,18,Brian,4
3,AU,Seasons 1-15,18,Sharn,5
3,AU,Seasons 1-15,18,Shane,3
3,AU,Seasons 1-15,19,Steve W.,1
3,AU,Seasons 1-15,19,Fenella,0
3,AU,Seasons 1-15,19,Monika,4
3,AU,Seasons 1-15,19,Shonee,0
3,AU,Seasons 1-15,19,Brian,6
3,AU,Seasons 1-15,19,Sharn,4
3,AU,Seasons 1-15,19,Shane,7
3,AU,Seasons 1-15,20,Steve W.,7
3,AU,Seasons 1-15,20,Fenella,0
3,AU,Seasons 1-15,20,Monika,2
3,AU,Seasons 1-15,20,Shonee,1
3,AU,Seasons 1-15,20,Brian,7
3,AU,Seasons 1-15,20,Sharn,8
3,AU,Seasons 1-15,20,Shane,3
3,AU,Seasons 1-15,21,Fenella,5
3,AU,Seasons 1-15,21,Monika,0
3,AU,Seasons 1-15,21,Shonee,5
3,AU,Seasons 1-15,21,Brian,4
3,AU,Seasons 1-15,21,Sharn,6
3,AU,Seasons 1-15,21,Shane,6
3,AU,Seasons 1-15,22,Monika,3
3,AU,Seasons 1-15,22,Shonee,5
3,AU,Seasons 1-15,22,Brian,7
3,AU,Seasons 1-15,22,Sharn,6
3,AU,Seasons 1-15,22,Shane,4
3,AU,Seasons 1-15,23,Shonee,6
3,AU,Seasons 1-15,23,Brian,6
3,AU,Seasons 1-15,23,Sharn,5
3,AU,Seasons 1-15,23,Shane,7
3,AU,Seasons 1-15,24,Brian,3
3,AU,Seasons 1-15,24,Sharn,1
3,AU,Seasons 1-15,24,Shane,3
4,US,Seasons 1-15,1,Peter,4
4,US,Seasons 1-15,1,Patricia,3
4,US,Seasons 1-15,1,Hunter,2
4,US,Seasons 1-15,1,Sarah,2
4,US,Seasons 1-15,1,Gabriel,2
4,US,Seasons 1-15,1,Gina,6
4,US,Seasons 1-15,1,Boston Rob,5
4,US,Seasons 1-15,1,John,5
4,US,Seasons 1-15,1,Zoe,1
4,US,Seasons 1-15,1,Tammy,3
4,US,Seasons 1-15,1,Robert,3
4,US,Seasons 1-15,1,Sean,6
4,US,Seasons 1-15,1,Paschal,2
4,US,Seasons 1-15,1,Kathy,3
4,US,Seasons 1-15,1,Neleh,2
4,US,Seasons 1-15,1,Vecepia,2
4,AU,Seasons 1-15,1,Luke,8
4,AU,Seasons 1-15,1,Anastasia,6
4,AU,Seasons 1-15,1,Laura,0
4,AU,Seasons 1-15,1,Susie,0
4,AU,Seasons 1-15,1,Nova,5
4,AU,Seasons 1-15,1,Steven,6
4,AU,Seasons 1-15,1,ET,1
4,AU,Seasons 1-15,1,Sam,0
4,AU,Seasons 1-15,1,Sarah,1
4,AU,Seasons 1-15,1,Hannah,0
4,AU,Seasons 1-15,1,Casey,0
4,AU,Seasons 1-15,1,Matt,0
4,AU,Seasons 1-15,1,Ross,1
4,AU,Seasons 1-15,1,Andy,8
4,AU,Seasons 1-15,1,Shaun,1
4,AU,Seasons 1-15,1,David,0
4,AU,Seasons 1-15,1,John,2
4,AU,Seasons 1-15,1,Daisy,3
4,AU,Seasons 1-15,1,Simon,0
4,AU,Seasons 1-15,1,Janine,1
4,AU,Seasons 1-15,1,Abbey,1
4,AU,Seasons 1-15,1,Harry,0
4,AU,Seasons 1-15,1,Baden,0
4,AU,Seasons 1-15,1,Pia,4
4,SA,Seasons 1-15,1,Lukhanyo,9
4,SA,Seasons 1-15,1,Philicity,3
4,SA,Seasons 1-15,1,Tshepo,7
4,SA,Seasons 1-15,1,Tasleem,3
4,SA,Seasons 1-15,1,Carmel,4
4,SA,Seasons 1-15,1,Jacques,1
4,SA,Seasons 1-15,1,Sindi,1
4,SA,Seasons 1-15,1,Vanessa,3
4,SA,Seasons 1-15,1,Roxy,3
4,SA,Seasons 1-15,1,Harry,2
4,SA,Seasons 1-15,1,Simon,8
4,SA,Seasons 1-15,1,Malusi,3
4,SA,Seasons 1-15,1,Tejan,3
4,SA,Seasons 1-15,1,Sean,3
4,SA,Seasons 1-15,1,Alison,4
4,SA,Seasons 1-15,1,Mxo,1
4,SA,Seasons 1-15,1,Bonnie,2
4,SA,Seasons 1-15,1,Letshego,3
4,SA,Seasons 1-15,1,Hykie,7
4,US,Seasons 1-15,2,Patricia,3
4,US,Seasons 1-15,2,Hunter,5
4,US,Seasons 1-15,2,Sarah,2
4,US,Seasons 1-15,2,Gabriel,3
4,US,Seasons 1-15,2,Gina,4
4,US,Seasons 1-15,2,Boston Rob,4
4,US,Seasons 1-15,2,John,6
4,US,Seasons 1-15,2,Zoe,0
4,US,Seasons 1-15,2,Tammy,2
4,US,Seasons 1-15,2,Robert,2
4,US,Seasons 1-15,2,Sean,4
4,US,Seasons 1-15,2,Paschal,1
4,US,Seasons 1-15,2,Kathy,4
4,US,Seasons 1-15,2,Neleh,2
4,US,Seasons 1-15,2,Vecepia,4
4,AU,Seasons 1-15,2,Luke,9
4,AU,Seasons 1-15,2,Laura,5
4,AU,Seasons 1-15,2,Susie,1
4,AU,Seasons 1-15,2,Nova,0
4,AU,Seasons 1-15,2,Steven,0
4,AU,Seasons 1-15,2,ET,4
4,AU,Seasons 1-15,2,Sam,0
4,AU,Seasons 1-15,2,Sarah,0
4,AU,Seasons 1-15,2,Hannah,0
4,AU,Seasons 1-15,2,Casey,0
4,AU,Seasons 1-15,2,Matt,5
4,AU,Seasons 1-15,2,Ross,0
4,AU,Seasons 1-15,2,Andy,6
4,AU,Seasons 1-15,2,Shaun,1
4,AU,Seasons 1-15,2,David,3
4,AU,Seasons 1-15,2,John,0
4,AU,Seasons 1-15,2,Daisy,1
4,AU,Seasons 1-15,2,Simon,0
4,AU,Seasons 1-15,2,Janine,0
4,AU,Seasons 1-15,2,Abbey,1
4,AU,Seasons 1-15,2,Harry,3
4,AU,Seasons 1-15,2,Baden,2
4,AU,Seasons 1-15,2,Pia,2
4,SA,Seasons 1-15,2,Philicity,3
4,SA,Seasons 1-15,2,Tshepo,1
4,SA,Seasons 1-15,2,Tasleem,2
4,SA,Seasons 1-15,2,Carmel,0
4,SA,Seasons 1-15,2,Jacques,2
4,SA,Seasons 1-15,2,Sindi,0
4,SA,Seasons 1-15,2,Vanessa,2
4,SA,Seasons 1-15,2,Roxy,2
4,SA,Seasons 1-15,2,Harry,2
4,SA,Seasons 1-15,2,Simon,3
4,SA,Seasons 1-15,2,Malusi,0
4,SA,Seasons 1-15,2,Tejan,0
4,SA,Seasons 1-15,2,Sean,2
4,SA,Seasons 1-15,2,Alison,1
4,SA,Seasons 1-15,2,Mxo,1
4,SA,Seasons 1-15,2,Bonnie,2
4,SA,Seasons 1-15,2,Letshego,0
4,SA,Seasons 1-15,2,Hykie,0
4,US,Seasons 1-15,3,Hunter,6
4,US,Seasons 1-15,3,Sarah,0
4,US,Seasons 1-15,3,Gabriel,4
4,US,Seasons 1-15,3,Gina,3
4,US,Seasons 1-15,3,Boston Rob,3
4,US,Seasons 1-15,3,John,5
4,US,Seasons 1-15,3,Zoe,1
4,US,Seasons 1-15,3,Tammy,4
4,US,Seasons 1-15,3,Robert,3
4,US,Seasons 1-15,3,Sean,2
4,US,Seasons 1-15,3,Paschal,2
4,US,Seasons 1-15,3,Kathy,4
4,US,Seasons 1-15,3,Neleh,3
4,US,Seasons 1-15,3,Vecepia,4
4,AU,Seasons 1-15,3,Luke,10
4,AU,Seasons 1-15,3,Susie,4
4,AU,Seasons 1-15,3,Nova,3
4,AU,Seasons 1-15,3,Steven,0
4,AU,Seasons 1-15,3,ET,0
4,AU,Seasons 1-15,3,Sam,0
4,AU,Seasons 1-15,3,Sarah,0
4,AU,Seasons 1-15,3,Hannah,0
4,AU,Seasons 1-15,3,Casey,0
4,AU,Seasons 1-15,3,Matt,0
4,AU,Seasons 1-15,3,Ross,1
4,AU,Seasons 1-15,3,Andy,1
4,AU,Seasons 1-15,3,Shaun,3
4,AU,Seasons 1-15,3,David,3
4,AU,Seasons 1-15,3,John,2
4,AU,Seasons 1-15,3,Daisy,3
4,AU,Seasons 1-15,3,Simon,0
4,AU,Seasons 1-15,3,Janine,5
4,AU,Seasons 1-15,3,Abbey,3
4,AU,Seasons 1-15,3,Harry,1
4,AU,Seasons 1-15,3,Baden,1
4,AU,Seasons 1-15,3,Pia,0
4,SA,Seasons 1-15,3,Tshepo,3
4,SA,Seasons 1-15,3,Tasleem,1
4,SA,Seasons 1-15,3,Carmel,2
4,SA,Seasons 1-15,3,Jacques,1
4,SA,Seasons 1-15,3,Sindi,0
4,SA,Seasons 1-15,3,Vanessa,0
4,SA,Seasons 1-15,3,Roxy,2
4,SA,Seasons 1-15,3,Harry,8
4,SA,Seasons 1-15,3,Simon,2
4,SA,Seasons 1-15,3,Malusi,0
4,SA,Seasons 1-15,3,Tejan,1
4,SA,Seasons 1-15,3,Sean,0
4,SA,Seasons 1-15,3,Alison,2
4,SA,Seasons 1-15,3,Mxo,0
4,SA,Seasons 1-15,3,Bonnie,0
4,SA,Seasons 1-15,3,Letshego,2
4,SA,Seasons 1-15,3,Hykie,1
4,US,Seasons 1-15,4,Sarah,3
4,US,Seasons 1-15,4,Gabriel,1
4,US,Seasons 1-15,4,Gina,11
4,US,Seasons 1-15,4,Boston Rob,3
4,US,Seasons 1-15,4,John,0
4,US,Seasons 1-15,4,Zoe,0
4,US,Seasons 1-15,4,Tammy,3
4,US,Seasons 1-15,4,Robert,0
4,US,Seasons 1-15,4,Sean,2
4,US,Seasons 1-15,4,Paschal,4
4,US,Seasons 1-15,4,Kathy,8
4,US,Seasons 1-15,4,Neleh,2
4,US,Seasons 1-15,4,Vecepia,2
4,AU,Seasons 1-15,4,Luke,2
4,AU,Seasons 1-15,4,Nova,3
4,AU,Seasons 1-15,4,Steven,5
4,AU,Seasons 1-15,4,ET,0
4,AU,Seasons 1-15,4,Sam,0
4,AU,Seasons 1-15,4,Sarah,6
4,AU,Seasons 1-15,4,Hannah,0
4,AU,Seasons 1-15,4,Casey,0
4,AU,Seasons 1-15,4,Matt,0
4,AU,Seasons 1-15,4,Ross,3
4,AU,Seasons 1-15,4,Andy,0
4,AU,Seasons 1-15,4,Shaun,1
4,AU,Seasons 1-15,4,David,1
4,AU,Seasons 1-15,4,John,0
4,AU,Seasons 1-15,4,Daisy,0
4,AU,Seasons 1-15,4,Simon,0
4,AU,Seasons 1-15,4,Janine,4
4,AU,Seasons 1-15,4,Abbey,4
4,AU,Seasons 1-15,4,Harry,0
4,AU,Seasons 1-15,4,Baden,0
4,AU,Seasons 1-15,4,Pia,2
4,SA,Seasons 1-15,4,Tasleem,2
4,SA,Seasons 1-15,4,Carmel,3
4,SA,Seasons 1-15,4,Jacques,1
4,SA,Seasons 1-15,4,Sindi,2
4,SA,Seasons 1-15,4,Vanessa,3
4,SA,Seasons 1-15,4,Roxy,2
4,SA,Seasons 1-15,4,Harry,2
4,SA,Seasons 1-15,4,Simon,1
4,SA,Seasons 1-15,4,Malusi,1
4,SA,Seasons 1-15,4,Tejan,3
4,SA,Seasons 1-15,4,Sean,1
4,SA,Seasons 1-15,4,Alison,2
4,SA,Seasons 1-15,4,Mxo,1
4,SA,Seasons 1-15,4,Bonnie,2
4,SA,Seasons 1-15,4,Letshego,4
4,SA,Seasons 1-15,4,Hykie,1
4,US,Seasons 1-15,5,Gabriel,3
4,US,Seasons 1-15,5,Gina,8
4,US,Seasons 1-15,5,Boston Rob,2
4,US,Seasons 1-15,5,John,8
4,US,Seasons 1-15,5,Zoe,0
4,US,Seasons 1-15,5,Tammy,1
4,US,Seasons 1-15,5,Robert,3
4,US,Seasons 1-15,5,Sean,4
4,US,Seasons 1-15,5,Paschal,2
4,US,Seasons 1-15,5,Kathy,5
4,US,Seasons 1-15,5,Neleh,4
4,US,Seasons 1-15,5,Vecepia,1
4,AU,Seasons 1-15,5,Luke,2
4,AU,Seasons 1-15,5,Steven,4
4,AU,Seasons 1-15,5,ET,2
4,AU,Seasons 1-15,5,Sam,0
4,AU,Seasons 1-15,5,Sarah,0
4,AU,Seasons 1-15,5,Hannah,0
4,AU,Seasons 1-15,5,Casey,0
4,AU,Seasons 1-15,5,Matt,0
4,AU,Seasons 1-15,5,Ross,4
4,AU,Seasons 1-15,5,Andy,0
4,AU,Seasons 1-15,5,Shaun,5
4,AU,Seasons 1-15,5,David,13
4,AU,Seasons 1-15,5,John,0
4,AU,Seasons 1-15,5,Daisy,1
4,AU,Seasons 1-15,5,Simon,0
4,AU,Seasons 1-15,5,Janine,5
4,AU,Seasons 1-15,5,Abbey,3
4,AU,Seasons 1-15,5,Harry,0
4,AU,Seasons 1-15,5,Baden,0
4,AU,Seasons 1-15,5,Pia,3
4,SA,Seasons 1-15,5,Carmel,5
4,SA,Seasons 1-15,5,Jacques,4
4,SA,Seasons 1-15,5,Sindi,1
4,SA,Seasons 1-15,5,Vanessa,0
4,SA,Seasons 1-15,5,Roxy,1
4,SA,Seasons 1-15,5,Harry,2
4,SA,Seasons 1-15,5,Simon,2
4,SA,Seasons 1-15,5,Malusi,1
4,SA,Seasons 1-15,5,Tejan,8
4,SA,Seasons 1-15,5,Sean,0
4,SA,Seasons 1-15,5,Alison,3
4,SA,Seasons 1-15,5,Mxo,2
4,SA,Seasons 1-15,5,Bonnie,4
4,SA,Seasons 1-15,5,Letshego,1
4,SA,Seasons 1-15,5,Hykie,2
4,US,Seasons 1-15,6,Gina,7
4,US,Seasons 1-15,6,Boston Rob,7
4,US,Seasons 1-15,6,John,6
4,US,Seasons 1-15,6,Zoe,0
4,US,Seasons 1-15,6,Tammy,3
4,US,Seasons 1-15,6,Robert,2
4,US,Seasons 1-15,6,Sean,2
4,US,Seasons 1-15,6,Paschal,3
4,US,Seasons 1-15,6,Kathy,6
4,US,Seasons 1-15,6,Neleh,2
4,US,Seasons 1-15,6,Vecepia,0
4,AU,Seasons 1-15,6,Luke,3
4,AU,Seasons 1-15,6,ET,9
4,AU,Seasons 1-15,6,Sam,0
4,AU,Seasons 1-15,6,Sarah,0
4,AU,Seasons 1-15,6,Hannah,0
4,AU,Seasons 1-15,6,Casey,0
4,AU,Seasons 1-15,6,Matt,0
4,AU,Seasons 1-15,6,Ross,4
4,AU,Seasons 1-15,6,Andy,0
4,AU,Seasons 1-15,6,Shaun,3
4,AU,Seasons 1-15,6,David,8
4,AU,Seasons 1-15,6,John,4
4,AU,Seasons 1-15,6,Daisy,2
4,AU,Seasons 1-15,6,Simon,0
4,AU,Seasons 1-15,6,Janine,1
4,AU,Seasons 1-15,6,Abbey,7
4,AU,Seasons 1-15,6,Harry,0
4,AU,Seasons 1-15,6,Baden,1
4,AU,Seasons 1-15,6,Pia,3
4,SA,Seasons 1-15,6,Jacques,1
4,SA,Seasons 1-15,6,Sindi,2
4,SA,Seasons 1-15,6,Vanessa,4
4,SA,Seasons 1-15,6,Roxy,7
4,SA,Seasons 1-15,6,Harry,4
4,SA,Seasons 1-15,6,Simon,2
4,SA,Seasons 1-15,6,Malusi,7
4,SA,Seasons 1-15,6,Tejan,6
4,SA,Seasons 1-15,6,Sean,0
4,SA,Seasons 1-15,6,Alison,4
4,SA,Seasons 1-15,6,Mxo,1
4,SA,Seasons 1-15,6,Bonnie,6
4,SA,Seasons 1-15,6,Letshego,1
4,SA,Seasons 1-15,6,Hykie,4
4,US,Seasons 1-15,7,Boston Rob,8
4,US,Seasons 1-15,7,John,0
4,US,Seasons 1-15,7,Zoe,0
4,US,Seasons 1-15,7,Tammy,1
4,US,Seasons 1-15,7,Robert,1
4,US,Seasons 1-15,7,Sean,1
4,US,Seasons 1-15,7,Paschal,1
4,US,Seasons 1-15,7,Kathy,13
4,US,Seasons 1-15,7,Neleh,0
4,US,Seasons 1-15,7,Vecepia,0
4,AU,Seasons 1-15,7,Luke,3
4,AU,Seasons 1-15,7,Sam,0
4,AU,Seasons 1-15,7,Sarah,0
4,AU,Seasons 1-15,7,Hannah,0
4,AU,Seasons 1-15,7,Casey,0
4,AU,Seasons 1-15,7,Matt,0
4,AU,Seasons 1-15,7,Ross,0
4,AU,Seasons 1-15,7,Andy,8
4,AU,Seasons 1-15,7,Shaun,1
4,AU,Seasons 1-15,7,David,9
4,AU,Seasons 1-15,7,John,0
4,AU,Seasons 1-15,7,Daisy,5
4,AU,Seasons 1-15,7,Simon,1
4,AU,Seasons 1-15,7,Janine,3
4,AU,Seasons 1-15,7,Abbey,1
4,AU,Seasons 1-15,7,Harry,3
4,AU,Seasons 1-15,7,Baden,3
4,AU,Seasons 1-15,7,Pia,0
4,SA,Seasons 1-15,7,Vanessa,2
4,SA,Seasons 1-15,7,Roxy,4
4,SA,Seasons 1-15,7,Harry,3
4,SA,Seasons 1-15,7,Simon,2
4,SA,Seasons 1-15,7,Malusi,1
4,SA,Seasons 1-15,7,Tejan,4
4,SA,Seasons 1-15,7,Sean,0
4,SA,Seasons 1-15,7,Alison,2
4,SA,Seasons 1-15,7,Mxo,3
4,SA,Seasons 1-15,7,Bonnie,4
4,SA,Seasons 1-15,7,Letshego,1
4,SA,Seasons 1-15,7,Hykie,3
4,US,Seasons 1-15,8,John,4
4,US,Seasons 1-15,8,Zoe,1
4,US,Seasons 1-15,8,Tammy,1
4,US,Seasons 1-15,8,Robert,2
4,US,Seasons 1-15,8,Sean,6
4,US,Seasons 1-15,8,Paschal,6
4,US,Seasons 1-15,8,Kathy,13
4,US,Seasons 1-15,8,Neleh,2
4,US,Seasons 1-15,8,Vecepia,2
4,AU,Seasons 1-15,8,Luke,1
4,AU,Seasons 1-15,8,Sarah,10
4,AU,Seasons 1-15,8,Hannah,0
4,AU,Seasons 1-15,8,Casey,3
4,AU,Seasons 1-15,8,Matt,1
4,AU,Seasons 1-15,8,Ross,2
4,AU,Seasons 1-15,8,Andy,2
4,AU,Seasons 1-15,8,Shaun,1
4,AU,Seasons 1-15,8,David,10
4,AU,Seasons 1-15,8,John,1
4,AU,Seasons 1-15,8,Daisy,0
4,AU,Seasons 1-15,8,Simon,0
4,AU,Seasons 1-15,8,Janine,2
4,AU,Seasons 1-15,8,Abbey,1
4,AU,Seasons 1-15,8,Harry,9
4,AU,Seasons 1-15,8,Baden,0
4,AU,Seasons 1-15,8,Pia,2
4,SA,Seasons 1-15,8,Simon,5
4,SA,Seasons 1-15,8,Malusi,3
4,SA,Seasons 1-15,8,Tejan,2
4,SA,Seasons 1-15,8,Sean,2
4,SA,Seasons 1-15,8,Alison,4
4,SA,Seasons 1-15,8,Mxo,1
4,SA,Seasons 1-15,8,Bonnie,5
4,SA,Seasons 1-15,8,Letshego,2
4,SA,Seasons 1-15,8,Hykie,0
4,AU,Seasons 1-15,9,Luke,1
4,AU,Seasons 1-15,9,Hannah,0
4,AU,Seasons 1-15,9,Casey,1
4,AU,Seasons 1-15,9,Matt,0
4,AU,Seasons 1-15,9,Ross,0
4,AU,Seasons 1-15,9,Andy,2
4,AU,Seasons 1-15,9,Shaun,3
4,AU,Seasons 1-15,9,David,6
4,AU,Seasons 1-15,9,John,1
4,AU,Seasons 1-15,9,Daisy,2
4,AU,Seasons 1-15,9,Simon,0
4,AU,Seasons 1-15,9,Janine,10
4,AU,Seasons 1-15,9,Abbey,2
4,AU,Seasons 1-15,9,Harry,9
4,AU,Seasons 1-15,9,Baden,1
4,AU,Seasons 1-15,9,Pia,2
4,SA,Seasons 1-15,9,Malusi,6
4,SA,Seasons 1-15,9,Tejan,5
4,SA,Seasons 1-15,9,Sean,2
4,SA,Seasons 1-15,9,Alison,3
4,SA,Seasons 1-15,9,Mxo,2
4,SA,Seasons 1-15,9,Bonnie,1
4,SA,Seasons 1-15,9,Letshego,1
4,SA,Seasons 1-15,9,Hykie,4
4,US,Seasons 1-15,10,Zoe,3
4,US,Seasons 1-15,10,Tammy,9
4,US,Seasons 1-15,10,Robert,4
4,US,Seasons 1-15,10,Sean,11
4,US,Seasons 1-15,10,Paschal,8
4,US,Seasons 1-15,10,Kathy,0
4,US,Seasons 1-15,10,Neleh,4
4,US,Seasons 1-15,10,Vecepia,1
4,AU,Seasons 1-15,10,Luke,1
4,AU,Seasons 1-15,10,Hannah,2
4,AU,Seasons 1-15,10,Casey,0
4,AU,Seasons 1-15,10,Matt,0
4,AU,Seasons 1-15,10,Ross,0
4,AU,Seasons 1-15,10,Andy,2
4,AU,Seasons 1-15,10,Shaun,12
4,AU,Seasons 1-15,10,David,8
4,AU,Seasons 1-15,10,John,0
4,AU,Seasons 1-15,10,Daisy,2
4,AU,Seasons 1-15,10,Simon,2
4,AU,Seasons 1-15,10,Janine,2
4,AU,Seasons 1-15,10,Abbey,0
4,AU,Seasons 1-15,10,Harry,1
4,AU,Seasons 1-15,10,Baden,0
4,AU,Seasons 1-15,10,Pia,0
4,SA,Seasons 1-15,10,Tejan,6
4,SA,Seasons 1-15,10,Sean,2
4,SA,Seasons 1-15,10,Alison,8
4,SA,Seasons 1-15,10,Mxo,1
4,SA,Seasons 1-15,10,Bonnie,2
4,SA,Seasons 1-15,10,Letshego,3
4,SA,Seasons 1-15,10,Hykie,3
4,US,Seasons 1-15,11,Tammy,5
4,US,Seasons 1-15,11,Robert,4
4,US,Seasons 1-15,11,Sean,9
4,US,Seasons 1-15,11,Paschal,7
4,US,Seasons 1-15,11,Kathy,6
4,US,Seasons 1-15,11,Neleh,6
4,US,Seasons 1-15,11,Vecepia,1
4,AU,Seasons 1-15,11,Luke,4
4,AU,Seasons 1-15,11,Casey,4
4,AU,Seasons 1-15,11,Matt,1
4,AU,Seasons 1-15,11,Ross,1
4,AU,Seasons 1-15,11,Andy,2
4,AU,Seasons 1-15,11,Shaun,6
4,AU,Seasons 1-15,11,David,14
4,AU,Seasons 1-15,11,John,2
4,AU,Seasons 1-15,11,Daisy,8
4,AU,Seasons 1-15,11,Simon,0
4,AU,Seasons 1-15,11,Janine,6
4,AU,Seasons 1-15,11,Abbey,3
4,AU,Seasons 1-15,11,Harry,7
4,AU,Seasons 1-15,11,Baden,1
4,AU,Seasons 1-15,11,Pia,1
4,SA,Seasons 1-15,11,Sean,8
4,SA,Seasons 1-15,11,Alison,5
4,SA,Seasons 1-15,11,Mxo,4
4,SA,Seasons 1-15,11,Bonnie,0
4,SA,Seasons 1-15,11,Letshego,5
4,SA,Seasons 1-15,11,Hykie,3
4,US,Seasons 1-15,12,Robert,4
4,US,Seasons 1-15,12,Sean,1
4,US,Seasons 1-15,12,Paschal,3
4,US,Seasons 1-15,12,Kathy,6
4,US,Seasons 1-15,12,Neleh,1
4,US,Seasons 1-15,12,Vecepia,2
4,AU,Seasons 1-15,12,Luke,2
4,AU,Seasons 1-15,12,Matt,4
4,AU,Seasons 1-15,12,Ross,0
4,AU,Seasons 1-15,12,Andy,3
4,AU,Seasons 1-15,12,Shaun,3
4,AU,Seasons 1-15,12,David,3
4,AU,Seasons 1-15,12,John,2
4,AU,Seasons 1-15,12,Daisy,2
4,AU,Seasons 1-15,12,Simon,0
4,AU,Seasons 1-15,12,Janine,5
4,AU,Seasons 1-15,12,Abbey,0
4,AU,Seasons 1-15,12,Harry,16
4,AU,Seasons 1-15,12,Baden,0
4,AU,Seasons 1-15,12,Pia,1
4,SA,Seasons 1-15,12,Alison,9
4,SA,Seasons 1-15,12,Mxo,5
4,SA,Seasons 1-15,12,Bonnie,6
4,SA,Seasons 1-15,12,Letshego,8
4,SA,Seasons 1-15,12,Hykie,4
4,US,Seasons 1-15,13,Sean,6
4,US,Seasons 1-15,13,Paschal,5
4,US,Seasons 1-15,13,Kathy,8
4,US,Seasons 1-15,13,Neleh,3
4,US,Seasons 1-15,13,Vecepia,3
4,AU,Seasons 1-15,13,Luke,4
4,AU,Seasons 1-15,13,Ross,2
4,AU,Seasons 1-15,13,Andy,0
4,AU,Seasons 1-15,13,Shaun,0
4,AU,Seasons 1-15,13,David,0
4,AU,Seasons 1-15,13,John,1
4,AU,Seasons 1-15,13,Daisy,0
4,AU,Seasons 1-15,13,Simon,1
4,AU,Seasons 1-15,13,Janine,4
4,AU,Seasons 1-15,13,Abbey,4
4,AU,Seasons 1-15,13,Harry,7
4,AU,Seasons 1-15,13,Baden,1
4,AU,Seasons 1-15,13,Pia,6
4,SA,Seasons 1-15,13,Mxo,6
4,SA,Seasons 1-15,13,Bonnie,5
4,SA,Seasons 1-15,13,Letshego,4
4,SA,Seasons 1-15,13,Hykie,3
4,US,Seasons 1-15,14,Paschal,4
4,US,Seasons 1-15,14,Kathy,6
4,US,Seasons 1-15,14,Neleh,8
4,US,Seasons 1-15,14,Vecepia,14
4,AU,Seasons 1-15,14,Luke,3
4,AU,Seasons 1-15,14,Andy,5
4,AU,Seasons 1-15,14,Shaun,9
4,AU,Seasons 1-15,14,David,13
4,AU,Seasons 1-15,14,John,0
4,AU,Seasons 1-15,14,Daisy,11
4,AU,Seasons 1-15,14,Simon,1
4,AU,Seasons 1-15,14,Janine,6
4,AU,Seasons 1-15,14,Abbey,0
4,AU,Seasons 1-15,14,Harry,0
4,AU,Seasons 1-15,14,Baden,0
4,AU,Seasons 1-15,14,Pia,5
4,AU,Seasons 1-15,15,Luke,5
4,AU,Seasons 1-15,15,Shaun,7
4,AU,Seasons 1-15,15,David,7
4,AU,Seasons 1-15,15,John,3
4,AU,Seasons 1-15,15,Daisy,0
4,AU,Seasons 1-15,15,Simon,0
4,AU,Seasons 1-15,15,Janine,4
4,AU,Seasons 1-15,15,Abbey,6
4,AU,Seasons 1-15,15,Harry,3
4,AU,Seasons 1-15,15,Baden,3
4,AU,Seasons 1-15,15,Pia,0
4,AU,Seasons 1-15,16,Luke,3
4,AU,Seasons 1-15,16,David,7
4,AU,Seasons 1-15,16,John,0
4,AU,Seasons 1-15,16,Daisy,2
4,AU,Seasons 1-15,16,Simon,0
4,AU,Seasons 1-15,16,Janine,1
4,AU,Seasons 1-15,16,Abbey,1
4,AU,Seasons 1-15,16,Harry,1
4,AU,Seasons 1-15,16,Baden,0
4,AU,Seasons 1-15,16,Pia,10
4,AU,Seasons 1-15,17,Luke,5
4,AU,Seasons 1-15,17,John,0
4,AU,Seasons 1-15,17,Daisy,8
4,AU,Seasons 1-15,17,Simon,2
4,AU,Seasons 1-15,17,Janine,8
4,AU,Seasons 1-15,17,Abbey,3
4,AU,Seasons 1-15,17,Harry,6
4,AU,Seasons 1-15,17,Baden,2
4,AU,Seasons 1-15,17,Pia,7
4,AU,Seasons 1-15,18,Luke,7
4,AU,Seasons 1-15,18,Daisy,10
4,AU,Seasons 1-15,18,Simon,2
4,AU,Seasons 1-15,18,Janine,5
4,AU,Seasons 1-15,18,Abbey,0
4,AU,Seasons 1-15,18,Harry,12
4,AU,Seasons 1-15,18,Baden,1
4,AU,Seasons 1-15,18,Pia,4
4,AU,Seasons 1-15,19,Luke,4
4,AU,Seasons 1-15,19,Daisy,2
4,AU,Seasons 1-15,19,Simon,0
4,AU,Seasons 1-15,19,Janine,1
4,AU,Seasons 1-15,19,Abbey,4
4,AU,Seasons 1-15,19,Harry,7
4,AU,Seasons 1-15,19,Baden,0
4,AU,Seasons 1-15,19,Pia,4
4,AU,Seasons 1-15,20,Luke,0
4,AU,Seasons 1-15,20,Daisy,3
4,AU,Seasons 1-15,20,Simon,7
4,AU,Seasons 1-15,20,Janine,7
4,AU,Seasons 1-15,20,Abbey,4
4,AU,Seasons 1-15,20,Harry,1
4,AU,Seasons 1-15,20,Baden,0
4,AU,Seasons 1-15,20,Pia,5
4,AU,Seasons 1-15,21,Luke,4
4,AU,Seasons 1-15,21,Janine,5
4,AU,Seasons 1-15,21,Abbey,2
4,AU,Seasons 1-15,21,Harry,7
4,AU,Seasons 1-15,21,Baden,0
4,AU,Seasons 1-15,21,Pia,5
4,AU,Seasons 1-15,22,Luke,6
4,AU,Seasons 1-15,22,Abbey,3
4,AU,Seasons 1-15,22,Harry,3
4,AU,Seasons 1-15,22,Baden,0
4,AU,Seasons 1-15,22,Pia,9
4,AU,Seasons 1-15,23,Luke,9
4,AU,Seasons 1-15,23,Harry,9
4,AU,Seasons 1-15,23,Baden,3
4,AU,Seasons 1-15,23,Pia,3
4,AU,Seasons 1-15,24,Harry,3
4,AU,Seasons 1-15,24,Baden,4
4,AU,Seasons 1-15,24,Pia,5
5,US,Seasons 1-15,1,John,8
5,US,Seasons 1-15,1,Tanya,3
5,US,Seasons 1-15,1,Jed,2
5,US,Seasons 1-15,1,Ghandia,9
5,US,Seasons 1-15,1,Stephanie,1
5,US,Seasons 1-15,1,Robb,6
5,US,Seasons 1-15,1,Shii Ann,3
5,US,Seasons 1-15,1,Erin,1
5,US,Seasons 1-15,1,Ken,1
5,US,Seasons 1-15,1,Penny,3
5,US,Seasons 1-15,1,Jake,5
5,US,Seasons 1-15,1,Ted,3
5,US,Seasons 1-15,1,Helen,6
5,US,Seasons 1-15,1,Jan,3
5,US,Seasons 1-15,1,Clay,1
5,US,Seasons 1-15,1,Brian,1
5,AU,Seasons 1-15,1,Phoebe,0
5,AU,Seasons 1-15,1,Nick,2
5,AU,Seasons 1-15,1,Brooke,2
5,AU,Seasons 1-15,1,Flick,0
5,AU,Seasons 1-15,1,Lee,0
5,AU,Seasons 1-15,1,Tarzan,3
5,AU,Seasons 1-15,1,Jacqui,0
5,AU,Seasons 1-15,1,AK,2
5,AU,Seasons 1-15,1,Henry,7
5,AU,Seasons 1-15,1,Locky,0
5,AU,Seasons 1-15,1,Michelle,2
5,AU,Seasons 1-15,1,Jericho,1
5,AU,Seasons 1-15,1,Moana,0
5,AU,Seasons 1-15,1,Zach,0
5,AU,Seasons 1-15,1,Lydia,4
5,AU,Seasons 1-15,1,Mat,3
5,AU,Seasons 1-15,1,Shonee,1
5,AU,Seasons 1-15,1,Sharn,0
5,AU,Seasons 1-15,1,Shane,5
5,AU,Seasons 1-15,1,David,3
5,AU,Seasons 1-15,1,John,0
5,AU,Seasons 1-15,1,Daisy,0
5,AU,Seasons 1-15,1,Abbey,0
5,AU,Seasons 1-15,1,Harry,4
5,SA,Seasons 1-15,1,Ashleigh,3
5,SA,Seasons 1-15,1,Marsha,1
5,SA,Seasons 1-15,1,Killarney,0
5,SA,Seasons 1-15,1,Zan,4
5,SA,Seasons 1-15,1,Shona,3
5,SA,Seasons 1-15,1,Phil,2
5,SA,Seasons 1-15,1,Gena,3
5,SA,Seasons 1-15,1,Sonette,5
5,SA,Seasons 1-15,1,Stephen,3
5,SA,Seasons 1-15,1,Marian,2
5,SA,Seasons 1-15,1,Solly,7
5,SA,Seasons 1-15,1,Moyra,6
5,SA,Seasons 1-15,1,Vel,1
5,SA,Seasons 1-15,1,Shane,5
5,SA,Seasons 1-15,1,Altaaf,3
5,SA,Seasons 1-15,1,Zavion,4
5,SA,Seasons 1-15,1,David,2
5,SA,Seasons 1-15,1,Sivu,0
5,SA,Seasons 1-15,1,Buhle,4
5,SA,Seasons 1-15,1,Graham,2
5,SA,Seasons 1-15,1,Mark,13
5,SA,Seasons 1-15,1,Corne,14
5,US,Seasons 1-15,2,Tanya,1
5,US,Seasons 1-15,2,Jed,4
5,US,Seasons 1-15,2,Ghandia,2
5,US,Seasons 1-15,2,Stephanie,2
5,US,Seasons 1-15,2,Robb,1
5,US,Seasons 1-15,2,Shii Ann,5
5,US,Seasons 1-15,2,Erin,2
5,US,Seasons 1-15,2,Ken,2
5,US,Seasons 1-15,2,Penny,0
5,US,Seasons 1-15,2,Jake,4
5,US,Seasons 1-15,2,Ted,0
5,US,Seasons 1-15,2,Helen,11
5,US,Seasons 1-15,2,Jan,1
5,US,Seasons 1-15,2,Clay,7
5,US,Seasons 1-15,2,Brian,2
5,AU,Seasons 1-15,2,Phoebe,9
5,AU,Seasons 1-15,2,Nick,1
5,AU,Seasons 1-15,2,Brooke,0
5,AU,Seasons 1-15,2,Flick,0
5,AU,Seasons 1-15,2,Lee,0
5,AU,Seasons 1-15,2,Tarzan,0
5,AU,Seasons 1-15,2,Jacqui,0
5,AU,Seasons 1-15,2,AK,3
5,AU,Seasons 1-15,2,Henry,2
5,AU,Seasons 1-15,2,Locky,1
5,AU,Seasons 1-15,2,Michelle,0
5,AU,Seasons 1-15,2,Jericho,6
5,AU,Seasons 1-15,2,Moana,0
5,AU,Seasons 1-15,2,Zach,0
5,AU,Seasons 1-15,2,Lydia,0
5,AU,Seasons 1-15,2,Mat,7
5,AU,Seasons 1-15,2,Shonee,1
5,AU,Seasons 1-15,2,Sharn,0
5,AU,Seasons 1-15,2,David,9
5,AU,Seasons 1-15,2,John,0
5,AU,Seasons 1-15,2,Daisy,4
5,AU,Seasons 1-15,2,Abbey,0
5,AU,Seasons 1-15,2,Harry,3
5,SA,Seasons 1-15,2,Ashleigh,2
5,SA,Seasons 1-15,2,Marsha,1
5,SA,Seasons 1-15,2,Killarney,1
5,SA,Seasons 1-15,2,Zan,0
5,SA,Seasons 1-15,2,Shona,6
5,SA,Seasons 1-15,2,Phil,2
5,SA,Seasons 1-15,2,Gena,0
5,SA,Seasons 1-15,2,Sonette,4
5,SA,Seasons 1-15,2,Stephen,0
5,SA,Seasons 1-15,2,Marian,1
5,SA,Seasons 1-15,2,Solly,0
5,SA,Seasons 1-15,2,Moyra,4
5,SA,Seasons 1-15,2,Vel,0
5,SA,Seasons 1-15,2,Shane,2
5,SA,Seasons 1-15,2,Altaaf,2
5,SA,Seasons 1-15,2,Zavion,6
5,SA,Seasons 1-15,2,David,3
5,SA,Seasons 1-15,2,Sivu,4
5,SA,Seasons 1-15,2,Buhle,4
5,SA,Seasons 1-15,2,Graham,5
5,SA,Seasons 1-15,2,Mark,4
5,SA,Seasons 1-15,2,Corne,3
5,US,Seasons 1-15,3,Jed,1
5,US,Seasons 1-15,3,Ghandia,5
5,US,Seasons 1-15,3,Stephanie,0
5,US,Seasons 1-15,3,Robb,6
5,US,Seasons 1-15,3,Shii Ann,4
5,US,Seasons 1-15,3,Erin,2
5,US,Seasons 1-15,3,Ken,1
5,US,Seasons 1-15,3,Penny,1
5,US,Seasons 1-15,3,Jake,1
5,US,Seasons 1-15,3,Ted,5
5,US,Seasons 1-15,3,Helen,3
5,US,Seasons 1-15,3,Jan,0
5,US,Seasons 1-15,3,Clay,3
5,US,Seasons 1-15,3,Brian,5
5,AU,Seasons 1-15,3,Phoebe,1
5,AU,Seasons 1-15,3,Nick,3
5,AU,Seasons 1-15,3,Brooke,3
5,AU,Seasons 1-15,3,Flick,0
5,AU,Seasons 1-15,3,Lee,6
5,AU,Seasons 1-15,3,Tarzan,0
5,AU,Seasons 1-15,3,Jacqui,1
5,AU,Seasons 1-15,3,AK,1
5,AU,Seasons 1-15,3,Henry,1
5,AU,Seasons 1-15,3,Locky,2
5,AU,Seasons 1-15,3,Michelle,0
5,AU,Seasons 1-15,3,Moana,1
5,AU,Seasons 1-15,3,Zach,1
5,AU,Seasons 1-15,3,Lydia,0
5,AU,Seasons 1-15,3,Mat,8
5,AU,Seasons 1-15,3,Shonee,0
5,AU,Seasons 1-15,3,Sharn,4
5,AU,Seasons 1-15,3,David,6
5,AU,Seasons 1-15,3,John,0
5,AU,Seasons 1-15,3,Daisy,3
5,AU,Seasons 1-15,3,Abbey,0
5,AU,Seasons 1-15,3,Harry,1
5,SA,Seasons 1-15,3,Marsha,3
5,SA,Seasons 1-15,3,Killarney,0
5,SA,Seasons 1-15,3,Zan,1
5,SA,Seasons 1-15,3,Shona,0
5,SA,Seasons 1-15,3,Phil,2
5,SA,Seasons 1-15,3,Gena,1
5,SA,Seasons 1-15,3,Sonette,2
5,SA,Seasons 1-15,3,Stephen,0
5,SA,Seasons 1-15,3,Marian,1
5,SA,Seasons 1-15,3,Solly,1
5,SA,Seasons 1-15,3,Moyra,0
5,SA,Seasons 1-15,3,Vel,0
5,SA,Seasons 1-15,3,Shane,2
5,SA,Seasons 1-15,3,Altaaf,4
5,SA,Seasons 1-15,3,Zavion,4
5,SA,Seasons 1-15,3,David,2
5,SA,Seasons 1-15,3,Sivu,2
5,SA,Seasons 1-15,3,Buhle,2
5,SA,Seasons 1-15,3,Graham,1
5,SA,Seasons 1-15,3,Mark,10
5,SA,Seasons 1-15,3,Corne,8
5,US,Seasons 1-15,4,Ghandia,4
5,US,Seasons 1-15,4,Stephanie,4
5,US,Seasons 1-15,4,Robb,4
5,US,Seasons 1-15,4,Shii Ann,3
5,US,Seasons 1-15,4,Erin,1
5,US,Seasons 1-15,4,Ken,1
5,US,Seasons 1-15,4,Penny,8
5,US,Seasons 1-15,4,Jake,1
5,US,Seasons 1-15,4,Ted,1
5,US,Seasons 1-15,4,Helen,6
5,US,Seasons 1-15,4,Jan,3
5,US,Seasons 1-15,4,Clay,4
5,US,Seasons 1-15,4,Brian,1
5,AU,Seasons 1-15,4,Phoebe,1
5,AU,Seasons 1-15,4,Nick,4
5,AU,Seasons 1-15,4,Brooke,2
5,AU,Seasons 1-15,4,Flick,0
5,AU,Seasons 1-15,4,Lee,1
5,AU,Seasons 1-15,4,Tarzan,0
5,AU,Seasons 1-15,4,Jacqui,1
5,AU,Seasons 1-15,4,AK,1
5,AU,Seasons 1-15,4,Henry,5
5,AU,Seasons 1-15,4,Locky,4
5,AU,Seasons 1-15,4,Michelle,6
5,AU,Seasons 1-15,4,Moana,2
5,AU,Seasons 1-15,4,Zach,0
5,AU,Seasons 1-15,4,Lydia,0
5,AU,Seasons 1-15,4,Mat,4
5,AU,Seasons 1-15,4,Shonee,0
5,AU,Seasons 1-15,4,Sharn,0
5,AU,Seasons 1-15,4,David,5
5,AU,Seasons 1-15,4,John,0
5,AU,Seasons 1-15,4,Abbey,4
5,AU,Seasons 1-15,4,Harry,0
5,SA,Seasons 1-15,4,Killarney,7
5,SA,Seasons 1-15,4,Zan,2
5,SA,Seasons 1-15,4,Shona,2
5,SA,Seasons 1-15,4,Phil,5
5,SA,Seasons 1-15,4,Gena,0
5,SA,Seasons 1-15,4,Sonette,1
5,SA,Seasons 1-15,4,Stephen,1
5,SA,Seasons 1-15,4,Marian,2
5,SA,Seasons 1-15,4,Solly,1
5,SA,Seasons 1-15,4,Moyra,0
5,SA,Seasons 1-15,4,Vel,1
5,SA,Seasons 1-15,4,Shane,3
5,SA,Seasons 1-15,4,Altaaf,0
5,SA,Seasons 1-15,4,Zavion,0
5,SA,Seasons 1-15,4,David,4
5,SA,Seasons 1-15,4,Sivu,4
5,SA,Seasons 1-15,4,Buhle,2
5,SA,Seasons 1-15,4,Graham,1
5,SA,Seasons 1-15,4,Mark,3
5,SA,Seasons 1-15,4,Corne,5
5,US,Seasons 1-15,5,Stephanie,4
5,US,Seasons 1-15,5,Robb,2
5,US,Seasons 1-15,5,Shii Ann,5
5,US,Seasons 1-15,5,Erin,2
5,US,Seasons 1-15,5,Ken,0
5,US,Seasons 1-15,5,Penny,4
5,US,Seasons 1-15,5,Jake,4
5,US,Seasons 1-15,5,Ted,4
5,US,Seasons 1-15,5,Helen,4
5,US,Seasons 1-15,5,Jan,2
5,US,Seasons 1-15,5,Clay,5
5,US,Seasons 1-15,5,Brian,4
5,AU,Seasons 1-15,5,Phoebe,0
5,AU,Seasons 1-15,5,Nick,10
5,AU,Seasons 1-15,5,Brooke,0
5,AU,Seasons 1-15,5,Flick,0
5,AU,Seasons 1-15,5,Lee,1
5,AU,Seasons 1-15,5,Tarzan,0
5,AU,Seasons 1-15,5,Jacqui,0
5,AU,Seasons 1-15,5,AK,0
5,AU,Seasons 1-15,5,Henry,8
5,AU,Seasons 1-15,5,Locky,4
5,AU,Seasons 1-15,5,Moana,0
5,AU,Seasons 1-15,5,Zach,0
5,AU,Seasons 1-15,5,Lydia,0
5,AU,Seasons 1-15,5,Mat,1
5,AU,Seasons 1-15,5,Shonee,12
5,AU,Seasons 1-15,5,Sharn,0
5,AU,Seasons 1-15,5,David,0
5,AU,Seasons 1-15,5,John,1
5,AU,Seasons 1-15,5,Abbey,1
5,AU,Seasons 1-15,5,Harry,3
5,SA,Seasons 1-15,5,Zan,5
5,SA,Seasons 1-15,5,Shona,5
5,SA,Seasons 1-15,5,Phil,2
5,SA,Seasons 1-15,5,Gena,2
5,SA,Seasons 1-15,5,Sonette,2
5,SA,Seasons 1-15,5,Stephen,2
5,SA,Seasons 1-15,5,Marian,3
5,SA,Seasons 1-15,5,Solly,1
5,SA,Seasons 1-15,5,Moyra,0
5,SA,Seasons 1-15,5,Vel,0
5,SA,Seasons 1-15,5,Shane,3
5,SA,Seasons 1-15,5,Altaaf,0
5,SA,Seasons 1-15,5,Zavion,2
5,SA,Seasons 1-15,5,David,4
5,SA,Seasons 1-15,5,Sivu,1
5,SA,Seasons 1-15,5,Buhle,1
5,SA,Seasons 1-15,5,Graham,1
5,SA,Seasons 1-15,5,Mark,2
5,SA,Seasons 1-15,5,Corne,3
5,US,Seasons 1-15,6,Robb,8
5,US,Seasons 1-15,6,Shii Ann,3
5,US,Seasons 1-15,6,Erin,3
5,US,Seasons 1-15,6,Ken,3
5,US,Seasons 1-15,6,Penny,5
5,US,Seasons 1-15,6,Jake,3
5,US,Seasons 1-15,6,Ted,6
5,US,Seasons 1-15,6,Helen,4
5,US,Seasons 1-15,6,Jan,2
5,US,Seasons 1-15,6,Clay,5
5,US,Seasons 1-15,6,Brian,3
5,AU,Seasons 1-15,6,Phoebe,0
5,AU,Seasons 1-15,6,Nick,4
5,AU,Seasons 1-15,6,Brooke,0
5,AU,Seasons 1-15,6,Flick,0
5,AU,Seasons 1-15,6,Lee,0
5,AU,Seasons 1-15,6,Tarzan,3
5,AU,Seasons 1-15,6,Jacqui,0
5,AU,Seasons 1-15,6,AK,1
5,AU,Seasons 1-15,6,Locky,2
5,AU,Seasons 1-15,6,Moana,4
5,AU,Seasons 1-15,6,Zach,7
5,AU,Seasons 1-15,6,Lydia,0
5,AU,Seasons 1-15,6,Mat,4
5,AU,Seasons 1-15,6,Shonee,7
5,AU,Seasons 1-15,6,Sharn,1
5,AU,Seasons 1-15,6,David,3
5,AU,Seasons 1-15,6,John,0
5,AU,Seasons 1-15,6,Abbey,5
5,AU,Seasons 1-15,6,Harry,2
5,SA,Seasons 1-15,6,Phil,10
5,SA,Seasons 1-15,6,Gena,1
5,SA,Seasons 1-15,6,Sonette,0
5,SA,Seasons 1-15,6,Stephen,3
5,SA,Seasons 1-15,6,Marian,0
5,SA,Seasons 1-15,6,Solly,3
5,SA,Seasons 1-15,6,Moyra,3
5,SA,Seasons 1-15,6,Vel,1
5,SA,Seasons 1-15,6,Shane,2
5,SA,Seasons 1-15,6,Altaaf,3
5,SA,Seasons 1-15,6,Zavion,1
5,SA,Seasons 1-15,6,David,4
5,SA,Seasons 1-15,6,Sivu,0
5,SA,Seasons 1-15,6,Buhle,0
5,SA,Seasons 1-15,6,Graham,6
5,SA,Seasons 1-15,6,Mark,4
5,SA,Seasons 1-15,6,Corne,7
5,US,Seasons 1-15,7,Shii Ann,10
5,US,Seasons 1-15,7,Erin,5
5,US,Seasons 1-15,7,Ken,5
5,US,Seasons 1-15,7,Penny,1
5,US,Seasons 1-15,7,Jake,0
5,US,Seasons 1-15,7,Ted,4
5,US,Seasons 1-15,7,Helen,3
5,US,Seasons 1-15,7,Jan,3
5,US,Seasons 1-15,7,Clay,3
5,US,Seasons 1-15,7,Brian,6
5,AU,Seasons 1-15,7,Phoebe,0
5,AU,Seasons 1-15,7,Nick,8
5,AU,Seasons 1-15,7,Brooke,1
5,AU,Seasons 1-15,7,Flick,0
5,AU,Seasons 1-15,7,Lee,0
5,AU,Seasons 1-15,7,Tarzan,0
5,AU,Seasons 1-15,7,Jacqui,0
5,AU,Seasons 1-15,7,AK,0
5,AU,Seasons 1-15,7,Locky,0
5,AU,Seasons 1-15,7,Moana,0
5,AU,Seasons 1-15,7,Zach,1
5,AU,Seasons 1-15,7,Lydia,0
5,AU,Seasons 1-15,7,Mat,4
5,AU,Seasons 1-15,7,Shonee,7
5,AU,Seasons 1-15,7,Sharn,0
5,AU,Seasons 1-15,7,David,2
5,AU,Seasons 1-15,7,John,0
5,AU,Seasons 1-15,7,Abbey,9
5,AU,Seasons 1-15,7,Harry,1
5,SA,Seasons 1-15,7,Gena,16
5,SA,Seasons 1-15,7,Sonette,1
5,SA,Seasons 1-15,7,Stephen,6
5,SA,Seasons 1-15,7,Marian,5
5,SA,Seasons 1-15,7,Solly,3
5,SA,Seasons 1-15,7,Moyra,1
5,SA,Seasons 1-15,7,Vel,2
5,SA,Seasons 1-15,7,Shane,4
5,SA,Seasons 1-15,7,Altaaf,2
5,SA,Seasons 1-15,7,Zavion,5
5,SA,Seasons 1-15,7,David,5
5,SA,Seasons 1-15,7,Sivu,1
5,SA,Seasons 1-15,7,Buhle,1
5,SA,Seasons 1-15,7,Graham,5
5,SA,Seasons 1-15,7,Mark,3
5,SA,Seasons 1-15,7,Corne,8
5,US,Seasons 1-15,8,Erin,0
5,US,Seasons 1-15,8,Ken,6
5,US,Seasons 1-15,8,Penny,2
5,US,Seasons 1-15,8,Jake,6
5,US,Seasons 1-15,8,Ted,4
5,US,Seasons 1-15,8,Helen,2
5,US,Seasons 1-15,8,Jan,5
5,US,Seasons 1-15,8,Clay,4
5,US,Seasons 1-15,8,Brian,6
5,AU,Seasons 1-15,8,Phoebe,1
5,AU,Seasons 1-15,8,Nick,5
5,AU,Seasons 1-15,8,Brooke,0
5,AU,Seasons 1-15,8,Flick,0
5,AU,Seasons 1-15,8,Lee,0
5,AU,Seasons 1-15,8,Tarzan,0
5,AU,Seasons 1-15,8,Jacqui,0
5,AU,Seasons 1-15,8,AK,1
5,AU,Seasons 1-15,8,Locky,1
5,AU,Seasons 1-15,8,Moana,7
5,AU,Seasons 1-15,8,Zach,0
5,AU,Seasons 1-15,8,Lydia,10
5,AU,Seasons 1-15,8,Mat,5
5,AU,Seasons 1-15,8,Shonee,7
5,AU,Seasons 1-15,8,Sharn,1
5,AU,Seasons 1-15,8,David,5
5,AU,Seasons 1-15,8,John,0
5,AU,Seasons 1-15,8,Harry,0
5,SA,Seasons 1-15,8,Sonette,6
5,SA,Seasons 1-15,8,Stephen,6
5,SA,Seasons 1-15,8,Marian,2
5,SA,Seasons 1-15,8,Solly,3
5,SA,Seasons 1-15,8,Moyra,2
5,SA,Seasons 1-15,8,Vel,0
5,SA,Seasons 1-15,8,Shane,7
5,SA,Seasons 1-15,8,Altaaf,1
5,SA,Seasons 1-15,8,Zavion,9
5,SA,Seasons 1-15,8,David,7
5,SA,Seasons 1-15,8,Sivu,1
5,SA,Seasons 1-15,8,Buhle,1
5,SA,Seasons 1-15,8,Graham,2
5,SA,Seasons 1-15,8,Mark,8
5,SA,Seasons 1-15,8,Corne,8
5,US,Seasons 1-15,9,Ken,3
5,US,Seasons 1-15,9,Penny,2
5,US,Seasons 1-15,9,Jake,6
5,US,Seasons 1-15,9,Ted,6
5,US,Seasons 1-15,9,Helen,1
5,US,Seasons 1-15,9,Jan,3
5,US,Seasons 1-15,9,Clay,5
5,US,Seasons 1-15,9,Brian,5
5,AU,Seasons 1-15,9,Phoebe,1
5,AU,Seasons 1-15,9,Nick,0
5,AU,Seasons 1-15,9,Brooke,0
5,AU,Seasons 1-15,9,Flick,0
5,AU,Seasons 1-15,9,Lee,0
5,AU,Seasons 1-15,9,Tarzan,0
5,AU,Seasons 1-15,9,Jacqui,0
5,AU,Seasons 1-15,9,AK,2
5,AU,Seasons 1-15,9,Locky,3
5,AU,Seasons 1-15,9,Moana,7
5,AU,Seasons 1-15,9,Zach,0
5,AU,Seasons 1-15,9,Mat,9
5,AU,Seasons 1-15,9,Shonee,0
5,AU,Seasons 1-15,9,Sharn,0
5,AU,Seasons 1-15,9,David,5
5,AU,Seasons 1-15,9,John,4
5,AU,Seasons 1-15,9,Harry,2
5,SA,Seasons 1-15,9,Stephen,9
5,SA,Seasons 1-15,9,Marian,6
5,SA,Seasons 1-15,9,Solly,1
5,SA,Seasons 1-15,9,Moyra,3
5,SA,Seasons 1-15,9,Vel,0
5,SA,Seasons 1-15,9,Shane,9
5,SA,Seasons 1-15,9,Altaaf,2
5,SA,Seasons 1-15,9,Zavion,4
5,SA,Seasons 1-15,9,David,4
5,SA,Seasons 1-15,9,Sivu,1
5,SA,Seasons 1-15,9,Buhle,1
5,SA,Seasons 1-15,9,Graham,5
5,SA,Seasons 1-15,9,Mark,5
5,SA,Seasons 1-15,9,Corne,5
5,US,Seasons 1-15,10,Penny,4
5,US,Seasons 1-15,10,Jake,6
5,US,Seasons 1-15,10,Ted,4
5,US,Seasons 1-15,10,Helen,3
5,US,Seasons 1-15,10,Jan,1
5,US,Seasons 1-15,10,Clay,11
5,US,Seasons 1-15,10,Brian,8
5,AU,Seasons 1-15,10,Phoebe,6
5,AU,Seasons 1-15,10,Nick,5
5,AU,Seasons 1-15,10,Brooke,1
5,AU,Seasons 1-15,10,Flick,1
5,AU,Seasons 1-15,10,Lee,1
5,AU,Seasons 1-15,10,Tarzan,1
5,AU,Seasons 1-15,10,Jacqui,0
5,AU,Seasons 1-15,10,AK,0
5,AU,Seasons 1-15,10,Locky,0
5,AU,Seasons 1-15,10,Moana,1
5,AU,Seasons 1-15,10,Zach,0
5,AU,Seasons 1-15,10,Mat,8
5,AU,Seasons 1-15,10,Shonee,2
5,AU,Seasons 1-15,10,Sharn,0
5,AU,Seasons 1-15,10,David,8
5,AU,Seasons 1-15,10,Harry,4
5,SA,Seasons 1-15,10,Marian,4
5,SA,Seasons 1-15,10,Solly,6
5,SA,Seasons 1-15,10,Moyra,4
5,SA,Seasons 1-15,10,Vel,0
5,SA,Seasons 1-15,10,Shane,4
5,SA,Seasons 1-15,10,Altaaf,1
5,SA,Seasons 1-15,10,Zavion,6
5,SA,Seasons 1-15,10,David,8
5,SA,Seasons 1-15,10,Sivu,7
5,SA,Seasons 1-15,10,Buhle,3
5,SA,Seasons 1-15,10,Graham,6
5,SA,Seasons 1-15,10,Mark,4
5,SA,Seasons 1-15,10,Corne,4
5,AU,Seasons 1-15,11,Phoebe,5
5,AU,Seasons 1-15,11,Nick,4
5,AU,Seasons 1-15,11,Brooke,2
5,AU,Seasons 1-15,11,Flick,0
5,AU,Seasons 1-15,11,Lee,0
5,AU,Seasons 1-15,11,Tarzan,0
5,AU,Seasons 1-15,11,Jacqui,1
5,AU,Seasons 1-15,11,AK,1
5,AU,Seasons 1-15,11,Locky,0
5,AU,Seasons 1-15,11,Moana,6
5,AU,Seasons 1-15,11,Zach,1
5,AU,Seasons 1-15,11,Shonee,1
5,AU,Seasons 1-15,11,Sharn,5
5,AU,Seasons 1-15,11,David,12
5,AU,Seasons 1-15,11,Harry,6
5,SA,Seasons 1-15,11,Marian,4
5,SA,Seasons 1-15,11,Solly,4
5,SA,Seasons 1-15,11,Moyra,0
5,SA,Seasons 1-15,11,Vel,0
5,SA,Seasons 1-15,11,Shane,8
5,SA,Seasons 1-15,11,Altaaf,3
5,SA,Seasons 1-15,11,Zavion,6
5,SA,Seasons 1-15,11,David,5
5,SA,Seasons 1-15,11,Sivu,0
5,SA,Seasons 1-15,11,Buhle,0
5,SA,Seasons 1-15,11,Graham,4
5,SA,Seasons 1-15,11,Mark,0
5,SA,Seasons 1-15,11,Corne,1
5,US,Seasons 1-15,12,Jake,5
5,US,Seasons 1-15,12,Ted,3
5,US,Seasons 1-15,12,Helen,9
5,US,Seasons 1-15,12,Jan,3
5,US,Seasons 1-15,12,Clay,1
5,US,Seasons 1-15,12,Brian,2
5,AU,Seasons 1-15,12,Nick,2
5,AU,Seasons 1-15,12,Brooke,9
5,AU,Seasons 1-15,12,Flick,6
5,AU,Seasons 1-15,12,Lee,0
5,AU,Seasons 1-15,12,Tarzan,0
5,AU,Seasons 1-15,12,Jacqui,0
5,AU,Seasons 1-15,12,AK,4
5,AU,Seasons 1-15,12,Locky,0
5,AU,Seasons 1-15,12,Moana,1
5,AU,Seasons 1-15,12,Zach,0
5,AU,Seasons 1-15,12,Shonee,1
5,AU,Seasons 1-15,12,Sharn,2
5,AU,Seasons 1-15,12,David,4
5,AU,Seasons 1-15,12,Harry,8
5,SA,Seasons 1-15,12,Solly,7
5,SA,Seasons 1-15,12,Moyra,2
5,SA,Seasons 1-15,12,Vel,4
5,SA,Seasons 1-15,12,Shane,9
5,SA,Seasons 1-15,12,Altaaf,1
5,SA,Seasons 1-15,12,Zavion,4
5,SA,Seasons 1-15,12,David,3
5,SA,Seasons 1-15,12,Sivu,3
5,SA,Seasons 1-15,12,Buhle,1
5,SA,Seasons 1-15,12,Graham,13
5,SA,Seasons 1-15,12,Mark,0
5,SA,Seasons 1-15,12,Corne,2
5,US,Seasons 1-15,13,Ted,11
5,US,Seasons 1-15,13,Helen,8
5,US,Seasons 1-15,13,Jan,3
5,US,Seasons 1-15,13,Clay,3
5,US,Seasons 1-15,13,Brian,4
5,AU,Seasons 1-15,13,Nick,8
5,AU,Seasons 1-15,13,Brooke,5
5,AU,Seasons 1-15,13,Lee,0
5,AU,Seasons 1-15,13,Tarzan,0
5,AU,Seasons 1-15,13,Jacqui,4
5,AU,Seasons 1-15,13,AK,0
5,AU,Seasons 1-15,13,Locky,0
5,AU,Seasons 1-15,13,Moana,0
5,AU,Seasons 1-15,13,Zach,0
5,AU,Seasons 1-15,13,Shonee,3
5,AU,Seasons 1-15,13,Sharn,2
5,AU,Seasons 1-15,13,David,8
5,AU,Seasons 1-15,13,Harry,8
5,SA,Seasons 1-15,13,Moyra,4
5,SA,Seasons 1-15,13,Vel,4
5,SA,Seasons 1-15,13,Shane,1
5,SA,Seasons 1-15,13,Altaaf,8
5,SA,Seasons 1-15,13,Zavion,6
5,SA,Seasons 1-15,13,David,5
5,SA,Seasons 1-15,13,Sivu,6
5,SA,Seasons 1-15,13,Buhle,1
5,SA,Seasons 1-15,13,Graham,5
5,SA,Seasons 1-15,13,Mark,4
5,SA,Seasons 1-15,13,Corne,6
5,US,Seasons 1-15,14,Helen,4
5,US,Seasons 1-15,14,Jan,7
5,US,Seasons 1-15,14,Clay,13
5,US,Seasons 1-15,14,Brian,9
5,AU,Seasons 1-15,14,Brooke,0
5,AU,Seasons 1-15,14,Lee,0
5,AU,Seasons 1-15,14,Tarzan,3
5,AU,Seasons 1-15,14,Jacqui,0
5,AU,Seasons 1-15,14,AK,3
5,AU,Seasons 1-15,14,Locky,6
5,AU,Seasons 1-15,14,Moana,7
5,AU,Seasons 1-15,14,Zach,0
5,AU,Seasons 1-15,14,Shonee,11
5,AU,Seasons 1-15,14,Sharn,2
5,AU,Seasons 1-15,14,David,8
5,AU,Seasons 1-15,14,Harry,0
5,SA,Seasons 1-15,14,Shane,9
5,SA,Seasons 1-15,14,Altaaf,9
5,SA,Seasons 1-15,14,Zavion,7
5,SA,Seasons 1-15,14,David,1
5,SA,Seasons 1-15,14,Sivu,3
5,SA,Seasons 1-15,14,Buhle,1
5,SA,Seasons 1-15,14,Graham,7
5,SA,Seasons 1-15,14,Mark,3
5,SA,Seasons 1-15,14,Corne,5
5,AU,Seasons 1-15,15,Brooke,2
5,AU,Seasons 1-15,15,Lee,1
5,AU,Seasons 1-15,15,Tarzan,0
5,AU,Seasons 1-15,15,Jacqui,0
5,AU,Seasons 1-15,15,AK,2
5,AU,Seasons 1-15,15,Moana,1
5,AU,Seasons 1-15,15,Zach,3
5,AU,Seasons 1-15,15,Shonee,0
5,AU,Seasons 1-15,15,Sharn,1
5,AU,Seasons 1-15,15,David,3
5,AU,Seasons 1-15,15,Harry,7
5,SA,Seasons 1-15,15,Altaaf,11
5,SA,Seasons 1-15,15,Zavion,5
5,SA,Seasons 1-15,15,David,6
5,SA,Seasons 1-15,15,Sivu,7
5,SA,Seasons 1-15,15,Buhle,2
5,SA,Seasons 1-15,15,Graham,8
5,SA,Seasons 1-15,15,Mark,3
5,SA,Seasons 1-15,15,Corne,3
5,AU,Seasons 1-15,16,Brooke,8
5,AU,Seasons 1-15,16,Lee,3
5,AU,Seasons 1-15,16,Tarzan,4
5,AU,Seasons 1-15,16,Jacqui,0
5,AU,Seasons 1-15,16,AK,3
5,AU,Seasons 1-15,16,Moana,2
5,AU,Seasons 1-15,16,Zach,4
5,AU,Seasons 1-15,16,Shonee,3
5,AU,Seasons 1-15,16,Sharn,1
5,AU,Seasons 1-15,16,David,9
5,SA,Seasons 1-15,16,Zavion,7
5,SA,Seasons 1-15,16,David,4
5,SA,Seasons 1-15,16,Sivu,10
5,SA,Seasons 1-15,16,Buhle,4
5,SA,Seasons 1-15,16,Graham,6
5,SA,Seasons 1-15,16,Mark,4
5,SA,Seasons 1-15,16,Corne,4
5,AU,Seasons 1-15,17,Brooke,1
5,AU,Seasons 1-15,17,Tarzan,0
5,AU,Seasons 1-15,17,Jacqui,0
5,AU,Seasons 1-15,17,AK,0
5,AU,Seasons 1-15,17,Moana,4
5,AU,Seasons 1-15,17,Zach,1
5,AU,Seasons 1-15,17,Shonee,1
5,AU,Seasons 1-15,17,Sharn,4
5,AU,Seasons 1-15,17,David,10
5,SA,Seasons 1-15,17,David,3
5,SA,Seasons 1-15,17,Sivu,8
5,SA,Seasons 1-15,17,Buhle,12
5,SA,Seasons 1-15,17,Graham,11
5,SA,Seasons 1-15,17,Mark,7
5,SA,Seasons 1-15,17,Corne,8
5,AU,Seasons 1-15,18,Brooke,1
5,AU,Seasons 1-15,18,Tarzan,0
5,AU,Seasons 1-15,18,Jacqui,11
5,AU,Seasons 1-15,18,AK,1
5,AU,Seasons 1-15,18,Moana,6
5,AU,Seasons 1-15,18,Zach,5
5,AU,Seasons 1-15,18,Shonee,8
5,AU,Seasons 1-15,18,Sharn,2
5,AU,Seasons 1-15,18,David,9
5,AU,Seasons 1-15,19,Brooke,0
5,AU,Seasons 1-15,19,Tarzan,2
5,AU,Seasons 1-15,19,Jacqui,5
5,AU,Seasons 1-15,19,AK,4
5,AU,Seasons 1-15,19,Moana,5
5,AU,Seasons 1-15,19,Shonee,8
5,AU,Seasons 1-15,19,Sharn,4
5,AU,Seasons 1-15,19,David,11
5,AU,Seasons 1-15,20,Brooke,1
5,AU,Seasons 1-15,20,Tarzan,4
5,AU,Seasons 1-15,20,AK,5
5,AU,Seasons 1-15,20,Moana,1
5,AU,Seasons 1-15,20,Shonee,4
5,AU,Seasons 1-15,20,Sharn,2
5,AU,Seasons 1-15,20,David,7
5,AU,Seasons 1-15,21,Brooke,5
5,AU,Seasons 1-15,21,Tarzan,0
5,AU,Seasons 1-15,21,AK,10
5,AU,Seasons 1-15,21,Moana,10
5,AU,Seasons 1-15,21,Sharn,4
5,AU,Seasons 1-15,21,David,6
5,AU,Seasons 1-15,22,Brooke,6
5,AU,Seasons 1-15,22,Tarzan,4
5,AU,Seasons 1-15,22,Moana,6
5,AU,Seasons 1-15,22,Sharn,6
5,AU,Seasons 1-15,22,David,5
5,AU,Seasons 1-15,23,Brooke,7
5,AU,Seasons 1-15,23,Moana,8
5,AU,Seasons 1-15,23,Sharn,0
5,AU,Seasons 1-15,23,David,7
5,AU,Seasons 1-15,24,Moana,3
5,AU,Seasons 1-15,24,Sharn,5
5,AU,Seasons 1-15,24,David,6
6,US,Seasons 1-15,1,Ryan,4
6,US,Seasons 1-15,1,Janet,4
6,US,Seasons 1-15,1,Daniel,2
6,US,Seasons 1-15,1,JoAnna,1
6,US,Seasons 1-15,1,Jeanne,4
6,US,Seasons 1-15,1,Shawna,3
6,US,Seasons 1-15,1,Roger,5
6,US,Seasons 1-15,1,Dave,4
6,US,Seasons 1-15,1,Deena,6
6,US,Seasons 1-15,1,Alex,4
6,US,Seasons 1-15,1,Christy,5
6,US,Seasons 1-15,1,Heidi,7
6,US,Seasons 1-15,1,Butch,1
6,US,Seasons 1-15,1,Rob,11
6,US,Seasons 1-15,1,Matthew,1
6,US,Seasons 1-15,1,Jenna,9
6,AU,Seasons 1-15,1,Phil,2
6,AU,Seasons 1-15,1,Janelle,0
6,AU,Seasons 1-15,1,Gavin,1
6,AU,Seasons 1-15,1,Benny,0
6,AU,Seasons 1-15,1,Mitch,7
6,AU,Seasons 1-15,1,Joey,0
6,AU,Seasons 1-15,1,Daini,1
6,AU,Seasons 1-15,1,Shannon,3
6,AU,Seasons 1-15,1,Georgia,0
6,AU,Seasons 1-15,1,Rachel,0
6,AU,Seasons 1-15,1,Simon,3
6,AU,Seasons 1-15,1,Kez,1
6,AU,Seasons 1-15,1,Chelsea,0
6,AU,Seasons 1-15,1,Baden,1
6,AU,Seasons 1-15,1,Gerald,0
6,AU,Seasons 1-15,1,Laura,0
6,AU,Seasons 1-15,1,Emmett,0
6,AU,Seasons 1-15,1,Andrew,0
6,AU,Seasons 1-15,1,Dani,3
6,AU,Seasons 1-15,1,Wai,3
6,AU,Seasons 1-15,1,Cara,1
6,AU,Seasons 1-15,1,Flick,1
6,AU,Seasons 1-15,1,George,8
6,AU,Seasons 1-15,1,Hayley,5
6,SA,Seasons 1-15,1,Seamus,11
6,SA,Seasons 1-15,1,Neil,6
6,SA,Seasons 1-15,1,Stacey-Lee,2
6,SA,Seasons 1-15,1,Ace,11
6,SA,Seasons 1-15,1,Murishca,2
6,SA,Seasons 1-15,1,Marthunis,8
6,SA,Seasons 1-15,1,Tevin,9
6,SA,Seasons 1-15,1,Josie,4
6,SA,Seasons 1-15,1,Vusi,2
6,SA,Seasons 1-15,1,Chane,5
6,SA,Seasons 1-15,1,Palesa,2
6,SA,Seasons 1-15,1,Toni,2
6,SA,Seasons 1-15,1,PK,1
6,SA,Seasons 1-15,1,Katinka,3
6,SA,Seasons 1-15,1,Werner,6
6,SA,Seasons 1-15,1,Annalize,2
6,SA,Seasons 1-15,1,Jeanne,8
6,SA,Seasons 1-15,1,Tom,9
6,US,Seasons 1-15,2,Janet,4
6,US,Seasons 1-15,2,Daniel,0
6,US,Seasons 1-15,2,JoAnna,2
6,US,Seasons 1-15,2,Jeanne,6
6,US,Seasons 1-15,2,Shawna,2
6,US,Seasons 1-15,2,Roger,1
6,US,Seasons 1-15,2,Dave,3
6,US,Seasons 1-15,2,Deena,5
6,US,Seasons 1-15,2,Alex,5
6,US,Seasons 1-15,2,Christy,4
6,US,Seasons 1-15,2,Heidi,2
6,US,Seasons 1-15,2,Butch,0
6,US,Seasons 1-15,2,Rob,3
6,US,Seasons 1-15,2,Matthew,1
6,US,Seasons 1-15,2,Jenna,3
6,AU,Seasons 1-15,2,Janelle,6
6,AU,Seasons 1-15,2,Gavin,0
6,AU,Seasons 1-15,2,Benny,0
6,AU,Seasons 1-15,2,Mitch,0
6,AU,Seasons 1-15,2,Joey,4
6,AU,Seasons 1-15,2,Daini,3
6,AU,Seasons 1-15,2,Shannon,1
6,AU,Seasons 1-15,2,Georgia,0
6,AU,Seasons 1-15,2,Rachel,1
6,AU,Seasons 1-15,2,Simon,5
6,AU,Seasons 1-15,2,Kez,0
6,AU,Seasons 1-15,2,Chelsea,1
6,AU,Seasons 1-15,2,Baden,2
6,AU,Seasons 1-15,2,Gerald,0
6,AU,Seasons 1-15,2,Laura,0
6,AU,Seasons 1-15,2,Emmett,6
6,AU,Seasons 1-15,2,Andrew,0
6,AU,Seasons 1-15,2,Dani,0
6,AU,Seasons 1-15,2,Wai,1
6,AU,Seasons 1-15,2,Cara,0
6,AU,Seasons 1-15,2,Flick,4
6,AU,Seasons 1-15,2,George,3
6,AU,Seasons 1-15,2,Hayley,1
6,SA,Seasons 1-15,2,Neil,2
6,SA,Seasons 1-15,2,Stacey-Lee,0
6,SA,Seasons 1-15,2,Ace,3
6,SA,Seasons 1-15,2,Murishca,1
6,SA,Seasons 1-15,2,Marthunis,2
6,SA,Seasons 1-15,2,Tevin,5
6,SA,Seasons 1-15,2,Josie,1
6,SA,Seasons 1-15,2,Vusi,0
6,SA,Seasons 1-15,2,Chane,1
6,SA,Seasons 1-15,2,Palesa,6
6,SA,Seasons 1-15,2,Toni,2
6,SA,Seasons 1-15,2,PK,2
6,SA,Seasons 1-15,2,Katinka,1
6,SA,Seasons 1-15,2,Werner,0
6,SA,Seasons 1-15,2,Annalize,1
6,SA,Seasons 1-15,2,Jeanne,2
6,SA,Seasons 1-15,2,Tom,5
6,US,Seasons 1-15,3,Daniel,4
6,US,Seasons 1-15,3,JoAnna,1
6,US,Seasons 1-15,3,Jeanne,4
6,US,Seasons 1-15,3,Shawna,3
6,US,Seasons 1-15,3,Roger,1
6,US,Seasons 1-15,3,Dave,3
6,US,Seasons 1-15,3,Deena,2
6,US,Seasons 1-15,3,Alex,3
6,US,Seasons 1-15,3,Christy,2
6,US,Seasons 1-15,3,Heidi,3
6,US,Seasons 1-15,3,Butch,2
6,US,Seasons 1-15,3,Rob,6
6,US,Seasons 1-15,3,Matthew,1
6,US,Seasons 1-15,3,Jenna,0
6,AU,Seasons 1-15,3,Gavin,1
6,AU,Seasons 1-15,3,Benny,0
6,AU,Seasons 1-15,3,Mitch,0
6,AU,Seasons 1-15,3,Joey,3
6,AU,Seasons 1-15,3,Daini,5
6,AU,Seasons 1-15,3,Shannon,3
6,AU,Seasons 1-15,3,Georgia,0
6,AU,Seasons 1-15,3,Rachel,0
6,AU,Seasons 1-15,3,Simon,9
6,AU,Seasons 1-15,3,Kez,8
6,AU,Seasons 1-15,3,Chelsea,2
6,AU,Seasons 1-15,3,Baden,0
6,AU,Seasons 1-15,3,Gerald,2
6,AU,Seasons 1-15,3,Laura,1
6,AU,Seasons 1-15,3,Emmett,0
6,AU,Seasons 1-15,3,Andrew,3
6,AU,Seasons 1-15,3,Dani,0
6,AU,Seasons 1-15,3,Wai,0
6,AU,Seasons 1-15,3,Cara,0
6,AU,Seasons 1-15,3,Flick,4
6,AU,Seasons 1-15,3,George,1
6,AU,Seasons 1-15,3,Hayley,1
6,SA,Seasons 1-15,3,Stacey-Lee,5
6,SA,Seasons 1-15,3,Ace,1
6,SA,Seasons 1-15,3,Murishca,3
6,SA,Seasons 1-15,3,Marthunis,3
6,SA,Seasons 1-15,3,Tevin,3
6,SA,Seasons 1-15,3,Josie,1
6,SA,Seasons 1-15,3,Vusi,0
6,SA,Seasons 1-15,3,Chane,1
6,SA,Seasons 1-15,3,Palesa,7
6,SA,Seasons 1-15,3,Toni,1
6,SA,Seasons 1-15,3,PK,3
6,SA,Seasons 1-15,3,Katinka,1
6,SA,Seasons 1-15,3,Werner,8
6,SA,Seasons 1-15,3,Annalize,1
6,SA,Seasons 1-15,3,Jeanne,5
6,SA,Seasons 1-15,3,Tom,6
6,US,Seasons 1-15,4,JoAnna,0
6,US,Seasons 1-15,4,Jeanne,2
6,US,Seasons 1-15,4,Shawna,5
6,US,Seasons 1-15,4,Roger,1
6,US,Seasons 1-15,4,Dave,4
6,US,Seasons 1-15,4,Deena,4
6,US,Seasons 1-15,4,Alex,1
6,US,Seasons 1-15,4,Christy,1
6,US,Seasons 1-15,4,Heidi,5
6,US,Seasons 1-15,4,Butch,2
6,US,Seasons 1-15,4,Rob,1
6,US,Seasons 1-15,4,Matthew,3
6,US,Seasons 1-15,4,Jenna,2
6,AU,Seasons 1-15,4,Benny,3
6,AU,Seasons 1-15,4,Mitch,2
6,AU,Seasons 1-15,4,Joey,0
6,AU,Seasons 1-15,4,Daini,1
6,AU,Seasons 1-15,4,Shannon,5
6,AU,Seasons 1-15,4,Georgia,0
6,AU,Seasons 1-15,4,Rachel,0
6,AU,Seasons 1-15,4,Simon,12
6,AU,Seasons 1-15,4,Kez,1
6,AU,Seasons 1-15,4,Chelsea,0
6,AU,Seasons 1-15,4,Baden,7
6,AU,Seasons 1-15,4,Gerald,2
6,AU,Seasons 1-15,4,Laura,0
6,AU,Seasons 1-15,4,Emmett,1
6,AU,Seasons 1-15,4,Andrew,0
6,AU,Seasons 1-15,4,Dani,2
6,AU,Seasons 1-15,4,Wai,1
6,AU,Seasons 1-15,4,Cara,0
6,AU,Seasons 1-15,4,Flick,1
6,AU,Seasons 1-15,4,George,6
6,AU,Seasons 1-15,4,Hayley,0
6,SA,Seasons 1-15,4,Ace,9
6,SA,Seasons 1-15,4,Murishca,8
6,SA,Seasons 1-15,4,Marthunis,3
6,SA,Seasons 1-15,4,Tevin,3
6,SA,Seasons 1-15,4,Josie,8
6,SA,Seasons 1-15,4,Vusi,0
6,SA,Seasons 1-15,4,Chane,2
6,SA,Seasons 1-15,4,Palesa,7
6,SA,Seasons 1-15,4,Toni,3
6,SA,Seasons 1-15,4,PK,2
6,SA,Seasons 1-15,4,Katinka,1
6,SA,Seasons 1-15,4,Werner,4
6,SA,Seasons 1-15,4,Annalize,1
6,SA,Seasons 1-15,4,Jeanne,6
6,SA,Seasons 1-15,4,Tom,5
6,US,Seasons 1-15,5,Jeanne,6
6,US,Seasons 1-15,5,Shawna,2
6,US,Seasons 1-15,5,Roger,2
6,US,Seasons 1-15,5,Dave,8
6,US,Seasons 1-15,5,Deena,5
6,US,Seasons 1-15,5,Alex,1
6,US,Seasons 1-15,5,Christy,2
6,US,Seasons 1-15,5,Heidi,4
6,US,Seasons 1-15,5,Butch,1
6,US,Seasons 1-15,5,Rob,4
6,US,Seasons 1-15,5,Matthew,1
6,US,Seasons 1-15,5,Jenna,8
6,AU,Seasons 1-15,5,Mitch,0
6,AU,Seasons 1-15,5,Joey,10
6,AU,Seasons 1-15,5,Daini,0
6,AU,Seasons 1-15,5,Shannon,0
6,AU,Seasons 1-15,5,Georgia,0
6,AU,Seasons 1-15,5,Rachel,1
6,AU,Seasons 1-15,5,Simon,6
6,AU,Seasons 1-15,5,Kez,0
6,AU,Seasons 1-15,5,Chelsea,0
6,AU,Seasons 1-15,5,Baden,2
6,AU,Seasons 1-15,5,Gerald,2
6,AU,Seasons 1-15,5,Laura,0
6,AU,Seasons 1-15,5,Emmett,0
6,AU,Seasons 1-15,5,Andrew,0
6,AU,Seasons 1-15,5,Dani,0
6,AU,Seasons 1-15,5,Wai,0
6,AU,Seasons 1-15,5,Cara,0
6,AU,Seasons 1-15,5,Flick,0
6,AU,Seasons 1-15,5,George,10
6,AU,Seasons 1-15,5,Hayley,0
6,SA,Seasons 1-15,5,Murishca,6
6,SA,Seasons 1-15,5,Marthunis,2
6,SA,Seasons 1-15,5,Tevin,5
6,SA,Seasons 1-15,5,Josie,6
6,SA,Seasons 1-15,5,Vusi,0
6,SA,Seasons 1-15,5,Chane,6
6,SA,Seasons 1-15,5,Palesa,8
6,SA,Seasons 1-15,5,Toni,2
6,SA,Seasons 1-15,5,PK,3
6,SA,Seasons 1-15,5,Katinka,2
6,SA,Seasons 1-15,5,Werner,2
6,SA,Seasons 1-15,5,Annalize,1
6,SA,Seasons 1-15,5,Jeanne,4
6,SA,Seasons 1-15,5,Tom,6
6,US,Seasons 1-15,6,Shawna,4
6,US,Seasons 1-15,6,Roger,0
6,US,Seasons 1-15,6,Dave,2
6,US,Seasons 1-15,6,Deena,5
6,US,Seasons 1-15,6,Alex,3
6,US,Seasons 1-15,6,Christy,2
6,US,Seasons 1-15,6,Heidi,3
6,US,Seasons 1-15,6,Butch,0
6,US,Seasons 1-15,6,Rob,8
6,US,Seasons 1-15,6,Matthew,4
6,US,Seasons 1-15,6,Jenna,3
6,AU,Seasons 1-15,6,Joey,8
6,AU,Seasons 1-15,6,Daini,0
6,AU,Seasons 1-15,6,Shannon,0
6,AU,Seasons 1-15,6,Georgia,2
6,AU,Seasons 1-15,6,Rachel,3
6,AU,Seasons 1-15,6,Simon,2
6,AU,Seasons 1-15,6,Kez,1
6,AU,Seasons 1-15,6,Chelsea,0
6,AU,Seasons 1-15,6,Baden,0
6,AU,Seasons 1-15,6,Gerald,2
6,AU,Seasons 1-15,6,Laura,2
6,AU,Seasons 1-15,6,Emmett,0
6,AU,Seasons 1-15,6,Andrew,0
6,AU,Seasons 1-15,6,Dani,0
6,AU,Seasons 1-15,6,Wai,1
6,AU,Seasons 1-15,6,Cara,9
6,AU,Seasons 1-15,6,Flick,6
6,AU,Seasons 1-15,6,George,8
6,AU,Seasons 1-15,6,Hayley,0
6,SA,Seasons 1-15,6,Marthunis,5
6,SA,Seasons 1-15,6,Tevin,5
6,SA,Seasons 1-15,6,Josie,3
6,SA,Seasons 1-15,6,Vusi,3
6,SA,Seasons 1-15,6,Chane,7
6,SA,Seasons 1-15,6,Palesa,4
6,SA,Seasons 1-15,6,Toni,4
6,SA,Seasons 1-15,6,PK,2
6,SA,Seasons 1-15,6,Katinka,3
6,SA,Seasons 1-15,6,Werner,6
6,SA,Seasons 1-15,6,Annalize,1
6,SA,Seasons 1-15,6,Jeanne,3
6,SA,Seasons 1-15,6,Tom,5
6,US,Seasons 1-15,7,Roger,4
6,US,Seasons 1-15,7,Dave,5
6,US,Seasons 1-15,7,Deena,8
6,US,Seasons 1-15,7,Alex,4
6,US,Seasons 1-15,7,Christy,2
6,US,Seasons 1-15,7,Heidi,1
6,US,Seasons 1-15,7,Butch,1
6,US,Seasons 1-15,7,Rob,10
6,US,Seasons 1-15,7,Matthew,1
6,US,Seasons 1-15,7,Jenna,1
6,AU,Seasons 1-15,7,Joey,8
6,AU,Seasons 1-15,7,Daini,0
6,AU,Seasons 1-15,7,Shannon,3
6,AU,Seasons 1-15,7,Georgia,0
6,AU,Seasons 1-15,7,Rachel,2
6,AU,Seasons 1-15,7,Simon,3
6,AU,Seasons 1-15,7,Kez,1
6,AU,Seasons 1-15,7,Chelsea,0
6,AU,Seasons 1-15,7,Baden,0
6,AU,Seasons 1-15,7,Gerald,1
6,AU,Seasons 1-15,7,Laura,1
6,AU,Seasons 1-15,7,Emmett,0
6,AU,Seasons 1-15,7,Andrew,0
6,AU,Seasons 1-15,7,Dani,0
6,AU,Seasons 1-15,7,Wai,2
6,AU,Seasons 1-15,7,Cara,4
6,AU,Seasons 1-15,7,Flick,0
6,AU,Seasons 1-15,7,George,6
6,AU,Seasons 1-15,7,Hayley,6
6,SA,Seasons 1-15,7,Tevin,9
6,SA,Seasons 1-15,7,Josie,5
6,SA,Seasons 1-15,7,Vusi,3
6,SA,Seasons 1-15,7,Chane,3
6,SA,Seasons 1-15,7,Palesa,2
6,SA,Seasons 1-15,7,Toni,3
6,SA,Seasons 1-15,7,PK,9
6,SA,Seasons 1-15,7,Katinka,1
6,SA,Seasons 1-15,7,Werner,4
6,SA,Seasons 1-15,7,Annalize,1
6,SA,Seasons 1-15,7,Jeanne,2
6,SA,Seasons 1-15,7,Tom,2
6,US,Seasons 1-15,8,Dave,4
6,US,Seasons 1-15,8,Deena,2
6,US,Seasons 1-15,8,Alex,2
6,US,Seasons 1-15,8,Christy,2
6,US,Seasons 1-15,8,Heidi,1
6,US,Seasons 1-15,8,Butch,2
6,US,Seasons 1-15,8,Rob,10
6,US,Seasons 1-15,8,Matthew,2
6,US,Seasons 1-15,8,Jenna,3
6,AU,Seasons 1-15,8,Daini,1
6,AU,Seasons 1-15,8,Shannon,0
6,AU,Seasons 1-15,8,Georgia,1
6,AU,Seasons 1-15,8,Rachel,2
6,AU,Seasons 1-15,8,Simon,3
6,AU,Seasons 1-15,8,Kez,0
6,AU,Seasons 1-15,8,Chelsea,0
6,AU,Seasons 1-15,8,Baden,0
6,AU,Seasons 1-15,8,Gerald,0
6,AU,Seasons 1-15,8,Laura,7
6,AU,Seasons 1-15,8,Emmett,5
6,AU,Seasons 1-15,8,Andrew,0
6,AU,Seasons 1-15,8,Dani,0
6,AU,Seasons 1-15,8,Wai,2
6,AU,Seasons 1-15,8,Cara,3
6,AU,Seasons 1-15,8,Flick,0
6,AU,Seasons 1-15,8,George,13
6,AU,Seasons 1-15,8,Hayley,4
6,SA,Seasons 1-15,8,Josie,9
6,SA,Seasons 1-15,8,Vusi,3
6,SA,Seasons 1-15,8,Chane,3
6,SA,Seasons 1-15,8,Palesa,2
6,SA,Seasons 1-15,8,Toni,8
6,SA,Seasons 1-15,8,PK,4
6,SA,Seasons 1-15,8,Katinka,1
6,SA,Seasons 1-15,8,Werner,8
6,SA,Seasons 1-15,8,Annalize,6
6,SA,Seasons 1-15,8,Jeanne,3
6,SA,Seasons 1-15,8,Tom,1
6,US,Seasons 1-15,9,Deena,6
6,US,Seasons 1-15,9,Alex,3
6,US,Seasons 1-15,9,Christy,0
6,US,Seasons 1-15,9,Heidi,3
6,US,Seasons 1-15,9,Butch,3
6,US,Seasons 1-15,9,Rob,13
6,US,Seasons 1-15,9,Matthew,2
6,US,Seasons 1-15,9,Jenna,4
6,AU,Seasons 1-15,9,Shannon,4
6,AU,Seasons 1-15,9,Georgia,0
6,AU,Seasons 1-15,9,Rachel,9
6,AU,Seasons 1-15,9,Simon,3
6,AU,Seasons 1-15,9,Kez,2
6,AU,Seasons 1-15,9,Chelsea,0
6,AU,Seasons 1-15,9,Baden,0
6,AU,Seasons 1-15,9,Gerald,0
6,AU,Seasons 1-15,9,Laura,3
6,AU,Seasons 1-15,9,Emmett,5
6,AU,Seasons 1-15,9,Andrew,1
6,AU,Seasons 1-15,9,Dani,2
6,AU,Seasons 1-15,9,Wai,1
6,AU,Seasons 1-15,9,Cara,2
6,AU,Seasons 1-15,9,Flick,0
6,AU,Seasons 1-15,9,George,1
6,AU,Seasons 1-15,9,Hayley,8
6,SA,Seasons 1-15,9,Vusi,3
6,SA,Seasons 1-15,9,Chane,6
6,SA,Seasons 1-15,9,Palesa,5
6,SA,Seasons 1-15,9,Toni,4
6,SA,Seasons 1-15,9,PK,8
6,SA,Seasons 1-15,9,Katinka,5
6,SA,Seasons 1-15,9,Werner,8
6,SA,Seasons 1-15,9,Annalize,1
6,SA,Seasons 1-15,9,Jeanne,2
6,SA,Seasons 1-15,9,Tom,10
6,AU,Seasons 1-15,10,Georgia,5
6,AU,Seasons 1-15,10,Rachel,4
6,AU,Seasons 1-15,10,Simon,2
6,AU,Seasons 1-15,10,Kez,3
6,AU,Seasons 1-15,10,Chelsea,0
6,AU,Seasons 1-15,10,Baden,0
6,AU,Seasons 1-15,10,Gerald,0
6,AU,Seasons 1-15,10,Laura,6
6,AU,Seasons 1-15,10,Emmett,10
6,AU,Seasons 1-15,10,Andrew,0
6,AU,Seasons 1-15,10,Dani,0
6,AU,Seasons 1-15,10,Wai,0
6,AU,Seasons 1-15,10,Cara,4
6,AU,Seasons 1-15,10,Flick,0
6,AU,Seasons 1-15,10,George,2
6,AU,Seasons 1-15,10,Hayley,4
6,SA,Seasons 1-15,10,Chane,5
6,SA,Seasons 1-15,10,Palesa,2
6,SA,Seasons 1-15,10,Toni,4
6,SA,Seasons 1-15,10,PK,7
6,SA,Seasons 1-15,10,Katinka,2
6,SA,Seasons 1-15,10,Werner,4
6,SA,Seasons 1-15,10,Annalize,2
6,SA,Seasons 1-15,10,Jeanne,0
6,SA,Seasons 1-15,10,Tom,0
6,US,Seasons 1-15,11,Alex,4
6,US,Seasons 1-15,11,Christy,5
6,US,Seasons 1-15,11,Heidi,3
6,US,Seasons 1-15,11,Butch,1
6,US,Seasons 1-15,11,Rob,6
6,US,Seasons 1-15,11,Matthew,8
6,US,Seasons 1-15,11,Jenna,3
6,AU,Seasons 1-15,11,Rachel,9
6,AU,Seasons 1-15,11,Simon,0
6,AU,Seasons 1-15,11,Kez,0
6,AU,Seasons 1-15,11,Chelsea,0
6,AU,Seasons 1-15,11,Baden,3
6,AU,Seasons 1-15,11,Gerald,0
6,AU,Seasons 1-15,11,Laura,0
6,AU,Seasons 1-15,11,Emmett,12
6,AU,Seasons 1-15,11,Andrew,0
6,AU,Seasons 1-15,11,Dani,0
6,AU,Seasons 1-15,11,Wai,0
6,AU,Seasons 1-15,11,Cara,1
6,AU,Seasons 1-15,11,Flick,0
6,AU,Seasons 1-15,11,George,3
6,AU,Seasons 1-15,11,Hayley,11
6,SA,Seasons 1-15,11,Palesa,15
6,SA,Seasons 1-15,11,Toni,2
6,SA,Seasons 1-15,11,PK,0
6,SA,Seasons 1-15,11,Katinka,5
6,SA,Seasons 1-15,11,Werner,4
6,SA,Seasons 1-15,11,Annalize,1
6,SA,Seasons 1-15,11,Jeanne,2
6,SA,Seasons 1-15,11,Tom,2
6,US,Seasons 1-15,12,Christy,3
6,US,Seasons 1-15,12,Heidi,3
6,US,Seasons 1-15,12,Butch,0
6,US,Seasons 1-15,12,Rob,10
6,US,Seasons 1-15,12,Matthew,7
6,US,Seasons 1-15,12,Jenna,4
6,AU,Seasons 1-15,12,Simon,5
6,AU,Seasons 1-15,12,Kez,3
6,AU,Seasons 1-15,12,Chelsea,0
6,AU,Seasons 1-15,12,Baden,2
6,AU,Seasons 1-15,12,Gerald,0
6,AU,Seasons 1-15,12,Laura,6
6,AU,Seasons 1-15,12,Emmett,1
6,AU,Seasons 1-15,12,Andrew,0
6,AU,Seasons 1-15,12,Dani,12
6,AU,Seasons 1-15,12,Wai,0
6,AU,Seasons 1-15,12,Cara,2
6,AU,Seasons 1-15,12,Flick,1
6,AU,Seasons 1-15,12,George,5
6,AU,Seasons 1-15,12,Hayley,10
6,SA,Seasons 1-15,12,Toni,7
6,SA,Seasons 1-15,12,PK,7
6,SA,Seasons 1-15,12,Katinka,2
6,SA,Seasons 1-15,12,Werner,6
6,SA,Seasons 1-15,12,Annalize,7
6,SA,Seasons 1-15,12,Jeanne,7
6,SA,Seasons 1-15,12,Tom,4
6,US,Seasons 1-15,13,Heidi,4
6,US,Seasons 1-15,13,Butch,3
6,US,Seasons 1-15,13,Rob,9
6,US,Seasons 1-15,13,Matthew,6
6,US,Seasons 1-15,13,Jenna,4
6,AU,Seasons 1-15,13,Kez,2
6,AU,Seasons 1-15,13,Chelsea,2
6,AU,Seasons 1-15,13,Baden,0
6,AU,Seasons 1-15,13,Gerald,0
6,AU,Seasons 1-15,13,Laura,0
6,AU,Seasons 1-15,13,Emmett,6
6,AU,Seasons 1-15,13,Andrew,0
6,AU,Seasons 1-15,13,Dani,3
6,AU,Seasons 1-15,13,Wai,1
6,AU,Seasons 1-15,13,Cara,0
6,AU,Seasons 1-15,13,Flick,1
6,AU,Seasons 1-15,13,George,13
6,AU,Seasons 1-15,13,Hayley,10
6,SA,Seasons 1-15,13,PK,5
6,SA,Seasons 1-15,13,Katinka,4
6,SA,Seasons 1-15,13,Werner,9
6,SA,Seasons 1-15,13,Annalize,6
6,SA,Seasons 1-15,13,Jeanne,2
6,SA,Seasons 1-15,13,Tom,2
6,US,Seasons 1-15,14,Butch,2
6,US,Seasons 1-15,14,Rob,10
6,US,Seasons 1-15,14,Matthew,15
6,US,Seasons 1-15,14,Jenna,17
6,AU,Seasons 1-15,14,Chelsea,0
6,AU,Seasons 1-15,14,Baden,3
6,AU,Seasons 1-15,14,Gerald,0
6,AU,Seasons 1-15,14,Laura,0
6,AU,Seasons 1-15,14,Emmett,0
6,AU,Seasons 1-15,14,Andrew,1
6,AU,Seasons 1-15,14,Dani,10
6,AU,Seasons 1-15,14,Wai,0
6,AU,Seasons 1-15,14,Cara,0
6,AU,Seasons 1-15,14,Flick,0
6,AU,Seasons 1-15,14,George,4
6,AU,Seasons 1-15,14,Hayley,9
6,SA,Seasons 1-15,14,Katinka,9
6,SA,Seasons 1-15,14,Werner,11
6,SA,Seasons 1-15,14,Annalize,5
6,SA,Seasons 1-15,14,Jeanne,10
6,SA,Seasons 1-15,14,Tom,9
6,AU,Seasons 1-15,15,Chelsea,0
6,AU,Seasons 1-15,15,Baden,4
6,AU,Seasons 1-15,15,Gerald,0
6,AU,Seasons 1-15,15,Laura,0
6,AU,Seasons 1-15,15,Emmett,9
6,AU,Seasons 1-15,15,Andrew,0
6,AU,Seasons 1-15,15,Dani,5
6,AU,Seasons 1-15,15,Wai,0
6,AU,Seasons 1-15,15,Cara,0
6,AU,Seasons 1-15,15,Flick,0
6,AU,Seasons 1-15,15,George,10
6,AU,Seasons 1-15,15,Hayley,13
6,SA,Seasons 1-15,15,Werner,7
6,SA,Seasons 1-15,15,Annalize,5
6,SA,Seasons 1-15,15,Jeanne,9
6,SA,Seasons 1-15,15,Tom,5
6,AU,Seasons 1-15,16,Gerald,0
6,AU,Seasons 1-15,16,Laura,2
6,AU,Seasons 1-15,16,Emmett,8
6,AU,Seasons 1-15,16,Andrew,0
6,AU,Seasons 1-15,16,Dani,13
6,AU,Seasons 1-15,16,Wai,0
6,AU,Seasons 1-15,16,Cara,0
6,AU,Seasons 1-15,16,Flick,4
6,AU,Seasons 1-15,16,George,8
6,AU,Seasons 1-15,16,Hayley,5
6,SA,Seasons 1-15,16,Annalize,2
6,SA,Seasons 1-15,16,Jeanne,12
6,SA,Seasons 1-15,16,Tom,7
6,AU,Seasons 1-15,17,Laura,2
6,AU,Seasons 1-15,17,Emmett,3
6,AU,Seasons 1-15,17,Andrew,2
6,AU,Seasons 1-15,17,Dani,7
6,AU,Seasons 1-15,17,Wai,0
6,AU,Seasons 1-15,17,Cara,3
6,AU,Seasons 1-15,17,Flick,9
6,AU,Seasons 1-15,17,George,5
6,AU,Seasons 1-15,17,Hayley,2
6,AU,Seasons 1-15,18,Emmett,6
6,AU,Seasons 1-15,18,Andrew,3
6,AU,Seasons 1-15,18,Dani,4
6,AU,Seasons 1-15,18,Wai,0
6,AU,Seasons 1-15,18,Cara,7
6,AU,Seasons 1-15,18,Flick,0
6,AU,Seasons 1-15,18,George,11
6,AU,Seasons 1-15,18,Hayley,10
6,AU,Seasons 1-15,19,Andrew,3
6,AU,Seasons 1-15,19,Dani,7
6,AU,Seasons 1-15,19,Wai,11
6,AU,Seasons 1-15,19,Cara,3
6,AU,Seasons 1-15,19,Flick,0
6,AU,Seasons 1-15,19,George,4
6,AU,Seasons 1-15,19,Hayley,2
6,AU,Seasons 1-15,20,Dani,7
6,AU,Seasons 1-15,20,Wai,3
6,AU,Seasons 1-15,20,Cara,4
6,AU,Seasons 1-15,20,Flick,4
6,AU,Seasons 1-15,20,George,8
6,AU,Seasons 1-15,20,Hayley,1
6,AU,Seasons 1-15,21,Dani,8
6,AU,Seasons 1-15,21,Wai,3
6,AU,Seasons 1-15,21,Cara,2
6,AU,Seasons 1-15,21,Flick,5
6,AU,Seasons 1-15,21,George,12
6,AU,Seasons 1-15,21,Hayley,6
6,AU,Seasons 1-15,22,Wai,5
6,AU,Seasons 1-15,22,Cara,5
6,AU,Seasons 1-15,22,Flick,6
6,AU,Seasons 1-15,22,George,7
6,AU,Seasons 1-15,22,Hayley,8
6,AU,Seasons 1-15,23,Cara,7
6,AU,Seasons 1-15,23,Flick,7
6,AU,Seasons 1-15,23,George,8
6,AU,Seasons 1-15,23,Hayley,9
6,AU,Seasons 1-15,24,Flick,3
6,AU,Seasons 1-15,24,George,4
6,AU,Seasons 1-15,24,Hayley,4
7,US,Seasons 1-15,1,Nicole,7
7,US,Seasons 1-15,1,Ryan S.,8
7,US,Seasons 1-15,1,Lillian,6
7,US,Seasons 1-15,1,Burton,4
7,US,Seasons 1-15,1,Michelle,4
7,US,Seasons 1-15,1,Trish,2
7,US,Seasons 1-15,1,Shawn,7
7,US,Seasons 1-15,1,Osten,9
7,US,Seasons 1-15,1,Andrew,7
7,US,Seasons 1-15,1,Ryan O.,3
7,US,Seasons 1-15,1,Rupert,11
7,US,Seasons 1-15,1,Tijuana,6
7,US,Seasons 1-15,1,Christa,7
7,US,Seasons 1-15,1,Darrah,1
7,US,Seasons 1-15,1,Jonny Fairplay,7
7,US,Seasons 1-15,1,Sandra,9
7,AU,Seasons 1-15,1,Sam,1
7,AU,Seasons 1-15,1,Mark,5
7,AU,Seasons 1-15,1,Andy,6
7,AU,Seasons 1-15,1,Amy,1
7,AU,Seasons 1-15,1,Ben,1
7,AU,Seasons 1-15,1,Croc,2
7,AU,Seasons 1-15,1,David,0
7,AU,Seasons 1-15,1,Jay,0
7,AU,Seasons 1-15,1,Jesse,3
7,AU,Seasons 1-15,1,Jordan,1
7,AU,Seasons 1-15,1,Kate,2
7,AU,Seasons 1-15,1,Michelle,0
7,AU,Seasons 1-15,1,Sophie,2
7,AU,Seasons 1-15,1,Alex,2
7,AU,Seasons 1-15,1,Briana,5
7,AU,Seasons 1-15,1,Chrissy,8
7,AU,Seasons 1-15,1,Jordie,1
7,AU,Seasons 1-15,1,Josh,1
7,AU,Seasons 1-15,1,Khanh,1
7,AU,Seasons 1-15,1,KJ,1
7,AU,Seasons 1-15,1,Mel,0
7,AU,Seasons 1-15,1,Nina,6
7,AU,Seasons 1-15,1,Shay,5
7,AU,Seasons 1-15,1,Sandra,3
7,SA,Seasons 1-15,1,Lee-Anne,7
7,SA,Seasons 1-15,1,Paul,4
7,SA,Seasons 1-15,1,Ting Ting,7
7,SA,Seasons 1-15,1,Rose-Lee,1
7,SA,Seasons 1-15,1,Felix,2
7,SA,Seasons 1-15,1,Tania,5
7,SA,Seasons 1-15,1,Rocco,6
7,SA,Seasons 1-15,1,Nathan,5
7,SA,Seasons 1-15,1,Meryl,1
7,SA,Seasons 1-15,1,Geoffrey,4
7,SA,Seasons 1-15,1,Seipei,7
7,SA,Seasons 1-15,1,Dante,3
7,SA,Seasons 1-15,1,Cobus,7
7,SA,Seasons 1-15,1,Mmaba,0
7,SA,Seasons 1-15,1,Jacques,8
7,SA,Seasons 1-15,1,Mike,5
7,SA,Seasons 1-15,1,Steffi,3
7,SA,Seasons 1-15,1,Laetitia,5
7,SA,Seasons 1-15,1,Durao,1
7,SA,Seasons 1-15,1,Nicole,3
7,SA,Seasons 1-15,1,Rob,5
7,US,Seasons 1-15,2,Ryan S.,4
7,US,Seasons 1-15,2,Lillian,1
7,US,Seasons 1-15,2,Burton,1
7,US,Seasons 1-15,2,Michelle,1
7,US,Seasons 1-15,2,Trish,0
7,US,Seasons 1-15,2,Shawn,2
7,US,Seasons 1-15,2,Osten,3
7,US,Seasons 1-15,2,Andrew,5
7,US,Seasons 1-15,2,Ryan O.,0
7,US,Seasons 1-15,2,Rupert,7
7,US,Seasons 1-15,2,Tijuana,4
7,US,Seasons 1-15,2,Christa,1
7,US,Seasons 1-15,2,Darrah,1
7,US,Seasons 1-15,2,Jonny Fairplay,0
7,US,Seasons 1-15,2,Sandra,3
7,AU,Seasons 1-15,2,Sam,3
7,AU,Seasons 1-15,2,Mark,0
7,AU,Seasons 1-15,2,Amy,0
7,AU,Seasons 1-15,2,Ben,0
7,AU,Seasons 1-15,2,Croc,0
7,AU,Seasons 1-15,2,David,0
7,AU,Seasons 1-15,2,Jay,0
7,AU,Seasons 1-15,2,Jesse,0
7,AU,Seasons 1-15,2,Jordan,0
7,AU,Seasons 1-15,2,Kate,2
7,AU,Seasons 1-15,2,Michelle,0
7,AU,Seasons 1-15,2,Sophie,3
7,AU,Seasons 1-15,2,Alex,0
7,AU,Seasons 1-15,2,Briana,12
7,AU,Seasons 1-15,2,Chrissy,9
7,AU,Seasons 1-15,2,Jordie,0
7,AU,Seasons 1-15,2,Josh,0
7,AU,Seasons 1-15,2,Khanh,6
7,AU,Seasons 1-15,2,KJ,0
7,AU,Seasons 1-15,2,Mel,0
7,AU,Seasons 1-15,2,Nina,4
7,AU,Seasons 1-15,2,Shay,3
7,AU,Seasons 1-15,2,Sandra,2
7,SA,Seasons 1-15,2,Paul,2
7,SA,Seasons 1-15,2,Ting Ting,0
7,SA,Seasons 1-15,2,Rose-Lee,1
7,SA,Seasons 1-15,2,Felix,5
7,SA,Seasons 1-15,2,Tania,1
7,SA,Seasons 1-15,2,Rocco,0
7,SA,Seasons 1-15,2,Nathan,0
7,SA,Seasons 1-15,2,Meryl,1
7,SA,Seasons 1-15,2,Geoffrey,1
7,SA,Seasons 1-15,2,Seipei,1
7,SA,Seasons 1-15,2,Dante,3
7,SA,Seasons 1-15,2,Cobus,5
7,SA,Seasons 1-15,2,Mmaba,1
7,SA,Seasons 1-15,2,Jacques,1
7,SA,Seasons 1-15,2,Mike,3
7,SA,Seasons 1-15,2,Steffi,6
7,SA,Seasons 1-15,2,Laetitia,0
7,SA,Seasons 1-15,2,Durao,0
7,SA,Seasons 1-15,2,Nicole,9
7,SA,Seasons 1-15,2,Rob,6
7,US,Seasons 1-15,3,Lillian,4
7,US,Seasons 1-15,3,Burton,1
7,US,Seasons 1-15,3,Michelle,1
7,US,Seasons 1-15,3,Trish,1
7,US,Seasons 1-15,3,Shawn,2
7,US,Seasons 1-15,3,Osten,2
7,US,Seasons 1-15,3,Andrew,13
7,US,Seasons 1-15,3,Ryan O.,5
7,US,Seasons 1-15,3,Rupert,2
7,US,Seasons 1-15,3,Tijuana,2
7,US,Seasons 1-15,3,Christa,4
7,US,Seasons 1-15,3,Darrah,1
7,US,Seasons 1-15,3,Jonny Fairplay,3
7,US,Seasons 1-15,3,Sandra,2
7,AU,Seasons 1-15,3,Sam,4
7,AU,Seasons 1-15,3,Mark,1
7,AU,Seasons 1-15,3,Amy,0
7,AU,Seasons 1-15,3,Ben,3
7,AU,Seasons 1-15,3,Croc,0
7,AU,Seasons 1-15,3,David,12
7,AU,Seasons 1-15,3,Jay,0
7,AU,Seasons 1-15,3,Jesse,0
7,AU,Seasons 1-15,3,Jordan,0
7,AU,Seasons 1-15,3,Kate,1
7,AU,Seasons 1-15,3,Michelle,0
7,AU,Seasons 1-15,3,Sophie,0
7,AU,Seasons 1-15,3,Alex,0
7,AU,Seasons 1-15,3,Chrissy,4
7,AU,Seasons 1-15,3,Jordie,0
7,AU,Seasons 1-15,3,Josh,0
7,AU,Seasons 1-15,3,Khanh,8
7,AU,Seasons 1-15,3,KJ,0
7,AU,Seasons 1-15,3,Mel,0
7,AU,Seasons 1-15,3,Nina,0
7,AU,Seasons 1-15,3,Shay,0
7,AU,Seasons 1-15,3,Sandra,14
7,SA,Seasons 1-15,3,Ting Ting,10
7,SA,Seasons 1-15,3,Rose-Lee,4
7,SA,Seasons 1-15,3,Felix,4
7,SA,Seasons 1-15,3,Tania,3
7,SA,Seasons 1-15,3,Rocco,1
7,SA,Seasons 1-15,3,Nathan,7
7,SA,Seasons 1-15,3,Meryl,0
7,SA,Seasons 1-15,3,Geoffrey,2
7,SA,Seasons 1-15,3,Seipei,7
7,SA,Seasons 1-15,3,Dante,5
7,SA,Seasons 1-15,3,Cobus,4
7,SA,Seasons 1-15,3,Mmaba,3
7,SA,Seasons 1-15,3,Jacques,5
7,SA,Seasons 1-15,3,Mike,1
7,SA,Seasons 1-15,3,Steffi,1
7,SA,Seasons 1-15,3,Laetitia,1
7,SA,Seasons 1-15,3,Durao,0
7,SA,Seasons 1-15,3,Nicole,3
7,SA,Seasons 1-15,3,Rob,2
7,US,Seasons 1-15,4,Lillian,0
7,US,Seasons 1-15,4,Burton,6
7,US,Seasons 1-15,4,Michelle,1
7,US,Seasons 1-15,4,Trish,2
7,US,Seasons 1-15,4,Shawn,3
7,US,Seasons 1-15,4,Osten,1
7,US,Seasons 1-15,4,Andrew,4
7,US,Seasons 1-15,4,Ryan O.,2
7,US,Seasons 1-15,4,Rupert,3
7,US,Seasons 1-15,4,Tijuana,1
7,US,Seasons 1-15,4,Christa,6
7,US,Seasons 1-15,4,Darrah,1
7,US,Seasons 1-15,4,Jonny Fairplay,3
7,US,Seasons 1-15,4,Sandra,2
7,AU,Seasons 1-15,4,Sam,4
7,AU,Seasons 1-15,4,Mark,3
7,AU,Seasons 1-15,4,Amy,2
7,AU,Seasons 1-15,4,Ben,3
7,AU,Seasons 1-15,4,Croc,0
7,AU,Seasons 1-15,4,David,3
7,AU,Seasons 1-15,4,Jay,0
7,AU,Seasons 1-15,4,Jesse,0
7,AU,Seasons 1-15,4,Jordan,0
7,AU,Seasons 1-15,4,Michelle,0
7,AU,Seasons 1-15,4,Sophie,11
7,AU,Seasons 1-15,4,Alex,0
7,AU,Seasons 1-15,4,Chrissy,0
7,AU,Seasons 1-15,4,Jordie,0
7,AU,Seasons 1-15,4,Josh,0
7,AU,Seasons 1-15,4,Khanh,3
7,AU,Seasons 1-15,4,KJ,0
7,AU,Seasons 1-15,4,Mel,0
7,AU,Seasons 1-15,4,Nina,0
7,AU,Seasons 1-15,4,Shay,0
7,AU,Seasons 1-15,4,Sandra,7
7,SA,Seasons 1-15,4,Rose-Lee,5
7,SA,Seasons 1-15,4,Felix,2
7,SA,Seasons 1-15,4,Tania,3
7,SA,Seasons 1-15,4,Rocco,3
7,SA,Seasons 1-15,4,Nathan,3
7,SA,Seasons 1-15,4,Meryl,3
7,SA,Seasons 1-15,4,Geoffrey,4
7,SA,Seasons 1-15,4,Seipei,7
7,SA,Seasons 1-15,4,Dante,4
7,SA,Seasons 1-15,4,Cobus,2
7,SA,Seasons 1-15,4,Mmaba,2
7,SA,Seasons 1-15,4,Jacques,14
7,SA,Seasons 1-15,4,Mike,2
7,SA,Seasons 1-15,4,Steffi,4
7,SA,Seasons 1-15,4,Laetitia,2
7,SA,Seasons 1-15,4,Durao,5
7,SA,Seasons 1-15,4,Nicole,2
7,SA,Seasons 1-15,4,Rob,6
7,US,Seasons 1-15,5,Lillian,0
7,US,Seasons 1-15,5,Burton,0
7,US,Seasons 1-15,5,Michelle,3
7,US,Seasons 1-15,5,Trish,4
7,US,Seasons 1-15,5,Shawn,2
7,US,Seasons 1-15,5,Osten,1
7,US,Seasons 1-15,5,Andrew,5
7,US,Seasons 1-15,5,Ryan O.,4
7,US,Seasons 1-15,5,Rupert,9
7,US,Seasons 1-15,5,Tijuana,2
7,US,Seasons 1-15,5,Christa,0
7,US,Seasons 1-15,5,Darrah,2
7,US,Seasons 1-15,5,Jonny Fairplay,2
7,US,Seasons 1-15,5,Sandra,2
7,AU,Seasons 1-15,5,Sam,3
7,AU,Seasons 1-15,5,Mark,3
7,AU,Seasons 1-15,5,Amy,0
7,AU,Seasons 1-15,5,Ben,1
7,AU,Seasons 1-15,5,Croc,0
7,AU,Seasons 1-15,5,David,0
7,AU,Seasons 1-15,5,Jay,0
7,AU,Seasons 1-15,5,Jesse,0
7,AU,Seasons 1-15,5,Jordan,3
7,AU,Seasons 1-15,5,Michelle,0
7,AU,Seasons 1-15,5,Sophie,7
7,AU,Seasons 1-15,5,Alex,1
7,AU,Seasons 1-15,5,Chrissy,0
7,AU,Seasons 1-15,5,Jordie,0
7,AU,Seasons 1-15,5,Josh,0
7,AU,Seasons 1-15,5,Khanh,7
7,AU,Seasons 1-15,5,KJ,11
7,AU,Seasons 1-15,5,Mel,0
7,AU,Seasons 1-15,5,Nina,0
7,AU,Seasons 1-15,5,Shay,2
7,AU,Seasons 1-15,5,Sandra,2
7,SA,Seasons 1-15,5,Felix,6
7,SA,Seasons 1-15,5,Tania,2
7,SA,Seasons 1-15,5,Rocco,1
7,SA,Seasons 1-15,5,Nathan,5
7,SA,Seasons 1-15,5,Meryl,6
7,SA,Seasons 1-15,5,Geoffrey,4
7,SA,Seasons 1-15,5,Seipei,3
7,SA,Seasons 1-15,5,Dante,2
7,SA,Seasons 1-15,5,Cobus,0
7,SA,Seasons 1-15,5,Mmaba,1
7,SA,Seasons 1-15,5,Jacques,3
7,SA,Seasons 1-15,5,Mike,0
7,SA,Seasons 1-15,5,Steffi,1
7,SA,Seasons 1-15,5,Laetitia,1
7,SA,Seasons 1-15,5,Durao,5
7,SA,Seasons 1-15,5,Nicole,2
7,SA,Seasons 1-15,5,Rob,5
7,US,Seasons 1-15,6,Lillian,0
7,US,Seasons 1-15,6,Burton,0
7,US,Seasons 1-15,6,Trish,4
7,US,Seasons 1-15,6,Shawn,3
7,US,Seasons 1-15,6,Osten,1
7,US,Seasons 1-15,6,Andrew,5
7,US,Seasons 1-15,6,Ryan O.,1
7,US,Seasons 1-15,6,Rupert,5
7,US,Seasons 1-15,6,Tijuana,0
7,US,Seasons 1-15,6,Christa,0
7,US,Seasons 1-15,6,Darrah,1
7,US,Seasons 1-15,6,Jonny Fairplay,3
7,US,Seasons 1-15,6,Sandra,4
7,AU,Seasons 1-15,6,Sam,0
7,AU,Seasons 1-15,6,Mark,2
7,AU,Seasons 1-15,6,Amy,12
7,AU,Seasons 1-15,6,Ben,0
7,AU,Seasons 1-15,6,Croc,3
7,AU,Seasons 1-15,6,David,0
7,AU,Seasons 1-15,6,Jay,0
7,AU,Seasons 1-15,6,Jesse,1
7,AU,Seasons 1-15,6,Jordan,2
7,AU,Seasons 1-15,6,Michelle,1
7,AU,Seasons 1-15,6,Sophie,3
7,AU,Seasons 1-15,6,Chrissy,0
7,AU,Seasons 1-15,6,Jordie,2
7,AU,Seasons 1-15,6,Josh,0
7,AU,Seasons 1-15,6,Khanh,3
7,AU,Seasons 1-15,6,KJ,0
7,AU,Seasons 1-15,6,Mel,0
7,AU,Seasons 1-15,6,Nina,0
7,AU,Seasons 1-15,6,Shay,0
7,AU,Seasons 1-15,6,Sandra,15
7,SA,Seasons 1-15,6,Tania,5
7,SA,Seasons 1-15,6,Rocco,0
7,SA,Seasons 1-15,6,Nathan,8
7,SA,Seasons 1-15,6,Meryl,2
7,SA,Seasons 1-15,6,Geoffrey,1
7,SA,Seasons 1-15,6,Seipei,9
7,SA,Seasons 1-15,6,Dante,5
7,SA,Seasons 1-15,6,Cobus,6
7,SA,Seasons 1-15,6,Mmaba,0
7,SA,Seasons 1-15,6,Jacques,4
7,SA,Seasons 1-15,6,Mike,1
7,SA,Seasons 1-15,6,Steffi,4
7,SA,Seasons 1-15,6,Laetitia,2
7,SA,Seasons 1-15,6,Durao,4
7,SA,Seasons 1-15,6,Nicole,6
7,SA,Seasons 1-15,6,Rob,10
7,US,Seasons 1-15,7,Nicole,0
7,US,Seasons 1-15,7,Ryan S.,0
7,US,Seasons 1-15,7,Lillian,0
7,US,Seasons 1-15,7,Burton,0
7,US,Seasons 1-15,7,Michelle,0
7,US,Seasons 1-15,7,Trish,0
7,US,Seasons 1-15,7,Shawn,1
7,US,Seasons 1-15,7,Osten,1
7,US,Seasons 1-15,7,Andrew,5
7,US,Seasons 1-15,7,Ryan O.,0
7,US,Seasons 1-15,7,Rupert,4
7,US,Seasons 1-15,7,Tijuana,2
7,US,Seasons 1-15,7,Christa,0
7,US,Seasons 1-15,7,Darrah,0
7,US,Seasons 1-15,7,Jonny Fairplay,3
7,US,Seasons 1-15,7,Sandra,3
7,AU,Seasons 1-15,7,Sam,5
7,AU,Seasons 1-15,7,Mark,2
7,AU,Seasons 1-15,7,Amy,0
7,AU,Seasons 1-15,7,Ben,0
7,AU,Seasons 1-15,7,Croc,4
7,AU,Seasons 1-15,7,David,0
7,AU,Seasons 1-15,7,Jesse,0
7,AU,Seasons 1-15,7,Jordan,0
7,AU,Seasons 1-15,7,Michelle,0
7,AU,Seasons 1-15,7,Sophie,0
7,AU,Seasons 1-15,7,Chrissy,3
7,AU,Seasons 1-15,7,Jordie,6
7,AU,Seasons 1-15,7,Josh,0
7,AU,Seasons 1-15,7,Khanh,0
7,AU,Seasons 1-15,7,KJ,0
7,AU,Seasons 1-15,7,Mel,0
7,AU,Seasons 1-15,7,Nina,10
7,AU,Seasons 1-15,7,Shay,0
7,AU,Seasons 1-15,7,Sandra,6
7,SA,Seasons 1-15,7,Rocco,6
7,SA,Seasons 1-15,7,Nathan,1
7,SA,Seasons 1-15,7,Meryl,5
7,SA,Seasons 1-15,7,Geoffrey,6
7,SA,Seasons 1-15,7,Seipei,2
7,SA,Seasons 1-15,7,Dante,5
7,SA,Seasons 1-15,7,Cobus,2
7,SA,Seasons 1-15,7,Mmaba,4
7,SA,Seasons 1-15,7,Jacques,3
7,SA,Seasons 1-15,7,Mike,8
7,SA,Seasons 1-15,7,Steffi,3
7,SA,Seasons 1-15,7,Laetitia,2
7,SA,Seasons 1-15,7,Durao,4
7,SA,Seasons 1-15,7,Nicole,2
7,SA,Seasons 1-15,7,Rob,3
7,US,Seasons 1-15,8,Lillian,8
7,US,Seasons 1-15,8,Burton,8
7,US,Seasons 1-15,8,Andrew,6
7,US,Seasons 1-15,8,Ryan O.,0
7,US,Seasons 1-15,8,Rupert,7
7,US,Seasons 1-15,8,Tijuana,4
7,US,Seasons 1-15,8,Christa,1
7,US,Seasons 1-15,8,Darrah,0
7,US,Seasons 1-15,8,Jonny Fairplay,1
7,US,Seasons 1-15,8,Sandra,3
7,AU,Seasons 1-15,8,Sam,8
7,AU,Seasons 1-15,8,Mark,0
7,AU,Seasons 1-15,8,Amy,0
7,AU,Seasons 1-15,8,Ben,0
7,AU,Seasons 1-15,8,Croc,4
7,AU,Seasons 1-15,8,David,0
7,AU,Seasons 1-15,8,Jesse,0
7,AU,Seasons 1-15,8,Jordan,0
7,AU,Seasons 1-15,8,Michelle,0
7,AU,Seasons 1-15,8,Sophie,5
7,AU,Seasons 1-15,8,Chrissy,2
7,AU,Seasons 1-15,8,Jordie,4
7,AU,Seasons 1-15,8,Josh,0
7,AU,Seasons 1-15,8,Khanh,0
7,AU,Seasons 1-15,8,KJ,5
7,AU,Seasons 1-15,8,Mel,0
7,AU,Seasons 1-15,8,Nina,2
7,AU,Seasons 1-15,8,Shay,0
7,SA,Seasons 1-15,8,Nathan,8
7,SA,Seasons 1-15,8,Meryl,0
7,SA,Seasons 1-15,8,Geoffrey,4
7,SA,Seasons 1-15,8,Seipei,2
7,SA,Seasons 1-15,8,Dante,7
7,SA,Seasons 1-15,8,Cobus,2
7,SA,Seasons 1-15,8,Mmaba,2
7,SA,Seasons 1-15,8,Jacques,0
7,SA,Seasons 1-15,8,Mike,3
7,SA,Seasons 1-15,8,Steffi,3
7,SA,Seasons 1-15,8,Laetitia,2
7,SA,Seasons 1-15,8,Durao,3
7,SA,Seasons 1-15,8,Nicole,2
7,SA,Seasons 1-15,8,Rob,9
7,US,Seasons 1-15,9,Lillian,5
7,US,Seasons 1-15,9,Burton,6
7,US,Seasons 1-15,9,Ryan O.,3
7,US,Seasons 1-15,9,Rupert,2
7,US,Seasons 1-15,9,Tijuana,4
7,US,Seasons 1-15,9,Christa,3
7,US,Seasons 1-15,9,Darrah,0
7,US,Seasons 1-15,9,Jonny Fairplay,4
7,US,Seasons 1-15,9,Sandra,1
7,AU,Seasons 1-15,9,Sam,2
7,AU,Seasons 1-15,9,Mark,0
7,AU,Seasons 1-15,9,Amy,8
7,AU,Seasons 1-15,9,Ben,0
7,AU,Seasons 1-15,9,Croc,0
7,AU,Seasons 1-15,9,David,0
7,AU,Seasons 1-15,9,Jesse,0
7,AU,Seasons 1-15,9,Jordan,7
7,AU,Seasons 1-15,9,Michelle,0
7,AU,Seasons 1-15,9,Chrissy,4
7,AU,Seasons 1-15,9,Jordie,0
7,AU,Seasons 1-15,9,Josh,8
7,AU,Seasons 1-15,9,Khanh,3
7,AU,Seasons 1-15,9,KJ,1
7,AU,Seasons 1-15,9,Mel,0
7,AU,Seasons 1-15,9,Nina,6
7,AU,Seasons 1-15,9,Shay,2
7,SA,Seasons 1-15,9,Meryl,4
7,SA,Seasons 1-15,9,Geoffrey,4
7,SA,Seasons 1-15,9,Seipei,2
7,SA,Seasons 1-15,9,Dante,5
7,SA,Seasons 1-15,9,Cobus,4
7,SA,Seasons 1-15,9,Mmaba,0
7,SA,Seasons 1-15,9,Jacques,6
7,SA,Seasons 1-15,9,Mike,5
7,SA,Seasons 1-15,9,Steffi,3
7,SA,Seasons 1-15,9,Laetitia,1
7,SA,Seasons 1-15,9,Durao,1
7,SA,Seasons 1-15,9,Nicole,11
7,SA,Seasons 1-15,9,Rob,9
7,US,Seasons 1-15,10,Lillian,3
7,US,Seasons 1-15,10,Burton,5
7,US,Seasons 1-15,10,Rupert,11
7,US,Seasons 1-15,10,Tijuana,0
7,US,Seasons 1-15,10,Christa,0
7,US,Seasons 1-15,10,Darrah,1
7,US,Seasons 1-15,10,Jonny Fairplay,5
7,US,Seasons 1-15,10,Sandra,1
7,AU,Seasons 1-15,10,Sam,1
7,AU,Seasons 1-15,10,Mark,4
7,AU,Seasons 1-15,10,Ben,4
7,AU,Seasons 1-15,10,Croc,1
7,AU,Seasons 1-15,10,David,0
7,AU,Seasons 1-15,10,Jesse,17
7,AU,Seasons 1-15,10,Jordan,1
7,AU,Seasons 1-15,10,Michelle,0
7,AU,Seasons 1-15,10,Chrissy,1
7,AU,Seasons 1-15,10,Jordie,2
7,AU,Seasons 1-15,10,Josh,0
7,AU,Seasons 1-15,10,Khanh,1
7,AU,Seasons 1-15,10,KJ,1
7,AU,Seasons 1-15,10,Mel,0
7,AU,Seasons 1-15,10,Nina,9
7,AU,Seasons 1-15,10,Shay,0
7,SA,Seasons 1-15,10,Geoffrey,11
7,SA,Seasons 1-15,10,Seipei,0
7,SA,Seasons 1-15,10,Dante,1
7,SA,Seasons 1-15,10,Cobus,2
7,SA,Seasons 1-15,10,Mmaba,2
7,SA,Seasons 1-15,10,Jacques,4
7,SA,Seasons 1-15,10,Mike,5
7,SA,Seasons 1-15,10,Steffi,0
7,SA,Seasons 1-15,10,Laetitia,2
7,SA,Seasons 1-15,10,Durao,3
7,SA,Seasons 1-15,10,Nicole,4
7,SA,Seasons 1-15,10,Rob,11
7,US,Seasons 1-15,11,Lillian,2
7,US,Seasons 1-15,11,Burton,3
7,US,Seasons 1-15,11,Tijuana,5
7,US,Seasons 1-15,11,Christa,4
7,US,Seasons 1-15,11,Darrah,0
7,US,Seasons 1-15,11,Jonny Fairplay,5
7,US,Seasons 1-15,11,Sandra,5
7,AU,Seasons 1-15,11,Sam,2
7,AU,Seasons 1-15,11,Mark,0
7,AU,Seasons 1-15,11,Ben,5
7,AU,Seasons 1-15,11,Croc,5
7,AU,Seasons 1-15,11,David,0
7,AU,Seasons 1-15,11,Jesse,5
7,AU,Seasons 1-15,11,Jordan,0
7,AU,Seasons 1-15,11,Michelle,0
7,AU,Seasons 1-15,11,Chrissy,6
7,AU,Seasons 1-15,11,Jordie,0
7,AU,Seasons 1-15,11,Josh,0
7,AU,Seasons 1-15,11,Khanh,0
7,AU,Seasons 1-15,11,KJ,5
7,AU,Seasons 1-15,11,Mel,0
7,AU,Seasons 1-15,11,Shay,4
7,SA,Seasons 1-15,11,Seipei,8
7,SA,Seasons 1-15,11,Dante,4
7,SA,Seasons 1-15,11,Cobus,5
7,SA,Seasons 1-15,11,Mmaba,1
7,SA,Seasons 1-15,11,Jacques,2
7,SA,Seasons 1-15,11,Mike,7
7,SA,Seasons 1-15,11,Steffi,2
7,SA,Seasons 1-15,11,Laetitia,2
7,SA,Seasons 1-15,11,Durao,4
7,SA,Seasons 1-15,11,Nicole,6
7,SA,Seasons 1-15,11,Rob,12
7,US,Seasons 1-15,12,Lillian,12
7,US,Seasons 1-15,12,Burton,6
7,US,Seasons 1-15,12,Christa,6
7,US,Seasons 1-15,12,Darrah,2
7,US,Seasons 1-15,12,Jonny Fairplay,10
7,US,Seasons 1-15,12,Sandra,5
7,AU,Seasons 1-15,12,Sam,2
7,AU,Seasons 1-15,12,Mark,9
7,AU,Seasons 1-15,12,Ben,5
7,AU,Seasons 1-15,12,David,0
7,AU,Seasons 1-15,12,Jesse,0
7,AU,Seasons 1-15,12,Jordan,0
7,AU,Seasons 1-15,12,Michelle,0
7,AU,Seasons 1-15,12,Chrissy,7
7,AU,Seasons 1-15,12,Jordie,6
7,AU,Seasons 1-15,12,Josh,0
7,AU,Seasons 1-15,12,Khanh,2
7,AU,Seasons 1-15,12,KJ,3
7,AU,Seasons 1-15,12,Mel,0
7,AU,Seasons 1-15,12,Shay,2
7,SA,Seasons 1-15,12,Dante,7
7,SA,Seasons 1-15,12,Cobus,1
7,SA,Seasons 1-15,12,Mmaba,4
7,SA,Seasons 1-15,12,Jacques,7
7,SA,Seasons 1-15,12,Mike,6
7,SA,Seasons 1-15,12,Steffi,2
7,SA,Seasons 1-15,12,Laetitia,2
7,SA,Seasons 1-15,12,Durao,4
7,SA,Seasons 1-15,12,Nicole,0
7,SA,Seasons 1-15,12,Rob,5
7,US,Seasons 1-15,13,Lillian,3
7,US,Seasons 1-15,13,Burton,12
7,US,Seasons 1-15,13,Darrah,1
7,US,Seasons 1-15,13,Jonny Fairplay,6
7,US,Seasons 1-15,13,Sandra,6
7,AU,Seasons 1-15,13,Sam,12
7,AU,Seasons 1-15,13,Mark,9
7,AU,Seasons 1-15,13,David,0
7,AU,Seasons 1-15,13,Jesse,3
7,AU,Seasons 1-15,13,Jordan,0
7,AU,Seasons 1-15,13,Michelle,1
7,AU,Seasons 1-15,13,Chrissy,2
7,AU,Seasons 1-15,13,Jordie,7
7,AU,Seasons 1-15,13,Josh,0
7,AU,Seasons 1-15,13,Khanh,5
7,AU,Seasons 1-15,13,KJ,0
7,AU,Seasons 1-15,13,Mel,4
7,AU,Seasons 1-15,13,Shay,2
7,SA,Seasons 1-15,13,Cobus,11
7,SA,Seasons 1-15,13,Mmaba,2
7,SA,Seasons 1-15,13,Jacques,7
7,SA,Seasons 1-15,13,Mike,3
7,SA,Seasons 1-15,13,Steffi,7
7,SA,Seasons 1-15,13,Laetitia,0
7,SA,Seasons 1-15,13,Durao,0
7,SA,Seasons 1-15,13,Nicole,2
7,SA,Seasons 1-15,13,Rob,3
7,US,Seasons 1-15,14,Lillian,10
7,US,Seasons 1-15,14,Darrah,2
7,US,Seasons 1-15,14,Jonny Fairplay,6
7,US,Seasons 1-15,14,Sandra,9
7,AU,Seasons 1-15,14,Sam,10
7,AU,Seasons 1-15,14,Mark,5
7,AU,Seasons 1-15,14,David,0
7,AU,Seasons 1-15,14,Jesse,0
7,AU,Seasons 1-15,14,Jordan,0
7,AU,Seasons 1-15,14,Michelle,6
7,AU,Seasons 1-15,14,Chrissy,0
7,AU,Seasons 1-15,14,Jordie,4
7,AU,Seasons 1-15,14,Josh,4
7,AU,Seasons 1-15,14,KJ,0
7,AU,Seasons 1-15,14,Mel,4
7,AU,Seasons 1-15,14,Shay,3
7,SA,Seasons 1-15,14,Mmaba,6
7,SA,Seasons 1-15,14,Jacques,5
7,SA,Seasons 1-15,14,Mike,9
7,SA,Seasons 1-15,14,Steffi,6
7,SA,Seasons 1-15,14,Laetitia,1
7,SA,Seasons 1-15,14,Durao,5
7,SA,Seasons 1-15,14,Nicole,5
7,SA,Seasons 1-15,14,Rob,7
7,AU,Seasons 1-15,15,Sam,7
7,AU,Seasons 1-15,15,Mark,6
7,AU,Seasons 1-15,15,David,0
7,AU,Seasons 1-15,15,Jesse,9
7,AU,Seasons 1-15,15,Jordan,0
7,AU,Seasons 1-15,15,Michelle,2
7,AU,Seasons 1-15,15,Chrissy,2
7,AU,Seasons 1-15,15,Jordie,4
7,AU,Seasons 1-15,15,Josh,7
7,AU,Seasons 1-15,15,KJ,0
7,AU,Seasons 1-15,15,Shay,0
7,SA,Seasons 1-15,15,Jacques,7
7,SA,Seasons 1-15,15,Mike,7
7,SA,Seasons 1-15,15,Steffi,5
7,SA,Seasons 1-15,15,Laetitia,2
7,SA,Seasons 1-15,15,Durao,0
7,SA,Seasons 1-15,15,Nicole,4
7,SA,Seasons 1-15,15,Rob,9
7,AU,Seasons 1-15,16,Sam,9
7,AU,Seasons 1-15,16,Mark,3
7,AU,Seasons 1-15,16,David,2
7,AU,Seasons 1-15,16,Jordan,0
7,AU,Seasons 1-15,16,Michelle,0
7,AU,Seasons 1-15,16,Chrissy,0
7,AU,Seasons 1-15,16,Jordie,17
7,AU,Seasons 1-15,16,Josh,0
7,AU,Seasons 1-15,16,KJ,0
7,AU,Seasons 1-15,16,Shay,0
7,SA,Seasons 1-15,16,Mike,4
7,SA,Seasons 1-15,16,Steffi,9
7,SA,Seasons 1-15,16,Laetitia,1
7,SA,Seasons 1-15,16,Durao,0
7,SA,Seasons 1-15,16,Nicole,5
7,SA,Seasons 1-15,16,Rob,4
7,AU,Seasons 1-15,17,Sam,11
7,AU,Seasons 1-15,17,Mark,1
7,AU,Seasons 1-15,17,David,1
7,AU,Seasons 1-15,17,Jordan,2
7,AU,Seasons 1-15,17,Michelle,2
7,AU,Seasons 1-15,17,Chrissy,2
7,AU,Seasons 1-15,17,Jordie,15
7,AU,Seasons 1-15,17,Josh,1
7,AU,Seasons 1-15,17,KJ,1
7,AU,Seasons 1-15,17,Shay,3
7,SA,Seasons 1-15,17,Steffi,9
7,SA,Seasons 1-15,17,Laetitia,1
7,SA,Seasons 1-15,17,Durao,3
7,SA,Seasons 1-15,17,Nicole,8
7,SA,Seasons 1-15,17,Rob,9
7,AU,Seasons 1-15,18,Sam,10
7,AU,Seasons 1-15,18,Mark,2
7,AU,Seasons 1-15,18,David,5
7,AU,Seasons 1-15,18,Jordan,0
7,AU,Seasons 1-15,18,Michelle,3
7,AU,Seasons 1-15,18,Chrissy,2
7,AU,Seasons 1-15,18,Jordie,5
7,AU,Seasons 1-15,18,Josh,10
7,AU,Seasons 1-15,18,KJ,1
7,AU,Seasons 1-15,18,Shay,2
7,SA,Seasons 1-15,18,Laetitia,5
7,SA,Seasons 1-15,18,Durao,5
7,SA,Seasons 1-15,18,Nicole,6
7,SA,Seasons 1-15,18,Rob,6
7,AU,Seasons 1-15,19,Sam,9
7,AU,Seasons 1-15,19,Mark,2
7,AU,Seasons 1-15,19,David,0
7,AU,Seasons 1-15,19,Jordan,0
7,AU,Seasons 1-15,19,Chrissy,0
7,AU,Seasons 1-15,19,Jordie,13
7,AU,Seasons 1-15,19,Josh,3
7,AU,Seasons 1-15,19,KJ,6
7,AU,Seasons 1-15,19,Shay,4
7,AU,Seasons 1-15,20,Sam,6
7,AU,Seasons 1-15,20,Mark,6
7,AU,Seasons 1-15,20,David,2
7,AU,Seasons 1-15,20,Chrissy,4
7,AU,Seasons 1-15,20,Jordie,8
7,AU,Seasons 1-15,20,Josh,6
7,AU,Seasons 1-15,20,KJ,0
7,AU,Seasons 1-15,20,Shay,0
7,AU,Seasons 1-15,21,Mark,10
7,AU,Seasons 1-15,21,David,6
7,AU,Seasons 1-15,21,Chrissy,2
7,AU,Seasons 1-15,21,Jordie,11
7,AU,Seasons 1-15,21,Josh,8
7,AU,Seasons 1-15,21,KJ,2
7,AU,Seasons 1-15,21,Shay,4
7,AU,Seasons 1-15,22,Mark,12
7,AU,Seasons 1-15,22,Chrissy,3
7,AU,Seasons 1-15,22,Jordie,11
7,AU,Seasons 1-15,22,Josh,3
7,AU,Seasons 1-15,22,KJ,0
7,AU,Seasons 1-15,22,Shay,0
7,AU,Seasons 1-15,23,Mark,6
7,AU,Seasons 1-15,23,Chrissy,5
7,AU,Seasons 1-15,23,Josh,6
7,AU,Seasons 1-15,23,KJ,6
7,AU,Seasons 1-15,23,Shay,5
7,AU,Seasons 1-15,24,Mark,8
7,AU,Seasons 1-15,24,Chrissy,5
7,AU,Seasons 1-15,24,Josh,4
7,AU,Seasons 1-15,24,Shay,5
8,US,Seasons 1-15,1,Jenna L.,6
8,US,Seasons 1-15,1,Sue,2
8,US,Seasons 1-15,1,Rudy,3
8,US,Seasons 1-15,1,Richard,3
8,US,Seasons 1-15,1,Alicia,5
8,US,Seasons 1-15,1,Jerri,3
8,US,Seasons 1-15,1,Amber,1
8,US,Seasons 1-15,1,Colby,2
8,US,Seasons 1-15,1,Tina,2
8,US,Seasons 1-15,1,Tom,4
8,US,Seasons 1-15,1,Lex,2
8,US,Seasons 1-15,1,Ethan,1
8,US,Seasons 1-15,1,Boston Rob,8
8,US,Seasons 1-15,1,Kathy,1
8,US,Seasons 1-15,1,Shii Ann,3
8,US,Seasons 1-15,1,Rob C.,4
8,US,Seasons 1-15,1,Jenna M.,1
8,US,Seasons 1-15,1,Rupert,5
8,AU,Seasons 1-15,1,Sam,1
8,AU,Seasons 1-15,1,Stevie,5
8,AU,Seasons 1-15,1,Jackie,0
8,AU,Seasons 1-15,1,Shonee,13
8,AU,Seasons 1-15,1,Shaun,1
8,AU,Seasons 1-15,1,Simon,6
8,AU,Seasons 1-15,1,Flick,1
8,AU,Seasons 1-15,1,George,5
8,AU,Seasons 1-15,1,Hayley,7
8,AU,Seasons 1-15,1,Jordie,3
8,AU,Seasons 1-15,1,Nina,1
8,AU,Seasons 1-15,1,Anjali,7
8,AU,Seasons 1-15,1,Ben,0
8,AU,Seasons 1-15,1,David,0
8,AU,Seasons 1-15,1,Fraser,1
8,AU,Seasons 1-15,1,Gerry,1
8,AU,Seasons 1-15,1,Liz,0
8,AU,Seasons 1-15,1,Matt,2
8,AU,Seasons 1-15,1,Michael,8
8,AU,Seasons 1-15,1,Mimi,0
8,AU,Seasons 1-15,1,Paige,0
8,AU,Seasons 1-15,1,Rogue,2
8,AU,Seasons 1-15,1,Sarah,1
8,AU,Seasons 1-15,1,Sharni,0
8,SA,Seasons 1-15,1,Jason,11
8,SA,Seasons 1-15,1,Pinty,2
8,SA,Seasons 1-15,1,Mike,2
8,SA,Seasons 1-15,1,Paul,1
8,SA,Seasons 1-15,1,Thoriso,10
8,SA,Seasons 1-15,1,Carla,4
8,SA,Seasons 1-15,1,Dino,7
8,SA,Seasons 1-15,1,Qiean,2
8,SA,Seasons 1-15,1,Marisha,2
8,SA,Seasons 1-15,1,Shaun,5
8,SA,Seasons 1-15,1,Renier,9
8,SA,Seasons 1-15,1,Amy,4
8,SA,Seasons 1-15,1,Anesu,3
8,SA,Seasons 1-15,1,Wardah,3
8,SA,Seasons 1-15,1,Santoni,2
8,SA,Seasons 1-15,1,Kiran,2
8,SA,Seasons 1-15,1,Tyson,4
8,SA,Seasons 1-15,1,Chappies,8
8,SA,Seasons 1-15,1,Anela,2
8,SA,Seasons 1-15,1,Nicole,2
8,US,Seasons 1-15,2,Jenna L.,6
8,US,Seasons 1-15,2,Sue,0
8,US,Seasons 1-15,2,Rudy,1
8,US,Seasons 1-15,2,Richard,4
8,US,Seasons 1-15,2,Alicia,1
8,US,Seasons 1-15,2,Jerri,4
8,US,Seasons 1-15,2,Amber,0
8,US,Seasons 1-15,2,Colby,3
8,US,Seasons 1-15,2,Tom,1
8,US,Seasons 1-15,2,Lex,3
8,US,Seasons 1-15,2,Ethan,4
8,US,Seasons 1-15,2,Boston Rob,2
8,US,Seasons 1-15,2,Kathy,2
8,US,Seasons 1-15,2,Shii Ann,2
8,US,Seasons 1-15,2,Rob C.,2
8,US,Seasons 1-15,2,Jenna M.,1
8,US,Seasons 1-15,2,Rupert,4
8,AU,Seasons 1-15,2,Sam,0
8,AU,Seasons 1-15,2,Stevie,0
8,AU,Seasons 1-15,2,Shonee,6
8,AU,Seasons 1-15,2,Shaun,0
8,AU,Seasons 1-15,2,Simon,8
8,AU,Seasons 1-15,2,Flick,0
8,AU,Seasons 1-15,2,George,9
8,AU,Seasons 1-15,2,Hayley,0
8,AU,Seasons 1-15,2,Jordie,0
8,AU,Seasons 1-15,2,Nina,0
8,AU,Seasons 1-15,2,Ben,0
8,AU,Seasons 1-15,2,David,0
8,AU,Seasons 1-15,2,Fraser,0
8,AU,Seasons 1-15,2,Gerry,0
8,AU,Seasons 1-15,2,Liz,2
8,AU,Seasons 1-15,2,Matt,0
8,AU,Seasons 1-15,2,Michael,5
8,AU,Seasons 1-15,2,Mimi,2
8,AU,Seasons 1-15,2,Paige,3
8,AU,Seasons 1-15,2,Rogue,1
8,AU,Seasons 1-15,2,Sarah,0
8,AU,Seasons 1-15,2,Sharni,3
8,SA,Seasons 1-15,2,Pinty,5
8,SA,Seasons 1-15,2,Mike,4
8,SA,Seasons 1-15,2,Paul,1
8,SA,Seasons 1-15,2,Thoriso,0
8,SA,Seasons 1-15,2,Carla,8
8,SA,Seasons 1-15,2,Dino,1
8,SA,Seasons 1-15,2,Qiean,0
8,SA,Seasons 1-15,2,Marisha,0
8,SA,Seasons 1-15,2,Shaun,3
8,SA,Seasons 1-15,2,Renier,1
8,SA,Seasons 1-15,2,Amy,1
8,SA,Seasons 1-15,2,Anesu,3
8,SA,Seasons 1-15,2,Wardah,2
8,SA,Seasons 1-15,2,Santoni,7
8,SA,Seasons 1-15,2,Kiran,2
8,SA,Seasons 1-15,2,Tyson,5
8,SA,Seasons 1-15,2,Chappies,3
8,SA,Seasons 1-15,2,Anela,2
8,SA,Seasons 1-15,2,Nicole,1
8,US,Seasons 1-15,3,Jenna L.,0
8,US,Seasons 1-15,3,Sue,1
8,US,Seasons 1-15,3,Richard,6
8,US,Seasons 1-15,3,Alicia,2
8,US,Seasons 1-15,3,Jerri,4
8,US,Seasons 1-15,3,Amber,1
8,US,Seasons 1-15,3,Colby,4
8,US,Seasons 1-15,3,Tom,2
8,US,Seasons 1-15,3,Lex,3
8,US,Seasons 1-15,3,Ethan,3
8,US,Seasons 1-15,3,Boston Rob,4
8,US,Seasons 1-15,3,Kathy,2
8,US,Seasons 1-15,3,Shii Ann,2
8,US,Seasons 1-15,3,Rob C.,1
8,US,Seasons 1-15,3,Jenna M.,3
8,US,Seasons 1-15,3,Rupert,7
8,AU,Seasons 1-15,3,Sam,0
8,AU,Seasons 1-15,3,Stevie,4
8,AU,Seasons 1-15,3,Shonee,4
8,AU,Seasons 1-15,3,Shaun,3
8,AU,Seasons 1-15,3,Simon,9
8,AU,Seasons 1-15,3,Flick,0
8,AU,Seasons 1-15,3,George,6
8,AU,Seasons 1-15,3,Hayley,0
8,AU,Seasons 1-15,3,Jordie,4
8,AU,Seasons 1-15,3,Nina,0
8,AU,Seasons 1-15,3,Ben,1
8,AU,Seasons 1-15,3,David,0
8,AU,Seasons 1-15,3,Fraser,0
8,AU,Seasons 1-15,3,Gerry,0
8,AU,Seasons 1-15,3,Liz,0
8,AU,Seasons 1-15,3,Matt,0
8,AU,Seasons 1-15,3,Mimi,5
8,AU,Seasons 1-15,3,Paige,0
8,AU,Seasons 1-15,3,Rogue,1
8,AU,Seasons 1-15,3,Sarah,2
8,AU,Seasons 1-15,3,Sharni,0
8,SA,Seasons 1-15,3,Mike,11
8,SA,Seasons 1-15,3,Paul,1
8,SA,Seasons 1-15,3,Thoriso,1
8,SA,Seasons 1-15,3,Carla,3
8,SA,Seasons 1-15,3,Dino,0
8,SA,Seasons 1-15,3,Qiean,0
8,SA,Seasons 1-15,3,Marisha,0
8,SA,Seasons 1-15,3,Shaun,0
8,SA,Seasons 1-15,3,Renier,4
8,SA,Seasons 1-15,3,Amy,6
8,SA,Seasons 1-15,3,Anesu,2
8,SA,Seasons 1-15,3,Wardah,0
8,SA,Seasons 1-15,3,Santoni,5
8,SA,Seasons 1-15,3,Kiran,3
8,SA,Seasons 1-15,3,Tyson,5
8,SA,Seasons 1-15,3,Chappies,4
8,SA,Seasons 1-15,3,Anela,2
8,SA,Seasons 1-15,3,Nicole,3
8,US,Seasons 1-15,4,Jenna L.,1
8,US,Seasons 1-15,4,Sue,0
8,US,Seasons 1-15,4,Richard,2
8,US,Seasons 1-15,4,Alicia,3
8,US,Seasons 1-15,4,Jerri,4
8,US,Seasons 1-15,4,Amber,1
8,US,Seasons 1-15,4,Colby,0
8,US,Seasons 1-15,4,Tom,5
8,US,Seasons 1-15,4,Lex,2
8,US,Seasons 1-15,4,Ethan,1
8,US,Seasons 1-15,4,Boston Rob,6
8,US,Seasons 1-15,4,Kathy,1
8,US,Seasons 1-15,4,Shii Ann,1
8,US,Seasons 1-15,4,Rob C.,5
8,US,Seasons 1-15,4,Rupert,4
8,AU,Seasons 1-15,4,Sam,5
8,AU,Seasons 1-15,4,Stevie,0
8,AU,Seasons 1-15,4,Shonee,0
8,AU,Seasons 1-15,4,Shaun,10
8,AU,Seasons 1-15,4,Simon,2
8,AU,Seasons 1-15,4,Flick,3
8,AU,Seasons 1-15,4,George,0
8,AU,Seasons 1-15,4,Hayley,13
8,AU,Seasons 1-15,4,Jordie,0
8,AU,Seasons 1-15,4,Nina,1
8,AU,Seasons 1-15,4,Ben,0
8,AU,Seasons 1-15,4,David,0
8,AU,Seasons 1-15,4,Fraser,0
8,AU,Seasons 1-15,4,Gerry,1
8,AU,Seasons 1-15,4,Liz,0
8,AU,Seasons 1-15,4,Matt,0
8,AU,Seasons 1-15,4,Paige,0
8,AU,Seasons 1-15,4,Rogue,2
8,AU,Seasons 1-15,4,Sarah,0
8,AU,Seasons 1-15,4,Sharni,2
8,SA,Seasons 1-15,4,Paul,2
8,SA,Seasons 1-15,4,Thoriso,0
8,SA,Seasons 1-15,4,Carla,7
8,SA,Seasons 1-15,4,Dino,6
8,SA,Seasons 1-15,4,Qiean,1
8,SA,Seasons 1-15,4,Marisha,3
8,SA,Seasons 1-15,4,Shaun,4
8,SA,Seasons 1-15,4,Renier,1
8,SA,Seasons 1-15,4,Amy,3
8,SA,Seasons 1-15,4,Anesu,3
8,SA,Seasons 1-15,4,Wardah,5
8,SA,Seasons 1-15,4,Santoni,6
8,SA,Seasons 1-15,4,Kiran,1
8,SA,Seasons 1-15,4,Tyson,1
8,SA,Seasons 1-15,4,Chappies,8
8,SA,Seasons 1-15,4,Anela,2
8,SA,Seasons 1-15,4,Nicole,1
8,US,Seasons 1-15,5,Jenna L.,1
8,US,Seasons 1-15,5,Sue,1
8,US,Seasons 1-15,5,Richard,6
8,US,Seasons 1-15,5,Alicia,0
8,US,Seasons 1-15,5,Jerri,7
8,US,Seasons 1-15,5,Amber,1
8,US,Seasons 1-15,5,Colby,5
8,US,Seasons 1-15,5,Tom,1
8,US,Seasons 1-15,5,Lex,0
8,US,Seasons 1-15,5,Ethan,3
8,US,Seasons 1-15,5,Boston Rob,2
8,US,Seasons 1-15,5,Kathy,2
8,US,Seasons 1-15,5,Shii Ann,2
8,US,Seasons 1-15,5,Rupert,2
8,AU,Seasons 1-15,5,Sam,9
8,AU,Seasons 1-15,5,Stevie,0
8,AU,Seasons 1-15,5,Shonee,0
8,AU,Seasons 1-15,5,Shaun,9
8,AU,Seasons 1-15,5,Simon,0
8,AU,Seasons 1-15,5,Flick,0
8,AU,Seasons 1-15,5,George,0
8,AU,Seasons 1-15,5,Hayley,2
8,AU,Seasons 1-15,5,Jordie,4
8,AU,Seasons 1-15,5,Nina,1
8,AU,Seasons 1-15,5,Ben,4
8,AU,Seasons 1-15,5,David,0
8,AU,Seasons 1-15,5,Fraser,2
8,AU,Seasons 1-15,5,Gerry,0
8,AU,Seasons 1-15,5,Liz,0
8,AU,Seasons 1-15,5,Matt,0
8,AU,Seasons 1-15,5,Paige,1
8,AU,Seasons 1-15,5,Sarah,0
8,AU,Seasons 1-15,5,Sharni,3
8,SA,Seasons 1-15,5,Thoriso,5
8,SA,Seasons 1-15,5,Carla,3
8,SA,Seasons 1-15,5,Dino,4
8,SA,Seasons 1-15,5,Qiean,2
8,SA,Seasons 1-15,5,Marisha,2
8,SA,Seasons 1-15,5,Shaun,2
8,SA,Seasons 1-15,5,Renier,5
8,SA,Seasons 1-15,5,Amy,0
8,SA,Seasons 1-15,5,Anesu,4
8,SA,Seasons 1-15,5,Wardah,3
8,SA,Seasons 1-15,5,Santoni,2
8,SA,Seasons 1-15,5,Kiran,4
8,SA,Seasons 1-15,5,Tyson,5
8,SA,Seasons 1-15,5,Chappies,1
8,SA,Seasons 1-15,5,Anela,0
8,SA,Seasons 1-15,5,Nicole,1
8,US,Seasons 1-15,6,Jenna L.,0
8,US,Seasons 1-15,6,Sue,3
8,US,Seasons 1-15,6,Alicia,5
8,US,Seasons 1-15,6,Jerri,3
8,US,Seasons 1-15,6,Amber,4
8,US,Seasons 1-15,6,Colby,3
8,US,Seasons 1-15,6,Tom,2
8,US,Seasons 1-15,6,Lex,4
8,US,Seasons 1-15,6,Ethan,3
8,US,Seasons 1-15,6,Boston Rob,5
8,US,Seasons 1-15,6,Kathy,4
8,US,Seasons 1-15,6,Shii Ann,5
8,US,Seasons 1-15,6,Rupert,7
8,AU,Seasons 1-15,6,Sam,1
8,AU,Seasons 1-15,6,Stevie,2
8,AU,Seasons 1-15,6,Shonee,0
8,AU,Seasons 1-15,6,Shaun,2
8,AU,Seasons 1-15,6,Simon,9
8,AU,Seasons 1-15,6,Flick,1
8,AU,Seasons 1-15,6,George,12
8,AU,Seasons 1-15,6,Hayley,1
8,AU,Seasons 1-15,6,Jordie,0
8,AU,Seasons 1-15,6,Nina,0
8,AU,Seasons 1-15,6,Ben,0
8,AU,Seasons 1-15,6,David,0
8,AU,Seasons 1-15,6,Fraser,0
8,AU,Seasons 1-15,6,Gerry,7
8,AU,Seasons 1-15,6,Liz,0
8,AU,Seasons 1-15,6,Matt,0
8,AU,Seasons 1-15,6,Paige,3
8,AU,Seasons 1-15,6,Sarah,0
8,AU,Seasons 1-15,6,Sharni,2
8,SA,Seasons 1-15,6,Dino,3
8,SA,Seasons 1-15,6,Qiean,0
8,SA,Seasons 1-15,6,Marisha,1
8,SA,Seasons 1-15,6,Shaun,1
8,SA,Seasons 1-15,6,Renier,2
8,SA,Seasons 1-15,6,Amy,4
8,SA,Seasons 1-15,6,Anesu,2
8,SA,Seasons 1-15,6,Wardah,6
8,SA,Seasons 1-15,6,Santoni,10
8,SA,Seasons 1-15,6,Kiran,3
8,SA,Seasons 1-15,6,Tyson,7
8,SA,Seasons 1-15,6,Chappies,5
8,SA,Seasons 1-15,6,Anela,3
8,SA,Seasons 1-15,6,Nicole,2
8,US,Seasons 1-15,7,Jenna L.,3
8,US,Seasons 1-15,7,Alicia,1
8,US,Seasons 1-15,7,Jerri,3
8,US,Seasons 1-15,7,Amber,3
8,US,Seasons 1-15,7,Colby,4
8,US,Seasons 1-15,7,Tom,4
8,US,Seasons 1-15,7,Lex,4
8,US,Seasons 1-15,7,Ethan,4
8,US,Seasons 1-15,7,Boston Rob,1
8,US,Seasons 1-15,7,Kathy,4
8,US,Seasons 1-15,7,Shii Ann,3
8,US,Seasons 1-15,7,Rupert,2
8,AU,Seasons 1-15,7,Sam,0
8,AU,Seasons 1-15,7,Stevie,4
8,AU,Seasons 1-15,7,Shonee,0
8,AU,Seasons 1-15,7,Shaun,0
8,AU,Seasons 1-15,7,Simon,4
8,AU,Seasons 1-15,7,Flick,0
8,AU,Seasons 1-15,7,George,4
8,AU,Seasons 1-15,7,Hayley,0
8,AU,Seasons 1-15,7,Jordie,8
8,AU,Seasons 1-15,7,Nina,0
8,AU,Seasons 1-15,7,Ben,0
8,AU,Seasons 1-15,7,David,0
8,AU,Seasons 1-15,7,Fraser,0
8,AU,Seasons 1-15,7,Gerry,2
8,AU,Seasons 1-15,7,Liz,1
8,AU,Seasons 1-15,7,Matt,0
8,AU,Seasons 1-15,7,Paige,0
8,AU,Seasons 1-15,7,Sharni,1
8,SA,Seasons 1-15,7,Qiean,4
8,SA,Seasons 1-15,7,Marisha,1
8,SA,Seasons 1-15,7,Shaun,1
8,SA,Seasons 1-15,7,Renier,6
8,SA,Seasons 1-15,7,Amy,2
8,SA,Seasons 1-15,7,Anesu,1
8,SA,Seasons 1-15,7,Wardah,2
8,SA,Seasons 1-15,7,Santoni,8
8,SA,Seasons 1-15,7,Kiran,1
8,SA,Seasons 1-15,7,Tyson,4
8,SA,Seasons 1-15,7,Chappies,2
8,SA,Seasons 1-15,7,Anela,10
8,SA,Seasons 1-15,7,Nicole,2
8,US,Seasons 1-15,8,Jenna L.,4
8,US,Seasons 1-15,8,Alicia,1
8,US,Seasons 1-15,8,Jerri,2
8,US,Seasons 1-15,8,Amber,6
8,US,Seasons 1-15,8,Tom,0
8,US,Seasons 1-15,8,Lex,3
8,US,Seasons 1-15,8,Ethan,2
8,US,Seasons 1-15,8,Boston Rob,4
8,US,Seasons 1-15,8,Kathy,5
8,US,Seasons 1-15,8,Shii Ann,0
8,US,Seasons 1-15,8,Rupert,3
8,AU,Seasons 1-15,8,Sam,4
8,AU,Seasons 1-15,8,Stevie,0
8,AU,Seasons 1-15,8,Shonee,3
8,AU,Seasons 1-15,8,Shaun,0
8,AU,Seasons 1-15,8,Simon,0
8,AU,Seasons 1-15,8,Flick,1
8,AU,Seasons 1-15,8,George,0
8,AU,Seasons 1-15,8,Hayley,0
8,AU,Seasons 1-15,8,Jordie,4
8,AU,Seasons 1-15,8,Nina,0
8,AU,Seasons 1-15,8,Ben,10
8,AU,Seasons 1-15,8,David,0
8,AU,Seasons 1-15,8,Gerry,3
8,AU,Seasons 1-15,8,Liz,0
8,AU,Seasons 1-15,8,Matt,3
8,AU,Seasons 1-15,8,Paige,0
8,AU,Seasons 1-15,8,Sharni,1
8,SA,Seasons 1-15,8,Marisha,7
8,SA,Seasons 1-15,8,Shaun,4
8,SA,Seasons 1-15,8,Renier,6
8,SA,Seasons 1-15,8,Amy,1
8,SA,Seasons 1-15,8,Anesu,8
8,SA,Seasons 1-15,8,Wardah,6
8,SA,Seasons 1-15,8,Santoni,8
8,SA,Seasons 1-15,8,Kiran,1
8,SA,Seasons 1-15,8,Tyson,6
8,SA,Seasons 1-15,8,Chappies,16
8,SA,Seasons 1-15,8,Anela,9
8,SA,Seasons 1-15,8,Nicole,5
8,AU,Seasons 1-15,9,Sam,0
8,AU,Seasons 1-15,9,Stevie,0
8,AU,Seasons 1-15,9,Shonee,7
8,AU,Seasons 1-15,9,Shaun,2
8,AU,Seasons 1-15,9,Simon,3
8,AU,Seasons 1-15,9,Flick,0
8,AU,Seasons 1-15,9,George,9
8,AU,Seasons 1-15,9,Hayley,0
8,AU,Seasons 1-15,9,Jordie,3
8,AU,Seasons 1-15,9,Nina,0
8,AU,Seasons 1-15,9,Ben,2
8,AU,Seasons 1-15,9,David,0
8,AU,Seasons 1-15,9,Gerry,1
8,AU,Seasons 1-15,9,Liz,0
8,AU,Seasons 1-15,9,Matt,0
8,AU,Seasons 1-15,9,Paige,8
8,SA,Seasons 1-15,9,Shaun,6
8,SA,Seasons 1-15,9,Renier,2
8,SA,Seasons 1-15,9,Amy,4
8,SA,Seasons 1-15,9,Anesu,2
8,SA,Seasons 1-15,9,Wardah,4
8,SA,Seasons 1-15,9,Santoni,7
8,SA,Seasons 1-15,9,Kiran,3
8,SA,Seasons 1-15,9,Tyson,3
8,SA,Seasons 1-15,9,Chappies,3
8,SA,Seasons 1-15,9,Anela,1
8,SA,Seasons 1-15,9,Nicole,1
8,US,Seasons 1-15,10,Jenna L.,2
8,US,Seasons 1-15,10,Alicia,3
8,US,Seasons 1-15,10,Jerri,3
8,US,Seasons 1-15,10,Amber,7
8,US,Seasons 1-15,10,Tom,2
8,US,Seasons 1-15,10,Lex,5
8,US,Seasons 1-15,10,Boston Rob,4
8,US,Seasons 1-15,10,Kathy,4
8,US,Seasons 1-15,10,Shii Ann,3
8,US,Seasons 1-15,10,Rupert,2
8,AU,Seasons 1-15,10,Sam,0
8,AU,Seasons 1-15,10,Stevie,0
8,AU,Seasons 1-15,10,Shonee,3
8,AU,Seasons 1-15,10,Shaun,5
8,AU,Seasons 1-15,10,Simon,6
8,AU,Seasons 1-15,10,Flick,0
8,AU,Seasons 1-15,10,George,5
8,AU,Seasons 1-15,10,Hayley,7
8,AU,Seasons 1-15,10,Jordie,4
8,AU,Seasons 1-15,10,Nina,0
8,AU,Seasons 1-15,10,Ben,0
8,AU,Seasons 1-15,10,David,0
8,AU,Seasons 1-15,10,Gerry,0
8,AU,Seasons 1-15,10,Liz,8
8,AU,Seasons 1-15,10,Matt,0
8,SA,Seasons 1-15,10,Renier,5
8,SA,Seasons 1-15,10,Amy,10
8,SA,Seasons 1-15,10,Anesu,9
8,SA,Seasons 1-15,10,Wardah,3
8,SA,Seasons 1-15,10,Santoni,4
8,SA,Seasons 1-15,10,Kiran,5
8,SA,Seasons 1-15,10,Tyson,5
8,SA,Seasons 1-15,10,Chappies,4
8,SA,Seasons 1-15,10,Anela,8
8,SA,Seasons 1-15,10,Nicole,5
8,US,Seasons 1-15,11,Jenna L.,3
8,US,Seasons 1-15,11,Alicia,0
8,US,Seasons 1-15,11,Amber,2
8,US,Seasons 1-15,11,Tom,1
8,US,Seasons 1-15,11,Lex,3
8,US,Seasons 1-15,11,Boston Rob,3
8,US,Seasons 1-15,11,Kathy,2
8,US,Seasons 1-15,11,Shii Ann,0
8,US,Seasons 1-15,11,Rupert,2
8,AU,Seasons 1-15,11,Sam,2
8,AU,Seasons 1-15,11,Stevie,3
8,AU,Seasons 1-15,11,Shonee,2
8,AU,Seasons 1-15,11,Shaun,0
8,AU,Seasons 1-15,11,Simon,0
8,AU,Seasons 1-15,11,Flick,7
8,AU,Seasons 1-15,11,George,11
8,AU,Seasons 1-15,11,Hayley,0
8,AU,Seasons 1-15,11,Nina,2
8,AU,Seasons 1-15,11,Ben,0
8,AU,Seasons 1-15,11,David,0
8,AU,Seasons 1-15,11,Gerry,0
8,AU,Seasons 1-15,11,Liz,3
8,AU,Seasons 1-15,11,Matt,3
8,SA,Seasons 1-15,11,Anesu,6
8,SA,Seasons 1-15,11,Wardah,4
8,SA,Seasons 1-15,11,Santoni,6
8,SA,Seasons 1-15,11,Kiran,5
8,SA,Seasons 1-15,11,Tyson,5
8,SA,Seasons 1-15,11,Chappies,6
8,SA,Seasons 1-15,11,Anela,3
8,SA,Seasons 1-15,11,Nicole,5
8,US,Seasons 1-15,12,Jenna L.,3
8,US,Seasons 1-15,12,Alicia,0
8,US,Seasons 1-15,12,Amber,1
8,US,Seasons 1-15,12,Tom,2
8,US,Seasons 1-15,12,Boston Rob,5
8,US,Seasons 1-15,12,Kathy,4
8,US,Seasons 1-15,12,Shii Ann,5
8,US,Seasons 1-15,12,Rupert,2
8,AU,Seasons 1-15,12,Sam,6
8,AU,Seasons 1-15,12,Stevie,0
8,AU,Seasons 1-15,12,Shonee,0
8,AU,Seasons 1-15,12,Shaun,4
8,AU,Seasons 1-15,12,Simon,8
8,AU,Seasons 1-15,12,Flick,2
8,AU,Seasons 1-15,12,George,2
8,AU,Seasons 1-15,12,Hayley,3
8,AU,Seasons 1-15,12,Nina,2
8,AU,Seasons 1-15,12,David,2
8,AU,Seasons 1-15,12,Gerry,0
8,AU,Seasons 1-15,12,Liz,2
8,AU,Seasons 1-15,12,Matt,2
8,SA,Seasons 1-15,12,Wardah,5
8,SA,Seasons 1-15,12,Santoni,9
8,SA,Seasons 1-15,12,Kiran,7
8,SA,Seasons 1-15,12,Tyson,6
8,SA,Seasons 1-15,12,Chappies,7
8,SA,Seasons 1-15,12,Anela,1
8,SA,Seasons 1-15,12,Nicole,4
8,US,Seasons 1-15,13,Jenna L.,2
8,US,Seasons 1-15,13,Alicia,6
8,US,Seasons 1-15,13,Amber,2
8,US,Seasons 1-15,13,Tom,2
8,US,Seasons 1-15,13,Boston Rob,6
8,US,Seasons 1-15,13,Shii Ann,4
8,US,Seasons 1-15,13,Rupert,2
8,AU,Seasons 1-15,13,Sam,1
8,AU,Seasons 1-15,13,Stevie,0
8,AU,Seasons 1-15,13,Shonee,2
8,AU,Seasons 1-15,13,Shaun,1
8,AU,Seasons 1-15,13,Simon,0
8,AU,Seasons 1-15,13,Flick,8
8,AU,Seasons 1-15,13,George,10
8,AU,Seasons 1-15,13,Hayley,2
8,AU,Seasons 1-15,13,Nina,3
8,AU,Seasons 1-15,13,David,0
8,AU,Seasons 1-15,13,Gerry,0
8,AU,Seasons 1-15,13,Liz,2
8,AU,Seasons 1-15,13,Matt,5
8,SA,Seasons 1-15,13,Santoni,7
8,SA,Seasons 1-15,13,Kiran,7
8,SA,Seasons 1-15,13,Tyson,6
8,SA,Seasons 1-15,13,Chappies,4
8,SA,Seasons 1-15,13,Anela,8
8,SA,Seasons 1-15,13,Nicole,2
8,US,Seasons 1-15,14,Jenna L.,2
8,US,Seasons 1-15,14,Amber,1
8,US,Seasons 1-15,14,Tom,4
8,US,Seasons 1-15,14,Boston Rob,2
8,US,Seasons 1-15,14,Shii Ann,7
8,US,Seasons 1-15,14,Rupert,4
8,AU,Seasons 1-15,14,Sam,2
8,AU,Seasons 1-15,14,Shonee,5
8,AU,Seasons 1-15,14,Shaun,3
8,AU,Seasons 1-15,14,Simon,6
8,AU,Seasons 1-15,14,Flick,4
8,AU,Seasons 1-15,14,George,12
8,AU,Seasons 1-15,14,Hayley,2
8,AU,Seasons 1-15,14,Nina,1
8,AU,Seasons 1-15,14,David,0
8,AU,Seasons 1-15,14,Gerry,2
8,AU,Seasons 1-15,14,Liz,2
8,AU,Seasons 1-15,14,Matt,3
8,SA,Seasons 1-15,14,Kiran,7
8,SA,Seasons 1-15,14,Tyson,4
8,SA,Seasons 1-15,14,Chappies,10
8,SA,Seasons 1-15,14,Anela,8
8,SA,Seasons 1-15,14,Nicole,3
8,US,Seasons 1-15,15,Jenna L.,1
8,US,Seasons 1-15,15,Amber,6
8,US,Seasons 1-15,15,Tom,2
8,US,Seasons 1-15,15,Boston Rob,7
8,US,Seasons 1-15,15,Rupert,8
8,AU,Seasons 1-15,15,Sam,3
8,AU,Seasons 1-15,15,Shonee,2
8,AU,Seasons 1-15,15,Shaun,3
8,AU,Seasons 1-15,15,Simon,8
8,AU,Seasons 1-15,15,Flick,3
8,AU,Seasons 1-15,15,George,3
8,AU,Seasons 1-15,15,Hayley,0
8,AU,Seasons 1-15,15,Nina,3
8,AU,Seasons 1-15,15,Gerry,0
8,AU,Seasons 1-15,15,Liz,0
8,AU,Seasons 1-15,15,Matt,2
8,SA,Seasons 1-15,15,Tyson,10
8,SA,Seasons 1-15,15,Chappies,13
8,SA,Seasons 1-15,15,Anela,6
8,SA,Seasons 1-15,15,Nicole,5
8,US,Seasons 1-15,16,Jenna L.,6
8,US,Seasons 1-15,16,Amber,11
8,US,Seasons 1-15,16,Boston Rob,9
8,US,Seasons 1-15,16,Rupert,4
8,AU,Seasons 1-15,16,Sam,1
8,AU,Seasons 1-15,16,Shonee,4
8,AU,Seasons 1-15,16,Shaun,4
8,AU,Seasons 1-15,16,Simon,1
8,AU,Seasons 1-15,16,George,6
8,AU,Seasons 1-15,16,Hayley,9
8,AU,Seasons 1-15,16,Nina,5
8,AU,Seasons 1-15,16,Gerry,0
8,AU,Seasons 1-15,16,Liz,0
8,AU,Seasons 1-15,16,Matt,0
8,SA,Seasons 1-15,16,Chappies,4
8,SA,Seasons 1-15,16,Anela,6
8,SA,Seasons 1-15,16,Nicole,5
8,AU,Seasons 1-15,17,Shonee,8
8,AU,Seasons 1-15,17,Shaun,1
8,AU,Seasons 1-15,17,Simon,2
8,AU,Seasons 1-15,17,George,9
8,AU,Seasons 1-15,17,Hayley,0
8,AU,Seasons 1-15,17,Nina,2
8,AU,Seasons 1-15,17,Gerry,0
8,AU,Seasons 1-15,17,Liz,0
8,AU,Seasons 1-15,17,Matt,1
8,AU,Seasons 1-15,18,Shaun,3
8,AU,Seasons 1-15,18,Simon,8
8,AU,Seasons 1-15,18,George,10
8,AU,Seasons 1-15,18,Hayley,10
8,AU,Seasons 1-15,18,Nina,1
8,AU,Seasons 1-15,18,Gerry,0
8,AU,Seasons 1-15,18,Liz,1
8,AU,Seasons 1-15,18,Matt,0
8,AU,Seasons 1-15,19,Simon,4
8,AU,Seasons 1-15,19,George,13
8,AU,Seasons 1-15,19,Hayley,10
8,AU,Seasons 1-15,19,Nina,7
8,AU,Seasons 1-15,19,Gerry,0
8,AU,Seasons 1-15,19,Liz,3
8,AU,Seasons 1-15,19,Matt,0
8,AU,Seasons 1-15,20,Simon,5
8,AU,Seasons 1-15,20,George,7
8,AU,Seasons 1-15,20,Nina,1
8,AU,Seasons 1-15,20,Gerry,0
8,AU,Seasons 1-15,20,Liz,0
8,AU,Seasons 1-15,20,Matt,8
8,AU,Seasons 1-15,21,Simon,3
8,AU,Seasons 1-15,21,George,8
8,AU,Seasons 1-15,21,Nina,3
8,AU,Seasons 1-15,21,Gerry,4
8,AU,Seasons 1-15,21,Liz,0
8,AU,Seasons 1-15,21,Matt,1
8,AU,Seasons 1-15,22,George,6
8,AU,Seasons 1-15,22,Nina,3
8,AU,Seasons 1-15,22,Gerry,0
8,AU,Seasons 1-15,22,Liz,9
8,AU,Seasons 1-15,22,Matt,6
8,AU,Seasons 1-15,23,George,7
8,AU,Seasons 1-15,23,Gerry,6
8,AU,Seasons 1-15,23,Liz,7
8,AU,Seasons 1-15,23,Matt,7
8,AU,Seasons 1-15,24,George,4
8,AU,Seasons 1-15,24,Gerry,3
8,AU,Seasons 1-15,24,Liz,3
8,AU,Seasons 1-15,24,Matt,4
9,US,Seasons 1-15,1,Brook,4
9,US,Seasons 1-15,1,Dolly,1
9,US,Seasons 1-15,1,John P.,3
9,US,Seasons 1-15,1,Mia,3
9,US,Seasons 1-15,1,Brady,4
9,US,Seasons 1-15,1,Travis,3
9,US,Seasons 1-15,1,Lisa,1
9,US,Seasons 1-15,1,John K.,1
9,US,Seasons 1-15,1,Rory,3
9,US,Seasons 1-15,1,Lea,4
9,US,Seasons 1-15,1,Chad,2
9,US,Seasons 1-15,1,Leann,3
9,US,Seasons 1-15,1,Ami,1
9,US,Seasons 1-15,1,Julie,1
9,US,Seasons 1-15,1,Eliza,6
9,US,Seasons 1-15,1,Scout,4
9,US,Seasons 1-15,1,Twila,2
9,US,Seasons 1-15,1,Chris,4
9,AU,Seasons 1-15,1,Aileen,0
9,AU,Seasons 1-15,1,Alex,3
9,AU,Seasons 1-15,1,Caroline,0
9,AU,Seasons 1-15,1,Charles,1
9,AU,Seasons 1-15,1,Eden,8
9,AU,Seasons 1-15,1,Feras,3
9,AU,Seasons 1-15,1,Frankie,8
9,AU,Seasons 1-15,1,Garrick,1
9,AU,Seasons 1-15,1,Jaden,0
9,AU,Seasons 1-15,1,Jessica,1
9,AU,Seasons 1-15,1,Kelli,2
9,AU,Seasons 1-15,1,Kirby,0
9,AU,Seasons 1-15,1,Kitty,0
9,AU,Seasons 1-15,1,Mark,0
9,AU,Seasons 1-15,1,Nathan,2
9,AU,Seasons 1-15,1,Peta,1
9,AU,Seasons 1-15,1,Raymond,1
9,AU,Seasons 1-15,1,Rianna,1
9,AU,Seasons 1-15,1,Sarah,0
9,AU,Seasons 1-15,1,Scott,0
9,AU,Seasons 1-15,1,Tobias,0
9,AU,Seasons 1-15,1,Valeria,5
9,AU,Seasons 1-15,1,Viola,1
9,AU,Seasons 1-15,1,Winna,0
9,SA,Seasons 1-15,1,Tejan,1
9,SA,Seasons 1-15,1,Killarney,1
9,SA,Seasons 1-15,1,Shona,1
9,SA,Seasons 1-15,1,Phil,1
9,SA,Seasons 1-15,1,Marian,4
9,SA,Seasons 1-15,1,Shane,5
9,SA,Seasons 1-15,1,Seamus,7
9,SA,Seasons 1-15,1,Tevin,5
9,SA,Seasons 1-15,1,Palesa,1
9,SA,Seasons 1-15,1,Toni,3
9,SA,Seasons 1-15,1,PK,3
9,SA,Seasons 1-15,1,Felix,1
9,SA,Seasons 1-15,1,Tania,3
9,SA,Seasons 1-15,1,Meryl,3
9,SA,Seasons 1-15,1,Dante,1
9,SA,Seasons 1-15,1,Steffi,10
9,SA,Seasons 1-15,1,Pinty,3
9,SA,Seasons 1-15,1,Thoriso,2
9,SA,Seasons 1-15,1,Dino,3
9,SA,Seasons 1-15,1,Chappies,7
9,US,Seasons 1-15,2,Dolly,5
9,US,Seasons 1-15,2,John P.,1
9,US,Seasons 1-15,2,Mia,1
9,US,Seasons 1-15,2,Brady,0
9,US,Seasons 1-15,2,Travis,2
9,US,Seasons 1-15,2,Lisa,0
9,US,Seasons 1-15,2,John K.,0
9,US,Seasons 1-15,2,Rory,2
9,US,Seasons 1-15,2,Lea,0
9,US,Seasons 1-15,2,Chad,1
9,US,Seasons 1-15,2,Leann,1
9,US,Seasons 1-15,2,Ami,1
9,US,Seasons 1-15,2,Julie,1
9,US,Seasons 1-15,2,Eliza,2
9,US,Seasons 1-15,2,Scout,1
9,US,Seasons 1-15,2,Twila,2
9,US,Seasons 1-15,2,Chris,1
9,AU,Seasons 1-15,2,Aileen,0
9,AU,Seasons 1-15,2,Alex,3
9,AU,Seasons 1-15,2,Caroline,0
9,AU,Seasons 1-15,2,Charles,0
9,AU,Seasons 1-15,2,Eden,7
9,AU,Seasons 1-15,2,Feras,0
9,AU,Seasons 1-15,2,Garrick,0
9,AU,Seasons 1-15,2,Jaden,1
9,AU,Seasons 1-15,2,Jessica,3
9,AU,Seasons 1-15,2,Kelli,1
9,AU,Seasons 1-15,2,Kirby,0
9,AU,Seasons 1-15,2,Kitty,0
9,AU,Seasons 1-15,2,Mark,6
9,AU,Seasons 1-15,2,Nathan,4
9,AU,Seasons 1-15,2,Peta,0
9,AU,Seasons 1-15,2,Raymond,0
9,AU,Seasons 1-15,2,Rianna,0
9,AU,Seasons 1-15,2,Sarah,4
9,AU,Seasons 1-15,2,Scott,0
9,AU,Seasons 1-15,2,Tobias,0
9,AU,Seasons 1-15,2,Valeria,0
9,AU,Seasons 1-15,2,Viola,0
9,AU,Seasons 1-15,2,Winna,5
9,SA,Seasons 1-15,2,Tejan,1
9,SA,Seasons 1-15,2,Killarney,0
9,SA,Seasons 1-15,2,Shona,0
9,SA,Seasons 1-15,2,Phil,0
9,SA,Seasons 1-15,2,Marian,4
9,SA,Seasons 1-15,2,Shane,4
9,SA,Seasons 1-15,2,Seamus,2
9,SA,Seasons 1-15,2,Tevin,5
9,SA,Seasons 1-15,2,Palesa,3
9,SA,Seasons 1-15,2,Toni,1
9,SA,Seasons 1-15,2,PK,1
9,SA,Seasons 1-15,2,Felix,2
9,SA,Seasons 1-15,2,Tania,2
9,SA,Seasons 1-15,2,Meryl,2
9,SA,Seasons 1-15,2,Dante,2
9,SA,Seasons 1-15,2,Steffi,4
9,SA,Seasons 1-15,2,Pinty,0
9,SA,Seasons 1-15,2,Thoriso,4
9,SA,Seasons 1-15,2,Dino,0
9,SA,Seasons 1-15,2,Chappies,4
9,US,Seasons 1-15,3,John P.,3
9,US,Seasons 1-15,3,Mia,4
9,US,Seasons 1-15,3,Brady,0
9,US,Seasons 1-15,3,Travis,0
9,US,Seasons 1-15,3,Lisa,1
9,US,Seasons 1-15,3,John K.,4
9,US,Seasons 1-15,3,Rory,1
9,US,Seasons 1-15,3,Lea,2
9,US,Seasons 1-15,3,Chad,0
9,US,Seasons 1-15,3,Leann,1
9,US,Seasons 1-15,3,Ami,0
9,US,Seasons 1-15,3,Julie,0
9,US,Seasons 1-15,3,Eliza,3
9,US,Seasons 1-15,3,Scout,0
9,US,Seasons 1-15,3,Twila,2
9,US,Seasons 1-15,3,Chris,0
9,AU,Seasons 1-15,3,Aileen,0
9,AU,Seasons 1-15,3,Alex,6
9,AU,Seasons 1-15,3,Caroline,0
9,AU,Seasons 1-15,3,Charles,0
9,AU,Seasons 1-15,3,Eden,2
9,AU,Seasons 1-15,3,Feras,2
9,AU,Seasons 1-15,3,Garrick,1
9,AU,Seasons 1-15,3,Jaden,3
9,AU,Seasons 1-15,3,Kelli,1
9,AU,Seasons 1-15,3,Kirby,9
9,AU,Seasons 1-15,3,Kitty,0
9,AU,Seasons 1-15,3,Mark,0
9,AU,Seasons 1-15,3,Nathan,1
9,AU,Seasons 1-15,3,Peta,8
9,AU,Seasons 1-15,3,Raymond,0
9,AU,Seasons 1-15,3,Rianna,0
9,AU,Seasons 1-15,3,Sarah,0
9,AU,Seasons 1-15,3,Scott,0
9,AU,Seasons 1-15,3,Tobias,0
9,AU,Seasons 1-15,3,Valeria,0
9,AU,Seasons 1-15,3,Viola,0
9,AU,Seasons 1-15,3,Winna,0
9,SA,Seasons 1-15,3,Tejan,1
9,SA,Seasons 1-15,3,Killarney,0
9,SA,Seasons 1-15,3,Shona,0
9,SA,Seasons 1-15,3,Phil,0
9,SA,Seasons 1-15,3,Marian,8
9,SA,Seasons 1-15,3,Shane,2
9,SA,Seasons 1-15,3,Seamus,1
9,SA,Seasons 1-15,3,Tevin,3
9,SA,Seasons 1-15,3,Palesa,3
9,SA,Seasons 1-15,3,Toni,2
9,SA,Seasons 1-15,3,PK,3
9,SA,Seasons 1-15,3,Felix,0
9,SA,Seasons 1-15,3,Tania,4
9,SA,Seasons 1-15,3,Meryl,1
9,SA,Seasons 1-15,3,Dante,1
9,SA,Seasons 1-15,3,Steffi,3
9,SA,Seasons 1-15,3,Pinty,2
9,SA,Seasons 1-15,3,Thoriso,2
9,SA,Seasons 1-15,3,Dino,0
9,US,Seasons 1-15,4,Brady,6
9,US,Seasons 1-15,4,Travis,3
9,US,Seasons 1-15,4,Lisa,2
9,US,Seasons 1-15,4,John K.,2
9,US,Seasons 1-15,4,Rory,6
9,US,Seasons 1-15,4,Lea,2
9,US,Seasons 1-15,4,Chad,1
9,US,Seasons 1-15,4,Leann,2
9,US,Seasons 1-15,4,Ami,1
9,US,Seasons 1-15,4,Julie,2
9,US,Seasons 1-15,4,Eliza,5
9,US,Seasons 1-15,4,Scout,3
9,US,Seasons 1-15,4,Twila,2
9,US,Seasons 1-15,4,Chris,2
9,AU,Seasons 1-15,4,Aileen,6
9,AU,Seasons 1-15,4,Alex,8
9,AU,Seasons 1-15,4,Caroline,2
9,AU,Seasons 1-15,4,Charles,0
9,AU,Seasons 1-15,4,Eden,0
9,AU,Seasons 1-15,4,Feras,11
9,AU,Seasons 1-15,4,Garrick,1
9,AU,Seasons 1-15,4,Jaden,0
9,AU,Seasons 1-15,4,Kelli,0
9,AU,Seasons 1-15,4,Kirby,1
9,AU,Seasons 1-15,4,Kitty,0
9,AU,Seasons 1-15,4,Mark,0
9,AU,Seasons 1-15,4,Nathan,0
9,AU,Seasons 1-15,4,Raymond,0
9,AU,Seasons 1-15,4,Rianna,0
9,AU,Seasons 1-15,4,Sarah,1
9,AU,Seasons 1-15,4,Scott,0
9,AU,Seasons 1-15,4,Tobias,1
9,AU,Seasons 1-15,4,Valeria,2
9,AU,Seasons 1-15,4,Viola,0
9,AU,Seasons 1-15,4,Winna,0
9,SA,Seasons 1-15,4,Tejan,2
9,SA,Seasons 1-15,4,Killarney,1
9,SA,Seasons 1-15,4,Shona,1
9,SA,Seasons 1-15,4,Phil,3
9,SA,Seasons 1-15,4,Marian,4
9,SA,Seasons 1-15,4,Shane,2
9,SA,Seasons 1-15,4,Seamus,4
9,SA,Seasons 1-15,4,Tevin,4
9,SA,Seasons 1-15,4,Palesa,1
9,SA,Seasons 1-15,4,Toni,3
9,SA,Seasons 1-15,4,Felix,1
9,SA,Seasons 1-15,4,Tania,7
9,SA,Seasons 1-15,4,Meryl,3
9,SA,Seasons 1-15,4,Dante,1
9,SA,Seasons 1-15,4,Steffi,0
9,SA,Seasons 1-15,4,Pinty,5
9,SA,Seasons 1-15,4,Thoriso,2
9,SA,Seasons 1-15,4,Dino,2
9,US,Seasons 1-15,5,Travis,4
9,US,Seasons 1-15,5,Lisa,1
9,US,Seasons 1-15,5,John K.,2
9,US,Seasons 1-15,5,Rory,2
9,US,Seasons 1-15,5,Lea,2
9,US,Seasons 1-15,5,Chad,1
9,US,Seasons 1-15,5,Leann,1
9,US,Seasons 1-15,5,Ami,5
9,US,Seasons 1-15,5,Julie,1
9,US,Seasons 1-15,5,Eliza,2
9,US,Seasons 1-15,5,Scout,0
9,US,Seasons 1-15,5,Twila,1
9,US,Seasons 1-15,5,Chris,0
9,AU,Seasons 1-15,5,Aileen,0
9,AU,Seasons 1-15,5,Alex,4
9,AU,Seasons 1-15,5,Caroline,0
9,AU,Seasons 1-15,5,Charles,0
9,AU,Seasons 1-15,5,Eden,0
9,AU,Seasons 1-15,5,Feras,6
9,AU,Seasons 1-15,5,Garrick,0
9,AU,Seasons 1-15,5,Jaden,0
9,AU,Seasons 1-15,5,Kelli,1
9,AU,Seasons 1-15,5,Kirby,9
9,AU,Seasons 1-15,5,Kitty,0
9,AU,Seasons 1-15,5,Mark,3
9,AU,Seasons 1-15,5,Nathan,0
9,AU,Seasons 1-15,5,Raymond,0
9,AU,Seasons 1-15,5,Rianna,0
9,AU,Seasons 1-15,5,Sarah,0
9,AU,Seasons 1-15,5,Scott,4
9,AU,Seasons 1-15,5,Valeria,0
9,AU,Seasons 1-15,5,Viola,0
9,AU,Seasons 1-15,5,Winna,0
9,SA,Seasons 1-15,5,Tejan,1
9,SA,Seasons 1-15,5,Killarney,2
9,SA,Seasons 1-15,5,Shona,0
9,SA,Seasons 1-15,5,Phil,7
9,SA,Seasons 1-15,5,Marian,1
9,SA,Seasons 1-15,5,Shane,0
9,SA,Seasons 1-15,5,Seamus,2
9,SA,Seasons 1-15,5,Tevin,6
9,SA,Seasons 1-15,5,Palesa,3
9,SA,Seasons 1-15,5,Toni,2
9,SA,Seasons 1-15,5,Felix,2
9,SA,Seasons 1-15,5,Meryl,1
9,SA,Seasons 1-15,5,Dante,1
9,SA,Seasons 1-15,5,Steffi,1
9,SA,Seasons 1-15,5,Pinty,5
9,SA,Seasons 1-15,5,Thoriso,2
9,SA,Seasons 1-15,5,Dino,3
9,US,Seasons 1-15,6,Lisa,2
9,US,Seasons 1-15,6,John K.,0
9,US,Seasons 1-15,6,Rory,7
9,US,Seasons 1-15,6,Lea,5
9,US,Seasons 1-15,6,Chad,1
9,US,Seasons 1-15,6,Leann,4
9,US,Seasons 1-15,6,Ami,2
9,US,Seasons 1-15,6,Julie,3
9,US,Seasons 1-15,6,Eliza,0
9,US,Seasons 1-15,6,Scout,1
9,US,Seasons 1-15,6,Twila,4
9,US,Seasons 1-15,6,Chris,1
9,AU,Seasons 1-15,6,Aileen,0
9,AU,Seasons 1-15,6,Alex,1
9,AU,Seasons 1-15,6,Caroline,6
9,AU,Seasons 1-15,6,Charles,0
9,AU,Seasons 1-15,6,Eden,1
9,AU,Seasons 1-15,6,Feras,4
9,AU,Seasons 1-15,6,Garrick,0
9,AU,Seasons 1-15,6,Jaden,1
9,AU,Seasons 1-15,6,Kelli,4
9,AU,Seasons 1-15,6,Kirby,2
9,AU,Seasons 1-15,6,Kitty,0
9,AU,Seasons 1-15,6,Mark,7
9,AU,Seasons 1-15,6,Nathan,2
9,AU,Seasons 1-15,6,Raymond,0
9,AU,Seasons 1-15,6,Rianna,0
9,AU,Seasons 1-15,6,Sarah,0
9,AU,Seasons 1-15,6,Scott,0
9,AU,Seasons 1-15,6,Valeria,1
9,AU,Seasons 1-15,6,Viola,1
9,AU,Seasons 1-15,6,Winna,2
9,SA,Seasons 1-15,6,Tejan,2
9,SA,Seasons 1-15,6,Killarney,2
9,SA,Seasons 1-15,6,Shona,3
9,SA,Seasons 1-15,6,Phil,3
9,SA,Seasons 1-15,6,Marian,3
9,SA,Seasons 1-15,6,Shane,0
9,SA,Seasons 1-15,6,Seamus,8
9,SA,Seasons 1-15,6,Palesa,0
9,SA,Seasons 1-15,6,Toni,2
9,SA,Seasons 1-15,6,Felix,0
9,SA,Seasons 1-15,6,Meryl,2
9,SA,Seasons 1-15,6,Dante,3
9,SA,Seasons 1-15,6,Steffi,1
9,SA,Seasons 1-15,6,Pinty,1
9,SA,Seasons 1-15,6,Thoriso,1
9,SA,Seasons 1-15,6,Dino,3
9,US,Seasons 1-15,7,John K.,5
9,US,Seasons 1-15,7,Rory,6
9,US,Seasons 1-15,7,Lea,2
9,US,Seasons 1-15,7,Chad,3
9,US,Seasons 1-15,7,Leann,1
9,US,Seasons 1-15,7,Ami,3
9,US,Seasons 1-15,7,Julie,3
9,US,Seasons 1-15,7,Eliza,2
9,US,Seasons 1-15,7,Scout,1
9,US,Seasons 1-15,7,Twila,2
9,US,Seasons 1-15,7,Chris,1
9,AU,Seasons 1-15,7,Aileen,0
9,AU,Seasons 1-15,7,Alex,3
9,AU,Seasons 1-15,7,Caroline,8
9,AU,Seasons 1-15,7,Charles,0
9,AU,Seasons 1-15,7,Eden,8
9,AU,Seasons 1-15,7,Feras,6
9,AU,Seasons 1-15,7,Garrick,0
9,AU,Seasons 1-15,7,Jaden,0
9,AU,Seasons 1-15,7,Kelli,0
9,AU,Seasons 1-15,7,Kirby,4
9,AU,Seasons 1-15,7,Kitty,0
9,AU,Seasons 1-15,7,Mark,4
9,AU,Seasons 1-15,7,Raymond,0
9,AU,Seasons 1-15,7,Rianna,4
9,AU,Seasons 1-15,7,Sarah,0
9,AU,Seasons 1-15,7,Scott,3
9,AU,Seasons 1-15,7,Valeria,5
9,AU,Seasons 1-15,7,Viola,2
9,AU,Seasons 1-15,7,Winna,0
9,SA,Seasons 1-15,7,Tejan,3
9,SA,Seasons 1-15,7,Killarney,1
9,SA,Seasons 1-15,7,Shona,2
9,SA,Seasons 1-15,7,Phil,5
9,SA,Seasons 1-15,7,Marian,2
9,SA,Seasons 1-15,7,Shane,1
9,SA,Seasons 1-15,7,Palesa,2
9,SA,Seasons 1-15,7,Toni,4
9,SA,Seasons 1-15,7,Felix,3
9,SA,Seasons 1-15,7,Meryl,2
9,SA,Seasons 1-15,7,Dante,8
9,SA,Seasons 1-15,7,Steffi,2
9,SA,Seasons 1-15,7,Pinty,3
9,SA,Seasons 1-15,7,Thoriso,4
9,SA,Seasons 1-15,7,Dino,5
9,US,Seasons 1-15,8,Rory,4
9,US,Seasons 1-15,8,Lea,8
9,US,Seasons 1-15,8,Chad,3
9,US,Seasons 1-15,8,Leann,0
9,US,Seasons 1-15,8,Ami,2
9,US,Seasons 1-15,8,Julie,2
9,US,Seasons 1-15,8,Eliza,3
9,US,Seasons 1-15,8,Scout,3
9,US,Seasons 1-15,8,Twila,4
9,US,Seasons 1-15,8,Chris,6
9,AU,Seasons 1-15,8,Aileen,0
9,AU,Seasons 1-15,8,Alex,2
9,AU,Seasons 1-15,8,Caroline,4
9,AU,Seasons 1-15,8,Charles,0
9,AU,Seasons 1-15,8,Eden,0
9,AU,Seasons 1-15,8,Feras,1
9,AU,Seasons 1-15,8,Garrick,0
9,AU,Seasons 1-15,8,Jaden,0
9,AU,Seasons 1-15,8,Kelli,0
9,AU,Seasons 1-15,8,Kirby,0
9,AU,Seasons 1-15,8,Kitty,2
9,AU,Seasons 1-15,8,Mark,7
9,AU,Seasons 1-15,8,Raymond,0
9,AU,Seasons 1-15,8,Rianna,1
9,AU,Seasons 1-15,8,Sarah,3
9,AU,Seasons 1-15,8,Scott,2
9,AU,Seasons 1-15,8,Valeria,3
9,AU,Seasons 1-15,8,Winna,0
9,SA,Seasons 1-15,8,Tejan,2
9,SA,Seasons 1-15,8,Killarney,1
9,SA,Seasons 1-15,8,Shona,4
9,SA,Seasons 1-15,8,Phil,4
9,SA,Seasons 1-15,8,Marian,4
9,SA,Seasons 1-15,8,Shane,1
9,SA,Seasons 1-15,8,Palesa,3
9,SA,Seasons 1-15,8,Toni,1
9,SA,Seasons 1-15,8,Felix,1
9,SA,Seasons 1-15,8,Meryl,0
9,SA,Seasons 1-15,8,Dante,4
9,SA,Seasons 1-15,8,Steffi,1
9,SA,Seasons 1-15,8,Pinty,2
9,SA,Seasons 1-15,8,Thoriso,3
9,SA,Seasons 1-15,8,Dino,9
9,US,Seasons 1-15,9,Lea,6
9,US,Seasons 1-15,9,Chad,0
9,US,Seasons 1-15,9,Leann,3
9,US,Seasons 1-15,9,Ami,2
9,US,Seasons 1-15,9,Julie,2
9,US,Seasons 1-15,9,Eliza,6
9,US,Seasons 1-15,9,Scout,2
9,US,Seasons 1-15,9,Twila,4
9,US,Seasons 1-15,9,Chris,4
9,AU,Seasons 1-15,9,Aileen,1
9,AU,Seasons 1-15,9,Alex,0
9,AU,Seasons 1-15,9,Caroline,2
9,AU,Seasons 1-15,9,Charles,4
9,AU,Seasons 1-15,9,Eden,0
9,AU,Seasons 1-15,9,Feras,4
9,AU,Seasons 1-15,9,Garrick,5
9,AU,Seasons 1-15,9,Jaden,0
9,AU,Seasons 1-15,9,Kelli,2
9,AU,Seasons 1-15,9,Kirby,8
9,AU,Seasons 1-15,9,Kitty,0
9,AU,Seasons 1-15,9,Mark,2
9,AU,Seasons 1-15,9,Raymond,0
9,AU,Seasons 1-15,9,Rianna,0
9,AU,Seasons 1-15,9,Scott,0
9,AU,Seasons 1-15,9,Valeria,3
9,AU,Seasons 1-15,9,Winna,0
9,SA,Seasons 1-15,9,Tejan,3
9,SA,Seasons 1-15,9,Killarney,1
9,SA,Seasons 1-15,9,Phil,4
9,SA,Seasons 1-15,9,Marian,3
9,SA,Seasons 1-15,9,Shane,0
9,SA,Seasons 1-15,9,Palesa,5
9,SA,Seasons 1-15,9,Toni,3
9,SA,Seasons 1-15,9,Felix,3
9,SA,Seasons 1-15,9,Meryl,6
9,SA,Seasons 1-15,9,Dante,4
9,SA,Seasons 1-15,9,Steffi,2
9,SA,Seasons 1-15,9,Pinty,2
9,SA,Seasons 1-15,9,Thoriso,3
9,SA,Seasons 1-15,9,Dino,4
9,US,Seasons 1-15,10,Chad,3
9,US,Seasons 1-15,10,Leann,1
9,US,Seasons 1-15,10,Ami,8
9,US,Seasons 1-15,10,Julie,0
9,US,Seasons 1-15,10,Eliza,5
9,US,Seasons 1-15,10,Scout,3
9,US,Seasons 1-15,10,Twila,1
9,US,Seasons 1-15,10,Chris,6
9,AU,Seasons 1-15,10,Aileen,5
9,AU,Seasons 1-15,10,Alex,0
9,AU,Seasons 1-15,10,Caroline,1
9,AU,Seasons 1-15,10,Charles,1
9,AU,Seasons 1-15,10,Eden,0
9,AU,Seasons 1-15,10,Feras,6
9,AU,Seasons 1-15,10,Jaden,0
9,AU,Seasons 1-15,10,Kelli,0
9,AU,Seasons 1-15,10,Kirby,6
9,AU,Seasons 1-15,10,Kitty,0
9,AU,Seasons 1-15,10,Mark,0
9,AU,Seasons 1-15,10,Raymond,2
9,AU,Seasons 1-15,10,Rianna,2
9,AU,Seasons 1-15,10,Scott,0
9,AU,Seasons 1-15,10,Valeria,4
9,AU,Seasons 1-15,10,Winna,2
9,SA,Seasons 1-15,10,Tejan,5
9,SA,Seasons 1-15,10,Killarney,1
9,SA,Seasons 1-15,10,Phil,1
9,SA,Seasons 1-15,10,Marian,1
9,SA,Seasons 1-15,10,Shane,2
9,SA,Seasons 1-15,10,Palesa,3
9,SA,Seasons 1-15,10,Toni,8
9,SA,Seasons 1-15,10,Felix,4
9,SA,Seasons 1-15,10,Meryl,1
9,SA,Seasons 1-15,10,Dante,0
9,SA,Seasons 1-15,10,Steffi,0
9,SA,Seasons 1-15,10,Thoriso,5
9,SA,Seasons 1-15,10,Dino,4
9,US,Seasons 1-15,11,Leann,5
9,US,Seasons 1-15,11,Ami,3
9,US,Seasons 1-15,11,Julie,0
9,US,Seasons 1-15,11,Eliza,5
9,US,Seasons 1-15,11,Scout,3
9,US,Seasons 1-15,11,Twila,2
9,US,Seasons 1-15,11,Chris,6
9,AU,Seasons 1-15,11,Aileen,1
9,AU,Seasons 1-15,11,Alex,1
9,AU,Seasons 1-15,11,Caroline,11
9,AU,Seasons 1-15,11,Eden,1
9,AU,Seasons 1-15,11,Feras,0
9,AU,Seasons 1-15,11,Jaden,3
9,AU,Seasons 1-15,11,Kelli,1
9,AU,Seasons 1-15,11,Kirby,0
9,AU,Seasons 1-15,11,Kitty,0
9,AU,Seasons 1-15,11,Mark,5
9,AU,Seasons 1-15,11,Raymond,0
9,AU,Seasons 1-15,11,Rianna,0
9,AU,Seasons 1-15,11,Scott,0
9,AU,Seasons 1-15,11,Valeria,3
9,AU,Seasons 1-15,11,Winna,0
9,SA,Seasons 1-15,11,Tejan,1
9,SA,Seasons 1-15,11,Killarney,0
9,SA,Seasons 1-15,11,Phil,6
9,SA,Seasons 1-15,11,Marian,4
9,SA,Seasons 1-15,11,Shane,1
9,SA,Seasons 1-15,11,Palesa,3
9,SA,Seasons 1-15,11,Toni,4
9,SA,Seasons 1-15,11,Felix,4
9,SA,Seasons 1-15,11,Meryl,4
9,SA,Seasons 1-15,11,Dante,2
9,SA,Seasons 1-15,11,Steffi,4
9,SA,Seasons 1-15,11,Dino,1
9,US,Seasons 1-15,12,Ami,10
9,US,Seasons 1-15,12,Julie,1
9,US,Seasons 1-15,12,Eliza,6
9,US,Seasons 1-15,12,Scout,2
9,US,Seasons 1-15,12,Twila,5
9,US,Seasons 1-15,12,Chris,9
9,AU,Seasons 1-15,12,Aileen,0
9,AU,Seasons 1-15,12,Alex,3
9,AU,Seasons 1-15,12,Caroline,0
9,AU,Seasons 1-15,12,Eden,0
9,AU,Seasons 1-15,12,Feras,14
9,AU,Seasons 1-15,12,Jaden,0
9,AU,Seasons 1-15,12,Kelli,0
9,AU,Seasons 1-15,12,Kirby,10
9,AU,Seasons 1-15,12,Kitty,0
9,AU,Seasons 1-15,12,Mark,2
9,AU,Seasons 1-15,12,Raymond,0
9,AU,Seasons 1-15,12,Rianna,2
9,AU,Seasons 1-15,12,Scott,0
9,AU,Seasons 1-15,12,Valeria,2
9,AU,Seasons 1-15,12,Winna,0
9,SA,Seasons 1-15,12,Tejan,0
9,SA,Seasons 1-15,12,Killarney,3
9,SA,Seasons 1-15,12,Phil,8
9,SA,Seasons 1-15,12,Marian,2
9,SA,Seasons 1-15,12,Shane,4
9,SA,Seasons 1-15,12,Palesa,2
9,SA,Seasons 1-15,12,Toni,2
9,SA,Seasons 1-15,12,Felix,2
9,SA,Seasons 1-15,12,Meryl,6
9,SA,Seasons 1-15,12,Dante,4
9,SA,Seasons 1-15,12,Steffi,5
9,SA,Seasons 1-15,12,Dino,1
9,US,Seasons 1-15,13,Julie,9
9,US,Seasons 1-15,13,Eliza,7
9,US,Seasons 1-15,13,Scout,0
9,US,Seasons 1-15,13,Twila,1
9,US,Seasons 1-15,13,Chris,16
9,AU,Seasons 1-15,13,Aileen,0
9,AU,Seasons 1-15,13,Alex,0
9,AU,Seasons 1-15,13,Caroline,5
9,AU,Seasons 1-15,13,Eden,6
9,AU,Seasons 1-15,13,Feras,0
9,AU,Seasons 1-15,13,Jaden,0
9,AU,Seasons 1-15,13,Kirby,5
9,AU,Seasons 1-15,13,Kitty,2
9,AU,Seasons 1-15,13,Mark,1
9,AU,Seasons 1-15,13,Raymond,0
9,AU,Seasons 1-15,13,Rianna,0
9,AU,Seasons 1-15,13,Scott,3
9,AU,Seasons 1-15,13,Valeria,8
9,AU,Seasons 1-15,13,Winna,0
9,SA,Seasons 1-15,13,Tejan,3
9,SA,Seasons 1-15,13,Killarney,0
9,SA,Seasons 1-15,13,Phil,4
9,SA,Seasons 1-15,13,Marian,4
9,SA,Seasons 1-15,13,Shane,3
9,SA,Seasons 1-15,13,Toni,3
9,SA,Seasons 1-15,13,Felix,4
9,SA,Seasons 1-15,13,Meryl,1
9,SA,Seasons 1-15,13,Dante,1
9,SA,Seasons 1-15,13,Steffi,4
9,SA,Seasons 1-15,13,Dino,5
9,US,Seasons 1-15,14,Eliza,2
9,US,Seasons 1-15,14,Scout,2
9,US,Seasons 1-15,14,Twila,7
9,US,Seasons 1-15,14,Chris,15
9,AU,Seasons 1-15,14,Aileen,0
9,AU,Seasons 1-15,14,Alex,0
9,AU,Seasons 1-15,14,Caroline,8
9,AU,Seasons 1-15,14,Eden,0
9,AU,Seasons 1-15,14,Feras,2
9,AU,Seasons 1-15,14,Jaden,0
9,AU,Seasons 1-15,14,Kirby,1
9,AU,Seasons 1-15,14,Kitty,2
9,AU,Seasons 1-15,14,Mark,5
9,AU,Seasons 1-15,14,Raymond,0
9,AU,Seasons 1-15,14,Rianna,2
9,AU,Seasons 1-15,14,Valeria,4
9,AU,Seasons 1-15,14,Winna,0
9,SA,Seasons 1-15,14,Tejan,3
9,SA,Seasons 1-15,14,Killarney,0
9,SA,Seasons 1-15,14,Phil,3
9,SA,Seasons 1-15,14,Marian,4
9,SA,Seasons 1-15,14,Shane,2
9,SA,Seasons 1-15,14,Felix,1
9,SA,Seasons 1-15,14,Meryl,9
9,SA,Seasons 1-15,14,Dante,6
9,SA,Seasons 1-15,14,Steffi,3
9,SA,Seasons 1-15,14,Dino,3
9,AU,Seasons 1-15,15,Aileen,0
9,AU,Seasons 1-15,15,Alex,0
9,AU,Seasons 1-15,15,Caroline,7
9,AU,Seasons 1-15,15,Eden,11
9,AU,Seasons 1-15,15,Feras,5
9,AU,Seasons 1-15,15,Jaden,2
9,AU,Seasons 1-15,15,Kirby,1
9,AU,Seasons 1-15,15,Kitty,0
9,AU,Seasons 1-15,15,Mark,4
9,AU,Seasons 1-15,15,Raymond,0
9,AU,Seasons 1-15,15,Rianna,0
9,AU,Seasons 1-15,15,Valeria,0
9,SA,Seasons 1-15,15,Tejan,4
9,SA,Seasons 1-15,15,Killarney,2
9,SA,Seasons 1-15,15,Phil,5
9,SA,Seasons 1-15,15,Marian,4
9,SA,Seasons 1-15,15,Shane,2
9,SA,Seasons 1-15,15,Felix,4
9,SA,Seasons 1-15,15,Meryl,3
9,SA,Seasons 1-15,15,Steffi,3
9,SA,Seasons 1-15,15,Dino,4
9,AU,Seasons 1-15,16,Aileen,0
9,AU,Seasons 1-15,16,Alex,0
9,AU,Seasons 1-15,16,Caroline,3
9,AU,Seasons 1-15,16,Feras,12
9,AU,Seasons 1-15,16,Jaden,0
9,AU,Seasons 1-15,16,Kirby,15
9,AU,Seasons 1-15,16,Kitty,1
9,AU,Seasons 1-15,16,Mark,0
9,AU,Seasons 1-15,16,Raymond,7
9,AU,Seasons 1-15,16,Rianna,0
9,AU,Seasons 1-15,16,Valeria,0
9,SA,Seasons 1-15,16,Tejan,2
9,SA,Seasons 1-15,16,Killarney,2
9,SA,Seasons 1-15,16,Phil,2
9,SA,Seasons 1-15,16,Marian,10
9,SA,Seasons 1-15,16,Shane,3
9,SA,Seasons 1-15,16,Felix,6
9,SA,Seasons 1-15,16,Meryl,7
9,SA,Seasons 1-15,16,Dino,5
9,AU,Seasons 1-15,17,Alex,3
9,AU,Seasons 1-15,17,Caroline,1
9,AU,Seasons 1-15,17,Feras,6
9,AU,Seasons 1-15,17,Jaden,2
9,AU,Seasons 1-15,17,Kirby,6
9,AU,Seasons 1-15,17,Kitty,3
9,AU,Seasons 1-15,17,Mark,3
9,AU,Seasons 1-15,17,Raymond,1
9,AU,Seasons 1-15,17,Rianna,0
9,AU,Seasons 1-15,17,Valeria,0
9,SA,Seasons 1-15,17,Tejan,5
9,SA,Seasons 1-15,17,Killarney,3
9,SA,Seasons 1-15,17,Phil,8
9,SA,Seasons 1-15,17,Marian,5
9,SA,Seasons 1-15,17,Shane,2
9,SA,Seasons 1-15,17,Felix,3
9,SA,Seasons 1-15,17,Dino,5
9,AU,Seasons 1-15,18,Alex,2
9,AU,Seasons 1-15,18,Caroline,1
9,AU,Seasons 1-15,18,Feras,10
9,AU,Seasons 1-15,18,Kirby,6
9,AU,Seasons 1-15,18,Kitty,0
9,AU,Seasons 1-15,18,Mark,2
9,AU,Seasons 1-15,18,Raymond,5
9,AU,Seasons 1-15,18,Rianna,1
9,AU,Seasons 1-15,18,Valeria,7
9,SA,Seasons 1-15,18,Tejan,4
9,SA,Seasons 1-15,18,Killarney,1
9,SA,Seasons 1-15,18,Phil,5
9,SA,Seasons 1-15,18,Marian,4
9,SA,Seasons 1-15,18,Shane,3
9,SA,Seasons 1-15,18,Felix,6
9,SA,Seasons 1-15,18,Dino,4
9,AU,Seasons 1-15,19,Alex,8
9,AU,Seasons 1-15,19,Caroline,0
9,AU,Seasons 1-15,19,Feras,6
9,AU,Seasons 1-15,19,Kirby,5
9,AU,Seasons 1-15,19,Kitty,0
9,AU,Seasons 1-15,19,Mark,9
9,AU,Seasons 1-15,19,Raymond,0
9,AU,Seasons 1-15,19,Rianna,2
9,SA,Seasons 1-15,19,Killarney,2
9,SA,Seasons 1-15,19,Phil,5
9,SA,Seasons 1-15,19,Marian,6
9,SA,Seasons 1-15,19,Shane,2
9,SA,Seasons 1-15,19,Felix,7
9,SA,Seasons 1-15,19,Dino,9
9,AU,Seasons 1-15,20,Caroline,6
9,AU,Seasons 1-15,20,Feras,6
9,AU,Seasons 1-15,20,Kirby,10
9,AU,Seasons 1-15,20,Kitty,0
9,AU,Seasons 1-15,20,Mark,0
9,AU,Seasons 1-15,20,Raymond,0
9,AU,Seasons 1-15,20,Rianna,2
9,SA,Seasons 1-15,20,Killarney,1
9,SA,Seasons 1-15,20,Phil,6
9,SA,Seasons 1-15,20,Marian,4
9,SA,Seasons 1-15,20,Shane,1
9,SA,Seasons 1-15,20,Felix,4
9,SA,Seasons 1-15,20,Dino,9
9,AU,Seasons 1-15,21,Caroline,8
9,AU,Seasons 1-15,21,Feras,3
9,AU,Seasons 1-15,21,Kirby,6
9,AU,Seasons 1-15,21,Mark,5
9,AU,Seasons 1-15,21,Raymond,0
9,AU,Seasons 1-15,21,Kitty,0
9,SA,Seasons 1-15,21,Killarney,1
9,SA,Seasons 1-15,21,Phil,10
9,SA,Seasons 1-15,21,Marian,7
9,SA,Seasons 1-15,21,Shane,3
9,SA,Seasons 1-15,21,Dino,9
9,AU,Seasons 1-15,22,Caroline,2
9,AU,Seasons 1-15,22,Mark,3
9,AU,Seasons 1-15,22,Feras,11
9,AU,Seasons 1-15,22,Kirby,6
9,AU,Seasons 1-15,22,Raymond,0
9,SA,Seasons 1-15,22,Phil,9
9,SA,Seasons 1-15,22,Marian,8
9,SA,Seasons 1-15,22,Shane,7
9,SA,Seasons 1-15,22,Dino,4
9,AU,Seasons 1-15,23,Caroline,4
9,AU,Seasons 1-15,23,Mark,8
9,AU,Seasons 1-15,23,Feras,8
9,AU,Seasons 1-15,23,Raymond,0
9,SA,Seasons 1-15,23,Marian,3
9,SA,Seasons 1-15,23,Shane,5
9,SA,Seasons 1-15,23,Dino,6
9,AU,Seasons 1-15,24,Caroline,4
9,AU,Seasons 1-15,24,Mark,2
9,AU,Seasons 1-15,24,Feras,4
10,US,Seasons 1-15,1,Jonathan,1
10,US,Seasons 1-15,1,Wanda,1
10,US,Seasons 1-15,1,Jolanda,3
10,US,Seasons 1-15,1,Ashlee,1
10,US,Seasons 1-15,1,Jeff,0
10,US,Seasons 1-15,1,Kim,0
10,US,Seasons 1-15,1,Willard,2
10,US,Seasons 1-15,1,Angie,6
10,US,Seasons 1-15,1,James,2
10,US,Seasons 1-15,1,Ibrehem,1
10,US,Seasons 1-15,1,Bobby Jon,1
10,US,Seasons 1-15,1,Coby,5
10,US,Seasons 1-15,1,Janu,3
10,US,Seasons 1-15,1,Stephenie,3
10,US,Seasons 1-15,1,Gregg,1
10,US,Seasons 1-15,1,Caryn,1
10,US,Seasons 1-15,1,Jenn,0
10,US,Seasons 1-15,1,Ian,2
10,US,Seasons 1-15,1,Katie,4
10,US,Seasons 1-15,1,Tom,2
10,US,Seasons 1-15,2,Ashlee,1
10,US,Seasons 1-15,2,Jeff,6
10,US,Seasons 1-15,2,Kim,1
10,US,Seasons 1-15,2,Willard,0
10,US,Seasons 1-15,2,Angie,4
10,US,Seasons 1-15,2,James,3
10,US,Seasons 1-15,2,Ibrehem,0
10,US,Seasons 1-15,2,Bobby Jon,4
10,US,Seasons 1-15,2,Coby,0
10,US,Seasons 1-15,2,Janu,2
10,US,Seasons 1-15,2,Stephenie,3
10,US,Seasons 1-15,2,Gregg,0
10,US,Seasons 1-15,2,Caryn,2
10,US,Seasons 1-15,2,Jenn,0
10,US,Seasons 1-15,2,Ian,4
10,US,Seasons 1-15,2,Katie,1
10,US,Seasons 1-15,2,Tom,1
10,US,Seasons 1-15,3,Jeff,4
10,US,Seasons 1-15,3,Kim,3
10,US,Seasons 1-15,3,Willard,0
10,US,Seasons 1-15,3,Angie,1
10,US,Seasons 1-15,3,James,2
10,US,Seasons 1-15,3,Ibrehem,1
10,US,Seasons 1-15,3,Bobby Jon,5
10,US,Seasons 1-15,3,Coby,1
10,US,Seasons 1-15,3,Janu,0
10,US,Seasons 1-15,3,Stephenie,1
10,US,Seasons 1-15,3,Gregg,2
10,US,Seasons 1-15,3,Caryn,2
10,US,Seasons 1-15,3,Jenn,0
10,US,Seasons 1-15,3,Ian,2
10,US,Seasons 1-15,3,Katie,2
10,US,Seasons 1-15,3,Tom,5
10,US,Seasons 1-15,4,Kim,6
10,US,Seasons 1-15,4,Willard,2
10,US,Seasons 1-15,4,Angie,2
10,US,Seasons 1-15,4,James,8
10,US,Seasons 1-15,4,Ibrehem,2
10,US,Seasons 1-15,4,Bobby Jon,4
10,US,Seasons 1-15,4,Coby,1
10,US,Seasons 1-15,4,Janu,0
10,US,Seasons 1-15,4,Stephenie,6
10,US,Seasons 1-15,4,Gregg,1
10,US,Seasons 1-15,4,Caryn,1
10,US,Seasons 1-15,4,Jenn,1
10,US,Seasons 1-15,4,Ian,6
10,US,Seasons 1-15,4,Katie,2
10,US,Seasons 1-15,4,Tom,3
10,US,Seasons 1-15,5,Willard,1
10,US,Seasons 1-15,5,Angie,2
10,US,Seasons 1-15,5,James,2
10,US,Seasons 1-15,5,Ibrehem,2
10,US,Seasons 1-15,5,Bobby Jon,2
10,US,Seasons 1-15,5,Coby,3
10,US,Seasons 1-15,5,Janu,0
10,US,Seasons 1-15,5,Stephenie,3
10,US,Seasons 1-15,5,Gregg,2
10,US,Seasons 1-15,5,Caryn,0
10,US,Seasons 1-15,5,Jenn,0
10,US,Seasons 1-15,5,Ian,1
10,US,Seasons 1-15,5,Katie,0
10,US,Seasons 1-15,5,Tom,1
10,US,Seasons 1-15,6,James,2
10,US,Seasons 1-15,6,Ibrehem,3
10,US,Seasons 1-15,6,Bobby Jon,6
10,US,Seasons 1-15,6,Coby,1
10,US,Seasons 1-15,6,Janu,1
10,US,Seasons 1-15,6,Stephenie,8
10,US,Seasons 1-15,6,Gregg,0
10,US,Seasons 1-15,6,Caryn,1
10,US,Seasons 1-15,6,Jenn,1
10,US,Seasons 1-15,6,Ian,1
10,US,Seasons 1-15,6,Katie,2
10,US,Seasons 1-15,6,Tom,2
10,US,Seasons 1-15,7,Ibrehem,5
10,US,Seasons 1-15,7,Bobby Jon,5
10,US,Seasons 1-15,7,Coby,4
10,US,Seasons 1-15,7,Janu,0
10,US,Seasons 1-15,7,Stephenie,6
10,US,Seasons 1-15,7,Gregg,9
10,US,Seasons 1-15,7,Caryn,2
10,US,Seasons 1-15,7,Jenn,1
10,US,Seasons 1-15,7,Ian,4
10,US,Seasons 1-15,7,Katie,3
10,US,Seasons 1-15,7,Tom,3
10,US,Seasons 1-15,8,Bobby Jon,8
10,US,Seasons 1-15,8,Coby,4
10,US,Seasons 1-15,8,Janu,1
10,US,Seasons 1-15,8,Stephenie,13
10,US,Seasons 1-15,8,Gregg,0
10,US,Seasons 1-15,8,Caryn,0
10,US,Seasons 1-15,8,Jenn,2
10,US,Seasons 1-15,8,Ian,2
10,US,Seasons 1-15,8,Katie,3
10,US,Seasons 1-15,8,Tom,3
10,US,Seasons 1-15,9,Coby,5
10,US,Seasons 1-15,9,Janu,0
10,US,Seasons 1-15,9,Stephenie,10
10,US,Seasons 1-15,9,Gregg,1
10,US,Seasons 1-15,9,Caryn,0
10,US,Seasons 1-15,9,Jenn,1
10,US,Seasons 1-15,9,Ian,5
10,US,Seasons 1-15,9,Katie,2
10,US,Seasons 1-15,9,Tom,5
10,US,Seasons 1-15,10,Janu,8
10,US,Seasons 1-15,10,Stephenie,3
10,US,Seasons 1-15,10,Gregg,4
10,US,Seasons 1-15,10,Caryn,4
10,US,Seasons 1-15,10,Jenn,0
10,US,Seasons 1-15,10,Ian,0
10,US,Seasons 1-15,10,Katie,3
10,US,Seasons 1-15,10,Tom,5
10,US,Seasons 1-15,11,Stephenie,7
10,US,Seasons 1-15,11,Gregg,3
10,US,Seasons 1-15,11,Caryn,4
10,US,Seasons 1-15,11,Jenn,1
10,US,Seasons 1-15,11,Ian,6
10,US,Seasons 1-15,11,Katie,6
10,US,Seasons 1-15,11,Tom,7
10,US,Seasons 1-15,12,Gregg,6
10,US,Seasons 1-15,12,Caryn,3
10,US,Seasons 1-15,12,Jenn,3
10,US,Seasons 1-15,12,Ian,6
10,US,Seasons 1-15,12,Katie,5
10,US,Seasons 1-15,12,Tom,8
10,US,Seasons 1-15,13,Caryn,4
10,US,Seasons 1-15,13,Jenn,2
10,US,Seasons 1-15,13,Ian,5
10,US,Seasons 1-15,13,Katie,2
10,US,Seasons 1-15,13,Tom,6
10,US,Seasons 1-15,14,Jenn,1
10,US,Seasons 1-15,14,Ian,6
10,US,Seasons 1-15,14,Katie,5
10,US,Seasons 1-15,14,Tom,9
11,US,Seasons 1-15,1,Bobby Jon,5
11,US,Seasons 1-15,1,Stephenie,9
11,US,Seasons 1-15,1,Jim,2
11,US,Seasons 1-15,1,Morgan,2
11,US,Seasons 1-15,1,Brianna,1
11,US,Seasons 1-15,1,Brooke,2
11,US,Seasons 1-15,1,Blake,1
11,US,Seasons 1-15,1,Margaret,8
11,US,Seasons 1-15,1,Brian,3
11,US,Seasons 1-15,1,Amy,1
11,US,Seasons 1-15,1,Brandon,4
11,US,Seasons 1-15,1,Jamie,1
11,US,Seasons 1-15,1,Gary,2
11,US,Seasons 1-15,1,Judd,2
11,US,Seasons 1-15,1,Cindy,4
11,US,Seasons 1-15,1,Lydia,1
11,US,Seasons 1-15,1,Rafe,2
11,US,Seasons 1-15,1,Danni,1
11,US,Seasons 1-15,2,Bobby Jon,1
11,US,Seasons 1-15,2,Stephenie,5
11,US,Seasons 1-15,2,Morgan,0
11,US,Seasons 1-15,2,Brianna,1
11,US,Seasons 1-15,2,Brooke,0
11,US,Seasons 1-15,2,Blake,2
11,US,Seasons 1-15,2,Margaret,2
11,US,Seasons 1-15,2,Brian,1
11,US,Seasons 1-15,2,Amy,0
11,US,Seasons 1-15,2,Brandon,2
11,US,Seasons 1-15,2,Jamie,1
11,US,Seasons 1-15,2,Gary,6
11,US,Seasons 1-15,2,Judd,2
11,US,Seasons 1-15,2,Cindy,0
11,US,Seasons 1-15,2,Lydia,3
11,US,Seasons 1-15,2,Rafe,3
11,US,Seasons 1-15,2,Danni,1
11,US,Seasons 1-15,3,Bobby Jon,3
11,US,Seasons 1-15,3,Stephenie,4
11,US,Seasons 1-15,3,Brianna,4
11,US,Seasons 1-15,3,Brooke,1
11,US,Seasons 1-15,3,Blake,0
11,US,Seasons 1-15,3,Margaret,2
11,US,Seasons 1-15,3,Brian,2
11,US,Seasons 1-15,3,Amy,4
11,US,Seasons 1-15,3,Brandon,5
11,US,Seasons 1-15,3,Jamie,2
11,US,Seasons 1-15,3,Gary,2
11,US,Seasons 1-15,3,Judd,3
11,US,Seasons 1-15,3,Cindy,3
11,US,Seasons 1-15,3,Lydia,2
11,US,Seasons 1-15,3,Rafe,2
11,US,Seasons 1-15,3,Danni,1
11,US,Seasons 1-15,4,Bobby Jon,0
11,US,Seasons 1-15,4,Stephenie,2
11,US,Seasons 1-15,4,Brooke,1
11,US,Seasons 1-15,4,Blake,1
11,US,Seasons 1-15,4,Margaret,4
11,US,Seasons 1-15,4,Brian,2
11,US,Seasons 1-15,4,Amy,4
11,US,Seasons 1-15,4,Brandon,1
11,US,Seasons 1-15,4,Jamie,1
11,US,Seasons 1-15,4,Gary,2
11,US,Seasons 1-15,4,Judd,4
11,US,Seasons 1-15,4,Cindy,1
11,US,Seasons 1-15,4,Lydia,0
11,US,Seasons 1-15,4,Rafe,3
11,US,Seasons 1-15,4,Danni,1
11,US,Seasons 1-15,5,Bobby Jon,1
11,US,Seasons 1-15,5,Stephenie,4
11,US,Seasons 1-15,5,Blake,1
11,US,Seasons 1-15,5,Margaret,1
11,US,Seasons 1-15,5,Brian,6
11,US,Seasons 1-15,5,Amy,4
11,US,Seasons 1-15,5,Brandon,4
11,US,Seasons 1-15,5,Jamie,1
11,US,Seasons 1-15,5,Gary,2
11,US,Seasons 1-15,5,Judd,3
11,US,Seasons 1-15,5,Cindy,1
11,US,Seasons 1-15,5,Lydia,1
11,US,Seasons 1-15,5,Rafe,0
11,US,Seasons 1-15,5,Danni,2
11,US,Seasons 1-15,6,Bobby Jon,1
11,US,Seasons 1-15,6,Stephenie,0
11,US,Seasons 1-15,6,Margaret,4
11,US,Seasons 1-15,6,Brian,3
11,US,Seasons 1-15,6,Amy,2
11,US,Seasons 1-15,6,Brandon,2
11,US,Seasons 1-15,6,Jamie,1
11,US,Seasons 1-15,6,Gary,1
11,US,Seasons 1-15,6,Judd,3
11,US,Seasons 1-15,6,Cindy,4
11,US,Seasons 1-15,6,Lydia,0
11,US,Seasons 1-15,6,Rafe,4
11,US,Seasons 1-15,6,Danni,0
11,US,Seasons 1-15,7,Bobby Jon,7
11,US,Seasons 1-15,7,Stephenie,4
11,US,Seasons 1-15,7,Amy,7
11,US,Seasons 1-15,7,Brandon,4
11,US,Seasons 1-15,7,Jamie,3
11,US,Seasons 1-15,7,Gary,2
11,US,Seasons 1-15,7,Judd,2
11,US,Seasons 1-15,7,Cindy,1
11,US,Seasons 1-15,7,Lydia,0
11,US,Seasons 1-15,7,Rafe,1
11,US,Seasons 1-15,7,Danni,3
11,US,Seasons 1-15,8,Bobby Jon,5
11,US,Seasons 1-15,8,Stephenie,4
11,US,Seasons 1-15,8,Brandon,6
11,US,Seasons 1-15,8,Jamie,3
11,US,Seasons 1-15,8,Gary,1
11,US,Seasons 1-15,8,Judd,1
11,US,Seasons 1-15,8,Cindy,3
11,US,Seasons 1-15,8,Lydia,1
11,US,Seasons 1-15,8,Rafe,5
11,US,Seasons 1-15,8,Danni,5
11,US,Seasons 1-15,9,Bobby Jon,4
11,US,Seasons 1-15,9,Stephenie,6
11,US,Seasons 1-15,9,Jamie,1
11,US,Seasons 1-15,9,Gary,7
11,US,Seasons 1-15,9,Judd,3
11,US,Seasons 1-15,9,Cindy,0
11,US,Seasons 1-15,9,Lydia,0
11,US,Seasons 1-15,9,Rafe,2
11,US,Seasons 1-15,9,Danni,1
11,US,Seasons 1-15,10,Stephenie,5
11,US,Seasons 1-15,10,Jamie,2
11,US,Seasons 1-15,10,Gary,7
11,US,Seasons 1-15,10,Judd,8
11,US,Seasons 1-15,10,Cindy,4
11,US,Seasons 1-15,10,Lydia,1
11,US,Seasons 1-15,10,Rafe,4
11,US,Seasons 1-15,10,Danni,4
11,US,Seasons 1-15,11,Stephenie,3
11,US,Seasons 1-15,11,Gary,5
11,US,Seasons 1-15,11,Judd,4
11,US,Seasons 1-15,11,Cindy,5
11,US,Seasons 1-15,11,Lydia,5
11,US,Seasons 1-15,11,Rafe,8
11,US,Seasons 1-15,11,Danni,1
11,US,Seasons 1-15,12,Stephenie,4
11,US,Seasons 1-15,12,Judd,5
11,US,Seasons 1-15,12,Cindy,1
11,US,Seasons 1-15,12,Lydia,0
11,US,Seasons 1-15,12,Rafe,3
11,US,Seasons 1-15,12,Danni,7
11,US,Seasons 1-15,13,Stephenie,5
11,US,Seasons 1-15,13,Cindy,10
11,US,Seasons 1-15,13,Lydia,2
11,US,Seasons 1-15,13,Rafe,7
11,US,Seasons 1-15,13,Danni,3
11,US,Seasons 1-15,14,Stephenie,9
11,US,Seasons 1-15,14,Lydia,5
11,US,Seasons 1-15,14,Rafe,8
11,US,Seasons 1-15,14,Danni,11
12,US,Seasons 1-15,1,Tina,3
12,US,Seasons 1-15,1,Melinda,2
12,US,Seasons 1-15,1,Misty,3
12,US,Seasons 1-15,1,Ruth Marie,1
12,US,Seasons 1-15,1,Bobby,1
12,US,Seasons 1-15,1,Dan,1
12,US,Seasons 1-15,1,Nick,1
12,US,Seasons 1-15,1,Austin,2
12,US,Seasons 1-15,1,Sally,2
12,US,Seasons 1-15,1,Bruce,0
12,US,Seasons 1-15,1,Courtney,3
12,US,Seasons 1-15,1,Shane,2
12,US,Seasons 1-15,1,Cirie,5
12,US,Seasons 1-15,1,Terry,1
12,US,Seasons 1-15,1,Danielle,3
12,US,Seasons 1-15,1,Aras,1
12,US,Seasons 1-15,2,Melinda,3
12,US,Seasons 1-15,2,Misty,0
12,US,Seasons 1-15,2,Ruth Marie,0
12,US,Seasons 1-15,2,Bobby,0
12,US,Seasons 1-15,2,Dan,1
12,US,Seasons 1-15,2,Nick,1
12,US,Seasons 1-15,2,Austin,1
12,US,Seasons 1-15,2,Sally,3
12,US,Seasons 1-15,2,Bruce,2
12,US,Seasons 1-15,2,Courtney,3
12,US,Seasons 1-15,2,Shane,6
12,US,Seasons 1-15,2,Cirie,3
12,US,Seasons 1-15,2,Terry,2
12,US,Seasons 1-15,2,Danielle,1
12,US,Seasons 1-15,2,Aras,0
12,US,Seasons 1-15,3,Misty,2
12,US,Seasons 1-15,3,Ruth Marie,1
12,US,Seasons 1-15,3,Bobby,2
12,US,Seasons 1-15,3,Dan,1
12,US,Seasons 1-15,3,Nick,2
12,US,Seasons 1-15,3,Austin,4
12,US,Seasons 1-15,3,Sally,5
12,US,Seasons 1-15,3,Bruce,4
12,US,Seasons 1-15,3,Courtney,2
12,US,Seasons 1-15,3,Shane,2
12,US,Seasons 1-15,3,Cirie,1
12,US,Seasons 1-15,3,Terry,4
12,US,Seasons 1-15,3,Danielle,0
12,US,Seasons 1-15,3,Aras,2
12,US,Seasons 1-15,4,Ruth Marie,2
12,US,Seasons 1-15,4,Bobby,1
12,US,Seasons 1-15,4,Dan,4
12,US,Seasons 1-15,4,Nick,2
12,US,Seasons 1-15,4,Austin,6
12,US,Seasons 1-15,4,Sally,5
12,US,Seasons 1-15,4,Bruce,1
12,US,Seasons 1-15,4,Courtney,0
12,US,Seasons 1-15,4,Shane,1
12,US,Seasons 1-15,4,Cirie,4
12,US,Seasons 1-15,4,Terry,4
12,US,Seasons 1-15,4,Danielle,3
12,US,Seasons 1-15,4,Aras,3
12,US,Seasons 1-15,5,Bobby,1
12,US,Seasons 1-15,5,Dan,1
12,US,Seasons 1-15,5,Nick,1
12,US,Seasons 1-15,5,Austin,3
12,US,Seasons 1-15,5,Sally,1
12,US,Seasons 1-15,5,Bruce,2
12,US,Seasons 1-15,5,Courtney,2
12,US,Seasons 1-15,5,Shane,2
12,US,Seasons 1-15,5,Cirie,5
12,US,Seasons 1-15,5,Terry,1
12,US,Seasons 1-15,5,Danielle,1
12,US,Seasons 1-15,5,Aras,6
12,US,Seasons 1-15,6,Dan,3
12,US,Seasons 1-15,6,Nick,1
12,US,Seasons 1-15,6,Austin,4
12,US,Seasons 1-15,6,Sally,3
12,US,Seasons 1-15,6,Bruce,0
12,US,Seasons 1-15,6,Courtney,0
12,US,Seasons 1-15,6,Shane,4
12,US,Seasons 1-15,6,Cirie,5
12,US,Seasons 1-15,6,Terry,4
12,US,Seasons 1-15,6,Danielle,3
12,US,Seasons 1-15,6,Aras,3
12,US,Seasons 1-15,8,Nick,6
12,US,Seasons 1-15,8,Austin,7
12,US,Seasons 1-15,8,Sally,2
12,US,Seasons 1-15,8,Bruce,6
12,US,Seasons 1-15,8,Courtney,3
12,US,Seasons 1-15,8,Shane,6
12,US,Seasons 1-15,8,Cirie,1
12,US,Seasons 1-15,8,Terry,7
12,US,Seasons 1-15,8,Danielle,0
12,US,Seasons 1-15,8,Aras,3
12,US,Seasons 1-15,9,Austin,6
12,US,Seasons 1-15,9,Sally,5
12,US,Seasons 1-15,9,Bruce,4
12,US,Seasons 1-15,9,Courtney,3
12,US,Seasons 1-15,9,Shane,3
12,US,Seasons 1-15,9,Cirie,2
12,US,Seasons 1-15,9,Terry,6
12,US,Seasons 1-15,9,Danielle,2
12,US,Seasons 1-15,9,Aras,3
12,US,Seasons 1-15,10,Sally,5
12,US,Seasons 1-15,10,Bruce,2
12,US,Seasons 1-15,10,Courtney,2
12,US,Seasons 1-15,10,Shane,0
12,US,Seasons 1-15,10,Cirie,4
12,US,Seasons 1-15,10,Terry,4
12,US,Seasons 1-15,10,Danielle,4
12,US,Seasons 1-15,10,Aras,4
12,US,Seasons 1-15,11,Bruce,2
12,US,Seasons 1-15,11,Courtney,2
12,US,Seasons 1-15,11,Shane,4
12,US,Seasons 1-15,11,Cirie,7
12,US,Seasons 1-15,11,Terry,4
12,US,Seasons 1-15,11,Danielle,3
12,US,Seasons 1-15,11,Aras,3
12,US,Seasons 1-15,12,Courtney,4
12,US,Seasons 1-15,12,Shane,4
12,US,Seasons 1-15,12,Cirie,8
12,US,Seasons 1-15,12,Terry,6
12,US,Seasons 1-15,12,Danielle,3
12,US,Seasons 1-15,12,Aras,2
12,US,Seasons 1-15,13,Shane,4
12,US,Seasons 1-15,13,Cirie,8
12,US,Seasons 1-15,13,Terry,7
12,US,Seasons 1-15,13,Danielle,4
12,US,Seasons 1-15,13,Aras,2
12,US,Seasons 1-15,14,Cirie,8
12,US,Seasons 1-15,14,Terry,5
12,US,Seasons 1-15,14,Danielle,4
12,US,Seasons 1-15,14,Aras,4
12,US,Seasons 1-15,15,Terry,4
12,US,Seasons 1-15,15,Danielle,8
12,US,Seasons 1-15,15,Aras,8
13,US,Seasons 1-15,1,Sekou,3
13,US,Seasons 1-15,1,Billy,2
13,US,Seasons 1-15,1,Cecilia,1
13,US,Seasons 1-15,1,J.P.,2
13,US,Seasons 1-15,1,Stephannie,6
13,US,Seasons 1-15,1,Cao Boi,5
13,US,Seasons 1-15,1,Cristina,0
13,US,Seasons 1-15,1,Jessica,2
13,US,Seasons 1-15,1,Brad,1
13,US,Seasons 1-15,1,Rebecca,3
13,US,Seasons 1-15,1,Jenny,1
13,US,Seasons 1-15,1,Nate,1
13,US,Seasons 1-15,1,Candice,2
13,US,Seasons 1-15,1,Jonathan,5
13,US,Seasons 1-15,1,Parvati,2
13,US,Seasons 1-15,1,Adam,2
13,US,Seasons 1-15,1,Sundra,3
13,US,Seasons 1-15,1,Becky,0
13,US,Seasons 1-15,1,Ozzy,3
13,US,Seasons 1-15,1,Yul,3
13,US,Seasons 1-15,2,Billy,4
13,US,Seasons 1-15,2,Cecilia,2
13,US,Seasons 1-15,2,J.P.,2
13,US,Seasons 1-15,2,Stephannie,1
13,US,Seasons 1-15,2,Cao Boi,2
13,US,Seasons 1-15,2,Cristina,6
13,US,Seasons 1-15,2,Jessica,1
13,US,Seasons 1-15,2,Brad,0
13,US,Seasons 1-15,2,Rebecca,1
13,US,Seasons 1-15,2,Jenny,2
13,US,Seasons 1-15,2,Nate,3
13,US,Seasons 1-15,2,Candice,0
13,US,Seasons 1-15,2,Jonathan,3
13,US,Seasons 1-15,2,Parvati,0
13,US,Seasons 1-15,2,Adam,0
13,US,Seasons 1-15,2,Sundra,1
13,US,Seasons 1-15,2,Becky,2
13,US,Seasons 1-15,2,Ozzy,7
13,US,Seasons 1-15,2,Yul,4
13,US,Seasons 1-15,3,Cecilia,0
13,US,Seasons 1-15,3,J.P.,1
13,US,Seasons 1-15,3,Stephannie,1
13,US,Seasons 1-15,3,Cao Boi,2
13,US,Seasons 1-15,3,Cristina,0
13,US,Seasons 1-15,3,Jessica,3
13,US,Seasons 1-15,3,Brad,3
13,US,Seasons 1-15,3,Rebecca,0
13,US,Seasons 1-15,3,Jenny,0
13,US,Seasons 1-15,3,Nate,3
13,US,Seasons 1-15,3,Candice,0
13,US,Seasons 1-15,3,Jonathan,5
13,US,Seasons 1-15,3,Parvati,2
13,US,Seasons 1-15,3,Adam,0
13,US,Seasons 1-15,3,Sundra,0
13,US,Seasons 1-15,3,Becky,0
13,US,Seasons 1-15,3,Ozzy,1
13,US,Seasons 1-15,3,Yul,2
13,US,Seasons 1-15,4,J.P.,2
13,US,Seasons 1-15,4,Stephannie,3
13,US,Seasons 1-15,4,Cao Boi,2
13,US,Seasons 1-15,4,Cristina,0
13,US,Seasons 1-15,4,Jessica,1
13,US,Seasons 1-15,4,Brad,0
13,US,Seasons 1-15,4,Rebecca,1
13,US,Seasons 1-15,4,Jenny,1
13,US,Seasons 1-15,4,Nate,2
13,US,Seasons 1-15,4,Candice,1
13,US,Seasons 1-15,4,Jonathan,1
13,US,Seasons 1-15,4,Parvati,4
13,US,Seasons 1-15,4,Adam,0
13,US,Seasons 1-15,4,Sundra,0
13,US,Seasons 1-15,4,Becky,1
13,US,Seasons 1-15,4,Ozzy,2
13,US,Seasons 1-15,4,Yul,0
13,US,Seasons 1-15,5,Stephannie,2
13,US,Seasons 1-15,5,Cao Boi,1
13,US,Seasons 1-15,5,Cristina,0
13,US,Seasons 1-15,5,Jessica,0
13,US,Seasons 1-15,5,Brad,0
13,US,Seasons 1-15,5,Rebecca,0
13,US,Seasons 1-15,5,Jenny,4
13,US,Seasons 1-15,5,Nate,2
13,US,Seasons 1-15,5,Candice,1
13,US,Seasons 1-15,5,Jonathan,2
13,US,Seasons 1-15,5,Parvati,2
13,US,Seasons 1-15,5,Adam,3
13,US,Seasons 1-15,5,Sundra,2
13,US,Seasons 1-15,5,Becky,0
13,US,Seasons 1-15,5,Ozzy,2
13,US,Seasons 1-15,5,Yul,1
13,US,Seasons 1-15,6,Cao Boi,4
13,US,Seasons 1-15,6,Cristina,3
13,US,Seasons 1-15,6,Jessica,1
13,US,Seasons 1-15,6,Brad,1
13,US,Seasons 1-15,6,Rebecca,1
13,US,Seasons 1-15,6,Jenny,0
13,US,Seasons 1-15,6,Nate,3
13,US,Seasons 1-15,6,Candice,0
13,US,Seasons 1-15,6,Jonathan,4
13,US,Seasons 1-15,6,Parvati,0
13,US,Seasons 1-15,6,Adam,2
13,US,Seasons 1-15,6,Sundra,2
13,US,Seasons 1-15,6,Becky,0
13,US,Seasons 1-15,6,Ozzy,2
13,US,Seasons 1-15,6,Yul,5
13,US,Seasons 1-15,8,Jessica,3
13,US,Seasons 1-15,8,Brad,2
13,US,Seasons 1-15,8,Rebecca,0
13,US,Seasons 1-15,8,Jenny,0
13,US,Seasons 1-15,8,Nate,5
13,US,Seasons 1-15,8,Candice,2
13,US,Seasons 1-15,8,Jonathan,1
13,US,Seasons 1-15,8,Parvati,0
13,US,Seasons 1-15,8,Adam,2
13,US,Seasons 1-15,8,Sundra,1
13,US,Seasons 1-15,8,Becky,1
13,US,Seasons 1-15,8,Ozzy,3
13,US,Seasons 1-15,8,Yul,3
13,US,Seasons 1-15,9,Brad,0
13,US,Seasons 1-15,9,Rebecca,0
13,US,Seasons 1-15,9,Jenny,0
13,US,Seasons 1-15,9,Nate,5
13,US,Seasons 1-15,9,Candice,3
13,US,Seasons 1-15,9,Jonathan,4
13,US,Seasons 1-15,9,Parvati,0
13,US,Seasons 1-15,9,Adam,2
13,US,Seasons 1-15,9,Sundra,2
13,US,Seasons 1-15,9,Becky,0
13,US,Seasons 1-15,9,Ozzy,2
13,US,Seasons 1-15,9,Yul,1
13,US,Seasons 1-15,10,Rebecca,0
13,US,Seasons 1-15,10,Jenny,3
13,US,Seasons 1-15,10,Nate,1
13,US,Seasons 1-15,10,Candice,4
13,US,Seasons 1-15,10,Jonathan,4
13,US,Seasons 1-15,10,Parvati,0
13,US,Seasons 1-15,10,Adam,1
13,US,Seasons 1-15,10,Sundra,1
13,US,Seasons 1-15,10,Becky,1
13,US,Seasons 1-15,10,Ozzy,4
13,US,Seasons 1-15,10,Yul,2
13,US,Seasons 1-15,11,Nate,4
13,US,Seasons 1-15,11,Candice,0
13,US,Seasons 1-15,11,Jonathan,13
13,US,Seasons 1-15,11,Parvati,1
13,US,Seasons 1-15,11,Adam,4
13,US,Seasons 1-15,11,Sundra,3
13,US,Seasons 1-15,11,Becky,0
13,US,Seasons 1-15,11,Ozzy,2
13,US,Seasons 1-15,11,Yul,5
13,US,Seasons 1-15,12,Candice,2
13,US,Seasons 1-15,12,Jonathan,4
13,US,Seasons 1-15,12,Parvati,4
13,US,Seasons 1-15,12,Adam,1
13,US,Seasons 1-15,12,Sundra,1
13,US,Seasons 1-15,12,Becky,1
13,US,Seasons 1-15,12,Ozzy,0
13,US,Seasons 1-15,12,Yul,2
13,US,Seasons 1-15,13,Jonathan,3
13,US,Seasons 1-15,13,Parvati,4
13,US,Seasons 1-15,13,Adam,2
13,US,Seasons 1-15,13,Sundra,6
13,US,Seasons 1-15,13,Becky,2
13,US,Seasons 1-15,13,Ozzy,5
13,US,Seasons 1-15,13,Yul,2
13,US,Seasons 1-15,14,Parvati,6
13,US,Seasons 1-15,14,Adam,5
13,US,Seasons 1-15,14,Sundra,3
13,US,Seasons 1-15,14,Becky,2
13,US,Seasons 1-15,14,Ozzy,4
13,US,Seasons 1-15,14,Yul,8
13,US,Seasons 1-15,15,Adam,3
13,US,Seasons 1-15,15,Sundra,4
13,US,Seasons 1-15,15,Becky,5
13,US,Seasons 1-15,15,Ozzy,9
13,US,Seasons 1-15,15,Yul,7
14,US,Seasons 1-15,1,Jessica,3
14,US,Seasons 1-15,1,Erica,5
14,US,Seasons 1-15,1,Sylvia,4
14,US,Seasons 1-15,1,Gary,1
14,US,Seasons 1-15,1,Liliana,0
14,US,Seasons 1-15,1,Rita,2
14,US,Seasons 1-15,1,Anthony,4
14,US,Seasons 1-15,1,Rocky,6
14,US,Seasons 1-15,1,Lisi,1
14,US,Seasons 1-15,1,Michelle,1
14,US,Seasons 1-15,1,Edgardo,3
14,US,Seasons 1-15,1,Mookie,0
14,US,Seasons 1-15,1,Alex,2
14,US,Seasons 1-15,1,Stacy,0
14,US,Seasons 1-15,1,Boo,1
14,US,Seasons 1-15,1,Yau-Man,2
14,US,Seasons 1-15,1,Dreamz,3
14,US,Seasons 1-15,1,Cassandra,2
14,US,Seasons 1-15,1,Earl,4
14,US,Seasons 1-15,2,Erica,2
14,US,Seasons 1-15,2,Sylvia,3
14,US,Seasons 1-15,2,Gary,0
14,US,Seasons 1-15,2,Liliana,0
14,US,Seasons 1-15,2,Rita,0
14,US,Seasons 1-15,2,Anthony,6
14,US,Seasons 1-15,2,Rocky,3
14,US,Seasons 1-15,2,Lisi,1
14,US,Seasons 1-15,2,Michelle,1
14,US,Seasons 1-15,2,Edgardo,0
14,US,Seasons 1-15,2,Mookie,1
14,US,Seasons 1-15,2,Alex,2
14,US,Seasons 1-15,2,Stacy,0
14,US,Seasons 1-15,2,Boo,3
14,US,Seasons 1-15,2,Yau-Man,2
14,US,Seasons 1-15,2,Dreamz,5
14,US,Seasons 1-15,2,Cassandra,0
14,US,Seasons 1-15,2,Earl,4
14,US,Seasons 1-15,3,Sylvia,4
14,US,Seasons 1-15,3,Gary,0
14,US,Seasons 1-15,3,Liliana,0
14,US,Seasons 1-15,3,Rita,2
14,US,Seasons 1-15,3,Anthony,1
14,US,Seasons 1-15,3,Rocky,2
14,US,Seasons 1-15,3,Lisi,1
14,US,Seasons 1-15,3,Michelle,2
14,US,Seasons 1-15,3,Edgardo,0
14,US,Seasons 1-15,3,Mookie,1
14,US,Seasons 1-15,3,Alex,3
14,US,Seasons 1-15,3,Stacy,1
14,US,Seasons 1-15,3,Boo,1
14,US,Seasons 1-15,3,Yau-Man,2
14,US,Seasons 1-15,3,Dreamz,1
14,US,Seasons 1-15,3,Cassandra,1
14,US,Seasons 1-15,3,Earl,1
14,US,Seasons 1-15,4,Gary,2
14,US,Seasons 1-15,4,Liliana,2
14,US,Seasons 1-15,4,Rita,1
14,US,Seasons 1-15,4,Anthony,3
14,US,Seasons 1-15,4,Rocky,4
14,US,Seasons 1-15,4,Lisi,5
14,US,Seasons 1-15,4,Michelle,0
14,US,Seasons 1-15,4,Edgardo,0
14,US,Seasons 1-15,4,Mookie,0
14,US,Seasons 1-15,4,Alex,4
14,US,Seasons 1-15,4,Stacy,1
14,US,Seasons 1-15,4,Boo,0
14,US,Seasons 1-15,4,Yau-Man,1
14,US,Seasons 1-15,4,Dreamz,2
14,US,Seasons 1-15,4,Cassandra,2
14,US,Seasons 1-15,4,Earl,3
14,US,Seasons 1-15,5,Rita,0
14,US,Seasons 1-15,5,Anthony,2
14,US,Seasons 1-15,5,Rocky,2
14,US,Seasons 1-15,5,Lisi,0
14,US,Seasons 1-15,5,Michelle,1
14,US,Seasons 1-15,5,Edgardo,2
14,US,Seasons 1-15,5,Mookie,1
14,US,Seasons 1-15,5,Alex,6
14,US,Seasons 1-15,5,Stacy,1
14,US,Seasons 1-15,5,Boo,1
14,US,Seasons 1-15,5,Yau-Man,5
14,US,Seasons 1-15,5,Dreamz,2
14,US,Seasons 1-15,5,Cassandra,0
14,US,Seasons 1-15,5,Earl,5
14,US,Seasons 1-15,6,Anthony,4
14,US,Seasons 1-15,6,Rocky,3
14,US,Seasons 1-15,6,Lisi,1
14,US,Seasons 1-15,6,Michelle,0
14,US,Seasons 1-15,6,Edgardo,1
14,US,Seasons 1-15,6,Mookie,1
14,US,Seasons 1-15,6,Alex,3
14,US,Seasons 1-15,6,Stacy,0
14,US,Seasons 1-15,6,Boo,1
14,US,Seasons 1-15,6,Yau-Man,1
14,US,Seasons 1-15,6,Dreamz,1
14,US,Seasons 1-15,6,Cassandra,1
14,US,Seasons 1-15,6,Earl,5
14,US,Seasons 1-15,7,Rocky,3
14,US,Seasons 1-15,7,Lisi,8
14,US,Seasons 1-15,7,Michelle,0
14,US,Seasons 1-15,7,Edgardo,3
14,US,Seasons 1-15,7,Mookie,3
14,US,Seasons 1-15,7,Alex,2
14,US,Seasons 1-15,7,Stacy,0
14,US,Seasons 1-15,7,Boo,1
14,US,Seasons 1-15,7,Yau-Man,4
14,US,Seasons 1-15,7,Dreamz,2
14,US,Seasons 1-15,7,Cassandra,0
14,US,Seasons 1-15,7,Earl,4
14,US,Seasons 1-15,8,Lisi,7
14,US,Seasons 1-15,8,Michelle,1
14,US,Seasons 1-15,8,Edgardo,5
14,US,Seasons 1-15,8,Mookie,4
14,US,Seasons 1-15,8,Alex,8
14,US,Seasons 1-15,8,Stacy,2
14,US,Seasons 1-15,8,Boo,0
14,US,Seasons 1-15,8,Yau-Man,1
14,US,Seasons 1-15,8,Dreamz,4
14,US,Seasons 1-15,8,Cassandra,0
14,US,Seasons 1-15,8,Earl,4
14,US,Seasons 1-15,9,Michelle,2
14,US,Seasons 1-15,9,Edgardo,3
14,US,Seasons 1-15,9,Mookie,5
14,US,Seasons 1-15,9,Alex,8
14,US,Seasons 1-15,9,Stacy,2
14,US,Seasons 1-15,9,Boo,3
14,US,Seasons 1-15,9,Yau-Man,2
14,US,Seasons 1-15,9,Dreamz,2
14,US,Seasons 1-15,9,Cassandra,3
14,US,Seasons 1-15,9,Earl,5
14,US,Seasons 1-15,10,Edgardo,1
14,US,Seasons 1-15,10,Mookie,4
14,US,Seasons 1-15,10,Alex,0
14,US,Seasons 1-15,10,Stacy,1
14,US,Seasons 1-15,10,Boo,0
14,US,Seasons 1-15,10,Yau-Man,2
14,US,Seasons 1-15,10,Dreamz,2
14,US,Seasons 1-15,10,Cassandra,3
14,US,Seasons 1-15,10,Earl,6
14,US,Seasons 1-15,11,Mookie,5
14,US,Seasons 1-15,11,Alex,7
14,US,Seasons 1-15,11,Stacy,2
14,US,Seasons 1-15,11,Boo,1
14,US,Seasons 1-15,11,Yau-Man,3
14,US,Seasons 1-15,11,Dreamz,4
14,US,Seasons 1-15,11,Cassandra,0
14,US,Seasons 1-15,11,Earl,3
14,US,Seasons 1-15,12,Alex,7
14,US,Seasons 1-15,12,Stacy,0
14,US,Seasons 1-15,12,Boo,1
14,US,Seasons 1-15,12,Yau-Man,8
14,US,Seasons 1-15,12,Dreamz,6
14,US,Seasons 1-15,12,Cassandra,4
14,US,Seasons 1-15,12,Earl,4
14,US,Seasons 1-15,13,Stacy,2
14,US,Seasons 1-15,13,Boo,4
14,US,Seasons 1-15,13,Yau-Man,6
14,US,Seasons 1-15,13,Dreamz,5
14,US,Seasons 1-15,13,Cassandra,2
14,US,Seasons 1-15,13,Earl,4
14,US,Seasons 1-15,14,Boo,3
14,US,Seasons 1-15,14,Yau-Man,7
14,US,Seasons 1-15,14,Dreamz,5
14,US,Seasons 1-15,14,Cassandra,4
14,US,Seasons 1-15,14,Earl,7
15,US,Seasons 1-15,1,Chicken,5
15,US,Seasons 1-15,1,Ashley,3
15,US,Seasons 1-15,1,Leslie,2
15,US,Seasons 1-15,1,Dave,2
15,US,Seasons 1-15,1,Aaron,2
15,US,Seasons 1-15,1,Sherea,1
15,US,Seasons 1-15,1,Jaime,0
15,US,Seasons 1-15,1,Jean-Robert,1
15,US,Seasons 1-15,1,Frosti,2
15,US,Seasons 1-15,1,James,1
15,US,Seasons 1-15,1,Erik,0
15,US,Seasons 1-15,1,Peih-Gee,4
15,US,Seasons 1-15,1,Denise,1
15,US,Seasons 1-15,1,Amanda,1
15,US,Seasons 1-15,1,Courtney,2
15,US,Seasons 1-15,1,Todd,4
15,US,Seasons 1-15,2,Ashley,3
15,US,Seasons 1-15,2,Leslie,6
15,US,Seasons 1-15,2,Dave,6
15,US,Seasons 1-15,2,Aaron,1
15,US,Seasons 1-15,2,Sherea,1
15,US,Seasons 1-15,2,Jaime,6
15,US,Seasons 1-15,2,Jean-Robert,1
15,US,Seasons 1-15,2,Frosti,1
15,US,Seasons 1-15,2,James,0
15,US,Seasons 1-15,2,Erik,3
15,US,Seasons 1-15,2,Peih-Gee,1
15,US,Seasons 1-15,2,Denise,0
15,US,Seasons 1-15,2,Amanda,2
15,US,Seasons 1-15,2,Courtney,2
15,US,Seasons 1-15,2,Todd,2
15,US,Seasons 1-15,3,Leslie,8
15,US,Seasons 1-15,3,Dave,1
15,US,Seasons 1-15,3,Aaron,1
15,US,Seasons 1-15,3,Sherea,0
15,US,Seasons 1-15,3,Jaime,3
15,US,Seasons 1-15,3,Jean-Robert,1
15,US,Seasons 1-15,3,Frosti,1
15,US,Seasons 1-15,3,James,1
15,US,Seasons 1-15,3,Erik,0
15,US,Seasons 1-15,3,Peih-Gee,3
15,US,Seasons 1-15,3,Denise,0
15,US,Seasons 1-15,3,Amanda,0
15,US,Seasons 1-15,3,Courtney,1
15,US,Seasons 1-15,3,Todd,4
15,US,Seasons 1-15,4,Dave,7
15,US,Seasons 1-15,4,Aaron,1
15,US,Seasons 1-15,4,Sherea,4
15,US,Seasons 1-15,4,Jaime,1
15,US,Seasons 1-15,4,Jean-Robert,4
15,US,Seasons 1-15,4,Frosti,2
15,US,Seasons 1-15,4,James,1
15,US,Seasons 1-15,4,Erik,3
15,US,Seasons 1-15,4,Peih-Gee,0
15,US,Seasons 1-15,4,Denise,5
15,US,Seasons 1-15,4,Amanda,3
15,US,Seasons 1-15,4,Courtney,2
15,US,Seasons 1-15,4,Todd,3
15,US,Seasons 1-15,5,Aaron,5
15,US,Seasons 1-15,5,Sherea,5
15,US,Seasons 1-15,5,Jaime,3
15,US,Seasons 1-15,5,Jean-Robert,3
15,US,Seasons 1-15,5,Frosti,5
15,US,Seasons 1-15,5,James,4
15,US,Seasons 1-15,5,Erik,4
15,US,Seasons 1-15,5,Peih-Gee,5
15,US,Seasons 1-15,5,Denise,2
15,US,Seasons 1-15,5,Amanda,1
15,US,Seasons 1-15,5,Courtney,0
15,US,Seasons 1-15,5,Todd,3
15,US,Seasons 1-15,6,Sherea,1
15,US,Seasons 1-15,6,Jaime,1
15,US,Seasons 1-15,6,Jean-Robert,2
15,US,Seasons 1-15,6,Frosti,1
15,US,Seasons 1-15,6,James,5
15,US,Seasons 1-15,6,Erik,0
15,US,Seasons 1-15,6,Peih-Gee,1
15,US,Seasons 1-15,6,Denise,2
15,US,Seasons 1-15,6,Amanda,4
15,US,Seasons 1-15,6,Courtney,2
15,US,Seasons 1-15,6,Todd,8
15,US,Seasons 1-15,7,Jaime,5
15,US,Seasons 1-15,7,Jean-Robert,2
15,US,Seasons 1-15,7,Frosti,1
15,US,Seasons 1-15,7,James,4
15,US,Seasons 1-15,7,Erik,1
15,US,Seasons 1-15,7,Peih-Gee,3
15,US,Seasons 1-15,7,Denise,0
15,US,Seasons 1-15,7,Amanda,2
15,US,Seasons 1-15,7,Courtney,2
15,US,Seasons 1-15,7,Todd,5
15,US,Seasons 1-15,8,Jean-Robert,5
15,US,Seasons 1-15,8,Frosti,1
15,US,Seasons 1-15,8,James,6
15,US,Seasons 1-15,8,Erik,1
15,US,Seasons 1-15,8,Peih-Gee,2
15,US,Seasons 1-15,8,Denise,2
15,US,Seasons 1-15,8,Amanda,4
15,US,Seasons 1-15,8,Courtney,2
15,US,Seasons 1-15,8,Todd,3
15,US,Seasons 1-15,9,Frosti,3
15,US,Seasons 1-15,9,James,4
15,US,Seasons 1-15,9,Erik,5
15,US,Seasons 1-15,9,Peih-Gee,2
15,US,Seasons 1-15,9,Denise,3
15,US,Seasons 1-15,9,Amanda,2
15,US,Seasons 1-15,9,Courtney,4
15,US,Seasons 1-15,9,Todd,5
15,US,Seasons 1-15,11,James,5
15,US,Seasons 1-15,11,Erik,3
15,US,Seasons 1-15,11,Peih-Gee,7
15,US,Seasons 1-15,11,Denise,5
15,US,Seasons 1-15,11,Amanda,3
15,US,Seasons 1-15,11,Courtney,1
15,US,Seasons 1-15,11,Todd,4
15,US,Seasons 1-15,12,Erik,1
15,US,Seasons 1-15,12,Peih-Gee,8
15,US,Seasons 1-15,12,Denise,5
15,US,Seasons 1-15,12,Amanda,0
15,US,Seasons 1-15,12,Courtney,1
15,US,Seasons 1-15,12,Todd,6
15,US,Seasons 1-15,13,Peih-Gee,7
15,US,Seasons 1-15,13,Denise,4
15,US,Seasons 1-15,13,Amanda,9
15,US,Seasons 1-15,13,Courtney,1
15,US,Seasons 1-15,13,Todd,4
15,US,Seasons 1-15,14,Denise,4
15,US,Seasons 1-15,14,Amanda,9
15,US,Seasons 1-15,14,Courtney,3
15,US,Seasons 1-15,14,Todd,9
16,US,Seasons 16-30,1,Jonny Fairplay,8
16,US,Seasons 16-30,1,Ami,2
16,US,Seasons 16-30,1,Eliza,3
16,US,Seasons 16-30,1,Cirie,2
16,US,Seasons 16-30,1,Jonathan,3
16,US,Seasons 16-30,1,Parvati,3
16,US,Seasons 16-30,1,Ozzy,3
16,US,Seasons 16-30,1,Yau-Man,3
16,US,Seasons 16-30,1,James,3
16,US,Seasons 16-30,1,Amanda,0
16,US,Seasons 16-30,1,Mary,0
16,US,Seasons 16-30,1,Mikey B,2
16,US,Seasons 16-30,1,Joel,1
16,US,Seasons 16-30,1,Chet,0
16,US,Seasons 16-30,1,Kathy,4
16,US,Seasons 16-30,1,Tracy,3
16,US,Seasons 16-30,1,Jason,4
16,US,Seasons 16-30,1,Alexis,2
16,US,Seasons 16-30,1,Erik,2
16,US,Seasons 16-30,1,Natalie,0
16,US,Seasons 16-30,2,Ami,0
16,US,Seasons 16-30,2,Eliza,1
16,US,Seasons 16-30,2,Cirie,7
16,US,Seasons 16-30,2,Jonathan,4
16,US,Seasons 16-30,2,Parvati,1
16,US,Seasons 16-30,2,Ozzy,1
16,US,Seasons 16-30,2,Yau-Man,0
16,US,Seasons 16-30,2,James,0
16,US,Seasons 16-30,2,Amanda,1
16,US,Seasons 16-30,2,Mary,2
16,US,Seasons 16-30,2,Mikey B,3
16,US,Seasons 16-30,2,Joel,4
16,US,Seasons 16-30,2,Chet,0
16,US,Seasons 16-30,2,Kathy,4
16,US,Seasons 16-30,2,Tracy,3
16,US,Seasons 16-30,2,Jason,1
16,US,Seasons 16-30,2,Alexis,1
16,US,Seasons 16-30,2,Erik,2
16,US,Seasons 16-30,2,Natalie,0
16,US,Seasons 16-30,3,Ami,1
16,US,Seasons 16-30,3,Eliza,3
16,US,Seasons 16-30,3,Cirie,5
16,US,Seasons 16-30,3,Jonathan,2
16,US,Seasons 16-30,3,Parvati,0
16,US,Seasons 16-30,3,Ozzy,1
16,US,Seasons 16-30,3,Yau-Man,0
16,US,Seasons 16-30,3,James,1
16,US,Seasons 16-30,3,Amanda,0
16,US,Seasons 16-30,3,Mikey B,2
16,US,Seasons 16-30,3,Joel,3
16,US,Seasons 16-30,3,Chet,0
16,US,Seasons 16-30,3,Kathy,1
16,US,Seasons 16-30,3,Tracy,0
16,US,Seasons 16-30,3,Jason,1
16,US,Seasons 16-30,3,Alexis,2
16,US,Seasons 16-30,3,Erik,0
16,US,Seasons 16-30,3,Natalie,0
16,US,Seasons 16-30,4,Ami,0
16,US,Seasons 16-30,4,Eliza,4
16,US,Seasons 16-30,4,Cirie,1
16,US,Seasons 16-30,4,Jonathan,2
16,US,Seasons 16-30,4,Parvati,1
16,US,Seasons 16-30,4,Ozzy,4
16,US,Seasons 16-30,4,James,1
16,US,Seasons 16-30,4,Amanda,0
16,US,Seasons 16-30,4,Mikey B,2
16,US,Seasons 16-30,4,Joel,2
16,US,Seasons 16-30,4,Chet,0
16,US,Seasons 16-30,4,Kathy,2
16,US,Seasons 16-30,4,Tracy,2
16,US,Seasons 16-30,4,Jason,0
16,US,Seasons 16-30,4,Alexis,0
16,US,Seasons 16-30,4,Erik,1
16,US,Seasons 16-30,4,Natalie,1
16,US,Seasons 16-30,5,Ami,0
16,US,Seasons 16-30,5,Eliza,1
16,US,Seasons 16-30,5,Cirie,3
16,US,Seasons 16-30,5,Jonathan,2
16,US,Seasons 16-30,5,Parvati,0
16,US,Seasons 16-30,5,Ozzy,6
16,US,Seasons 16-30,5,James,1
16,US,Seasons 16-30,5,Amanda,2
16,US,Seasons 16-30,5,Joel,4
16,US,Seasons 16-30,5,Chet,1
16,US,Seasons 16-30,5,Kathy,0
16,US,Seasons 16-30,5,Tracy,0
16,US,Seasons 16-30,5,Jason,1
16,US,Seasons 16-30,5,Alexis,1
16,US,Seasons 16-30,5,Erik,3
16,US,Seasons 16-30,5,Natalie,1
16,US,Seasons 16-30,6,Ami,5
16,US,Seasons 16-30,6,Eliza,2
16,US,Seasons 16-30,6,Cirie,0
16,US,Seasons 16-30,6,Jonathan,1
16,US,Seasons 16-30,6,Parvati,1
16,US,Seasons 16-30,6,Ozzy,2
16,US,Seasons 16-30,6,James,2
16,US,Seasons 16-30,6,Amanda,1
16,US,Seasons 16-30,6,Chet,2
16,US,Seasons 16-30,6,Kathy,1
16,US,Seasons 16-30,6,Tracy,2
16,US,Seasons 16-30,6,Jason,2
16,US,Seasons 16-30,6,Alexis,1
16,US,Seasons 16-30,6,Erik,2
16,US,Seasons 16-30,6,Natalie,0
16,US,Seasons 16-30,7,Ami,3
16,US,Seasons 16-30,7,Eliza,0
16,US,Seasons 16-30,7,Cirie,6
16,US,Seasons 16-30,7,Parvati,1
16,US,Seasons 16-30,7,Ozzy,3
16,US,Seasons 16-30,7,James,2
16,US,Seasons 16-30,7,Amanda,1
16,US,Seasons 16-30,7,Kathy,6
16,US,Seasons 16-30,7,Tracy,1
16,US,Seasons 16-30,7,Jason,0
16,US,Seasons 16-30,7,Alexis,1
16,US,Seasons 16-30,7,Erik,2
16,US,Seasons 16-30,7,Natalie,0
16,US,Seasons 16-30,8,Ami,2
16,US,Seasons 16-30,8,Eliza,2
16,US,Seasons 16-30,8,Cirie,3
16,US,Seasons 16-30,8,Parvati,4
16,US,Seasons 16-30,8,Ozzy,6
16,US,Seasons 16-30,8,James,1
16,US,Seasons 16-30,8,Amanda,1
16,US,Seasons 16-30,8,Jason,2
16,US,Seasons 16-30,8,Alexis,0
16,US,Seasons 16-30,8,Erik,5
16,US,Seasons 16-30,8,Natalie,0
16,US,Seasons 16-30,9,Eliza,6
16,US,Seasons 16-30,9,Cirie,2
16,US,Seasons 16-30,9,Parvati,4
16,US,Seasons 16-30,9,Ozzy,2
16,US,Seasons 16-30,9,James,1
16,US,Seasons 16-30,9,Amanda,4
16,US,Seasons 16-30,9,Jason,3
16,US,Seasons 16-30,9,Alexis,4
16,US,Seasons 16-30,9,Erik,4
16,US,Seasons 16-30,9,Natalie,0
16,US,Seasons 16-30,10,Cirie,4
16,US,Seasons 16-30,10,Parvati,1
16,US,Seasons 16-30,10,Ozzy,3
16,US,Seasons 16-30,10,James,1
16,US,Seasons 16-30,10,Amanda,1
16,US,Seasons 16-30,10,Jason,4
16,US,Seasons 16-30,10,Alexis,1
16,US,Seasons 16-30,10,Erik,7
16,US,Seasons 16-30,10,Natalie,0
16,US,Seasons 16-30,11,Cirie,1
16,US,Seasons 16-30,11,Parvati,3
16,US,Seasons 16-30,11,James,1
16,US,Seasons 16-30,11,Amanda,4
16,US,Seasons 16-30,11,Jason,3
16,US,Seasons 16-30,11,Alexis,0
16,US,Seasons 16-30,11,Erik,1
16,US,Seasons 16-30,11,Natalie,7
16,US,Seasons 16-30,12,Cirie,4
16,US,Seasons 16-30,12,Parvati,2
16,US,Seasons 16-30,12,James,4
16,US,Seasons 16-30,12,Amanda,4
16,US,Seasons 16-30,12,Alexis,3
16,US,Seasons 16-30,12,Erik,0
16,US,Seasons 16-30,12,Natalie,1
16,US,Seasons 16-30,13,Cirie,4
16,US,Seasons 16-30,13,Parvati,1
16,US,Seasons 16-30,13,Amanda,2
16,US,Seasons 16-30,13,Erik,10
16,US,Seasons 16-30,13,Natalie,2
16,US,Seasons 16-30,14,Cirie,10
16,US,Seasons 16-30,14,Parvati,10
16,US,Seasons 16-30,14,Amanda,12
16,US,Seasons 16-30,14,Natalie,5
17,US,Seasons 16-30,1,Michelle,3
17,US,Seasons 16-30,1,Gillian,7
17,US,Seasons 16-30,1,Paloma,0
17,US,Seasons 16-30,1,Jacquie,2
17,US,Seasons 16-30,1,GC,13
17,US,Seasons 16-30,1,Kelly,0
17,US,Seasons 16-30,1,Ace,3
17,US,Seasons 16-30,1,Dan,6
17,US,Seasons 16-30,1,Marcus,6
17,US,Seasons 16-30,1,Charlie,6
17,US,Seasons 16-30,1,Randy,10
17,US,Seasons 16-30,1,Corinne,3
17,US,Seasons 16-30,1,Crystal,3
17,US,Seasons 16-30,1,Ken,6
17,US,Seasons 16-30,1,Matty,3
17,US,Seasons 16-30,1,Sugar,1
17,US,Seasons 16-30,1,Susie,0
17,US,Seasons 16-30,1,Bob,3
17,US,Seasons 16-30,2,Paloma,4
17,US,Seasons 16-30,2,Jacquie,0
17,US,Seasons 16-30,2,GC,0
17,US,Seasons 16-30,2,Kelly,0
17,US,Seasons 16-30,2,Ace,2
17,US,Seasons 16-30,2,Dan,1
17,US,Seasons 16-30,2,Marcus,1
17,US,Seasons 16-30,2,Charlie,2
17,US,Seasons 16-30,2,Randy,3
17,US,Seasons 16-30,2,Corinne,3
17,US,Seasons 16-30,2,Crystal,2
17,US,Seasons 16-30,2,Ken,0
17,US,Seasons 16-30,2,Matty,1
17,US,Seasons 16-30,2,Sugar,7
17,US,Seasons 16-30,2,Susie,0
17,US,Seasons 16-30,2,Bob,1
17,US,Seasons 16-30,3,Jacquie,1
17,US,Seasons 16-30,3,GC,4
17,US,Seasons 16-30,3,Kelly,2
17,US,Seasons 16-30,3,Ace,3
17,US,Seasons 16-30,3,Dan,0
17,US,Seasons 16-30,3,Marcus,2
17,US,Seasons 16-30,3,Charlie,1
17,US,Seasons 16-30,3,Randy,2
17,US,Seasons 16-30,3,Corinne,0
17,US,Seasons 16-30,3,Crystal,4
17,US,Seasons 16-30,3,Ken,2
17,US,Seasons 16-30,3,Matty,2
17,US,Seasons 16-30,3,Sugar,2
17,US,Seasons 16-30,3,Susie,2
17,US,Seasons 16-30,3,Bob,0
17,US,Seasons 16-30,4,GC,3
17,US,Seasons 16-30,4,Kelly,0
17,US,Seasons 16-30,4,Ace,2
17,US,Seasons 16-30,4,Dan,1
17,US,Seasons 16-30,4,Marcus,2
17,US,Seasons 16-30,4,Charlie,1
17,US,Seasons 16-30,4,Randy,2
17,US,Seasons 16-30,4,Corinne,0
17,US,Seasons 16-30,4,Crystal,3
17,US,Seasons 16-30,4,Ken,3
17,US,Seasons 16-30,4,Matty,4
17,US,Seasons 16-30,4,Sugar,2
17,US,Seasons 16-30,4,Susie,0
17,US,Seasons 16-30,4,Bob,0
17,US,Seasons 16-30,5,Kelly,2
17,US,Seasons 16-30,5,Ace,6
17,US,Seasons 16-30,5,Dan,0
17,US,Seasons 16-30,5,Marcus,3
17,US,Seasons 16-30,5,Charlie,0
17,US,Seasons 16-30,5,Randy,2
17,US,Seasons 16-30,5,Corinne,2
17,US,Seasons 16-30,5,Crystal,4
17,US,Seasons 16-30,5,Ken,5
17,US,Seasons 16-30,5,Matty,2
17,US,Seasons 16-30,5,Sugar,2
17,US,Seasons 16-30,5,Susie,1
17,US,Seasons 16-30,5,Bob,1
17,US,Seasons 16-30,6,Ace,6
17,US,Seasons 16-30,6,Dan,3
17,US,Seasons 16-30,6,Marcus,4
17,US,Seasons 16-30,6,Charlie,1
17,US,Seasons 16-30,6,Randy,2
17,US,Seasons 16-30,6,Corinne,2
17,US,Seasons 16-30,6,Crystal,3
17,US,Seasons 16-30,6,Ken,3
17,US,Seasons 16-30,6,Matty,3
17,US,Seasons 16-30,6,Sugar,3
17,US,Seasons 16-30,6,Susie,1
17,US,Seasons 16-30,6,Bob,2
17,US,Seasons 16-30,7,Marcus,9
17,US,Seasons 16-30,7,Charlie,2
17,US,Seasons 16-30,7,Randy,8
17,US,Seasons 16-30,7,Corinne,4
17,US,Seasons 16-30,7,Crystal,6
17,US,Seasons 16-30,7,Ken,3
17,US,Seasons 16-30,7,Matty,8
17,US,Seasons 16-30,7,Sugar,4
17,US,Seasons 16-30,7,Susie,8
17,US,Seasons 16-30,7,Bob,0
17,US,Seasons 16-30,8,Charlie,2
17,US,Seasons 16-30,8,Randy,5
17,US,Seasons 16-30,8,Corinne,4
17,US,Seasons 16-30,8,Crystal,0
17,US,Seasons 16-30,8,Ken,4
17,US,Seasons 16-30,8,Matty,5
17,US,Seasons 16-30,8,Sugar,3
17,US,Seasons 16-30,8,Susie,0
17,US,Seasons 16-30,8,Bob,4
17,US,Seasons 16-30,9,Randy,13
17,US,Seasons 16-30,9,Corinne,3
17,US,Seasons 16-30,9,Crystal,1
17,US,Seasons 16-30,9,Ken,1
17,US,Seasons 16-30,9,Matty,1
17,US,Seasons 16-30,9,Sugar,5
17,US,Seasons 16-30,9,Susie,0
17,US,Seasons 16-30,9,Bob,3
17,US,Seasons 16-30,11,Corinne,6
17,US,Seasons 16-30,11,Crystal,2
17,US,Seasons 16-30,11,Ken,5
17,US,Seasons 16-30,11,Matty,3
17,US,Seasons 16-30,11,Sugar,5
17,US,Seasons 16-30,11,Susie,1
17,US,Seasons 16-30,11,Bob,5
17,US,Seasons 16-30,12,Crystal,6
17,US,Seasons 16-30,12,Ken,9
17,US,Seasons 16-30,12,Matty,6
17,US,Seasons 16-30,12,Sugar,7
17,US,Seasons 16-30,12,Susie,2
17,US,Seasons 16-30,12,Bob,9
17,US,Seasons 16-30,13,Ken,3
17,US,Seasons 16-30,13,Matty,1
17,US,Seasons 16-30,13,Sugar,10
17,US,Seasons 16-30,13,Susie,10
17,US,Seasons 16-30,13,Bob,3
18,US,Seasons 16-30,1,Carolina,4
18,US,Seasons 16-30,1,Candace,0
18,US,Seasons 16-30,1,Jerry,1
18,US,Seasons 16-30,1,Sandy,2
18,US,Seasons 16-30,1,Spencer,6
18,US,Seasons 16-30,1,Sydney,1
18,US,Seasons 16-30,1,Joe,1
18,US,Seasons 16-30,1,Brendan,1
18,US,Seasons 16-30,1,Tyson,2
18,US,Seasons 16-30,1,Sierra,4
18,US,Seasons 16-30,1,Debbie,0
18,US,Seasons 16-30,1,Coach,5
18,US,Seasons 16-30,1,Taj,1
18,US,Seasons 16-30,1,Erinn,2
18,US,Seasons 16-30,1,Stephen,2
18,US,Seasons 16-30,1,J.T.,2
18,US,Seasons 16-30,2,Candace,5
18,US,Seasons 16-30,2,Jerry,0
18,US,Seasons 16-30,2,Sandy,2
18,US,Seasons 16-30,2,Spencer,4
18,US,Seasons 16-30,2,Sydney,1
18,US,Seasons 16-30,2,Joe,1
18,US,Seasons 16-30,2,Brendan,8
18,US,Seasons 16-30,2,Tyson,2
18,US,Seasons 16-30,2,Sierra,5
18,US,Seasons 16-30,2,Debbie,0
18,US,Seasons 16-30,2,Coach,3
18,US,Seasons 16-30,2,Taj,2
18,US,Seasons 16-30,2,Erinn,0
18,US,Seasons 16-30,2,Stephen,3
18,US,Seasons 16-30,2,J.T.,2
18,US,Seasons 16-30,3,Jerry,3
18,US,Seasons 16-30,3,Sandy,0
18,US,Seasons 16-30,3,Spencer,0
18,US,Seasons 16-30,3,Sydney,0
18,US,Seasons 16-30,3,Joe,2
18,US,Seasons 16-30,3,Brendan,3
18,US,Seasons 16-30,3,Tyson,3
18,US,Seasons 16-30,3,Sierra,2
18,US,Seasons 16-30,3,Debbie,0
18,US,Seasons 16-30,3,Coach,7
18,US,Seasons 16-30,3,Taj,2
18,US,Seasons 16-30,3,Erinn,2
18,US,Seasons 16-30,3,Stephen,3
18,US,Seasons 16-30,3,J.T.,3
18,US,Seasons 16-30,4,Sandy,3
18,US,Seasons 16-30,4,Spencer,2
18,US,Seasons 16-30,4,Sydney,2
18,US,Seasons 16-30,4,Joe,0
18,US,Seasons 16-30,4,Brendan,2
18,US,Seasons 16-30,4,Tyson,3
18,US,Seasons 16-30,4,Sierra,1
18,US,Seasons 16-30,4,Debbie,1
18,US,Seasons 16-30,4,Coach,3
18,US,Seasons 16-30,4,Taj,4
18,US,Seasons 16-30,4,Erinn,2
18,US,Seasons 16-30,4,Stephen,2
18,US,Seasons 16-30,4,J.T.,2
18,US,Seasons 16-30,5,Spencer,5
18,US,Seasons 16-30,5,Sydney,0
18,US,Seasons 16-30,5,Joe,2
18,US,Seasons 16-30,5,Brendan,3
18,US,Seasons 16-30,5,Tyson,1
18,US,Seasons 16-30,5,Sierra,1
18,US,Seasons 16-30,5,Debbie,0
18,US,Seasons 16-30,5,Coach,1
18,US,Seasons 16-30,5,Taj,7
18,US,Seasons 16-30,5,Erinn,1
18,US,Seasons 16-30,5,Stephen,3
18,US,Seasons 16-30,5,J.T.,1
18,US,Seasons 16-30,7,Sydney,3
18,US,Seasons 16-30,7,Joe,7
18,US,Seasons 16-30,7,Brendan,6
18,US,Seasons 16-30,7,Tyson,0
18,US,Seasons 16-30,7,Sierra,2
18,US,Seasons 16-30,7,Debbie,2
18,US,Seasons 16-30,7,Coach,4
18,US,Seasons 16-30,7,Taj,5
18,US,Seasons 16-30,7,Erinn,2
18,US,Seasons 16-30,7,Stephen,3
18,US,Seasons 16-30,7,J.T.,8
18,US,Seasons 16-30,8,Joe,2
18,US,Seasons 16-30,8,Brendan,3
18,US,Seasons 16-30,8,Tyson,5
18,US,Seasons 16-30,8,Sierra,0
18,US,Seasons 16-30,8,Debbie,0
18,US,Seasons 16-30,8,Coach,9
18,US,Seasons 16-30,8,Taj,4
18,US,Seasons 16-30,8,Erinn,3
18,US,Seasons 16-30,8,Stephen,6
18,US,Seasons 16-30,8,J.T.,10
18,US,Seasons 16-30,9,Brendan,8
18,US,Seasons 16-30,9,Tyson,3
18,US,Seasons 16-30,9,Sierra,1
18,US,Seasons 16-30,9,Debbie,1
18,US,Seasons 16-30,9,Coach,4
18,US,Seasons 16-30,9,Taj,1
18,US,Seasons 16-30,9,Erinn,1
18,US,Seasons 16-30,9,Stephen,2
18,US,Seasons 16-30,9,J.T.,6
18,US,Seasons 16-30,10,Tyson,3
18,US,Seasons 16-30,10,Sierra,4
18,US,Seasons 16-30,10,Debbie,2
18,US,Seasons 16-30,10,Coach,4
18,US,Seasons 16-30,10,Taj,0
18,US,Seasons 16-30,10,Erinn,5
18,US,Seasons 16-30,10,Stephen,1
18,US,Seasons 16-30,10,J.T.,4
18,US,Seasons 16-30,11,Sierra,3
18,US,Seasons 16-30,11,Debbie,4
18,US,Seasons 16-30,11,Coach,6
18,US,Seasons 16-30,11,Taj,1
18,US,Seasons 16-30,11,Erinn,1
18,US,Seasons 16-30,11,Stephen,9
18,US,Seasons 16-30,11,J.T.,4
18,US,Seasons 16-30,12,Debbie,4
18,US,Seasons 16-30,12,Coach,4
18,US,Seasons 16-30,12,Taj,2
18,US,Seasons 16-30,12,Erinn,3
18,US,Seasons 16-30,12,Stephen,7
18,US,Seasons 16-30,12,J.T.,9
18,US,Seasons 16-30,13,Coach,8
18,US,Seasons 16-30,13,Taj,2
18,US,Seasons 16-30,13,Erinn,3
18,US,Seasons 16-30,13,Stephen,7
18,US,Seasons 16-30,13,J.T.,6
18,US,Seasons 16-30,14,Taj,1
18,US,Seasons 16-30,14,Erinn,5
18,US,Seasons 16-30,14,Stephen,13
18,US,Seasons 16-30,14,J.T.,14
19,US,Seasons 16-30,1,Marisa,3
19,US,Seasons 16-30,1,Mike,2
19,US,Seasons 16-30,1,Betsy,2
19,US,Seasons 16-30,1,Ben,1
19,US,Seasons 16-30,1,Yasmin,0
19,US,Seasons 16-30,1,Ashley,2
19,US,Seasons 16-30,1,Russell S.,3
19,US,Seasons 16-30,1,Liz,1
19,US,Seasons 16-30,1,Erik,1
19,US,Seasons 16-30,1,Kelly,0
19,US,Seasons 16-30,1,Laura,0
19,US,Seasons 16-30,1,John,1
19,US,Seasons 16-30,1,Dave,1
19,US,Seasons 16-30,1,Monica,1
19,US,Seasons 16-30,1,Shambo,6
19,US,Seasons 16-30,1,Jaison,2
19,US,Seasons 16-30,1,Brett,1
19,US,Seasons 16-30,1,Mick,2
19,US,Seasons 16-30,1,Russell H.,9
19,US,Seasons 16-30,1,Natalie,0
19,US,Seasons 16-30,2,Mike,3
19,US,Seasons 16-30,2,Betsy,3
19,US,Seasons 16-30,2,Ben,2
19,US,Seasons 16-30,2,Yasmin,2
19,US,Seasons 16-30,2,Ashley,2
19,US,Seasons 16-30,2,Russell S.,0
19,US,Seasons 16-30,2,Liz,3
19,US,Seasons 16-30,2,Erik,0
19,US,Seasons 16-30,2,Kelly,0
19,US,Seasons 16-30,2,Laura,1
19,US,Seasons 16-30,2,John,0
19,US,Seasons 16-30,2,Dave,0
19,US,Seasons 16-30,2,Monica,1
19,US,Seasons 16-30,2,Shambo,0
19,US,Seasons 16-30,2,Jaison,3
19,US,Seasons 16-30,2,Brett,0
19,US,Seasons 16-30,2,Mick,3
19,US,Seasons 16-30,2,Russell H.,8
19,US,Seasons 16-30,2,Natalie,0
19,US,Seasons 16-30,3,Ben,2
19,US,Seasons 16-30,3,Yasmin,0
19,US,Seasons 16-30,3,Ashley,2
19,US,Seasons 16-30,3,Russell S.,1
19,US,Seasons 16-30,3,Liz,0
19,US,Seasons 16-30,3,Erik,1
19,US,Seasons 16-30,3,Kelly,0
19,US,Seasons 16-30,3,Laura,1
19,US,Seasons 16-30,3,John,1
19,US,Seasons 16-30,3,Dave,1
19,US,Seasons 16-30,3,Monica,1
19,US,Seasons 16-30,3,Shambo,5
19,US,Seasons 16-30,3,Jaison,2
19,US,Seasons 16-30,3,Brett,0
19,US,Seasons 16-30,3,Mick,3
19,US,Seasons 16-30,3,Russell H.,10
19,US,Seasons 16-30,3,Natalie,0
19,US,Seasons 16-30,4,Yasmin,1
19,US,Seasons 16-30,4,Ashley,0
19,US,Seasons 16-30,4,Russell S.,9
19,US,Seasons 16-30,4,Liz,0
19,US,Seasons 16-30,4,Erik,5
19,US,Seasons 16-30,4,Kelly,2
19,US,Seasons 16-30,4,Laura,0
19,US,Seasons 16-30,4,John,0
19,US,Seasons 16-30,4,Dave,5
19,US,Seasons 16-30,4,Monica,1
19,US,Seasons 16-30,4,Shambo,3
19,US,Seasons 16-30,4,Jaison,2
19,US,Seasons 16-30,4,Brett,0
19,US,Seasons 16-30,4,Mick,4
19,US,Seasons 16-30,4,Russell H.,2
19,US,Seasons 16-30,4,Natalie,2
19,US,Seasons 16-30,5,Ashley,3
19,US,Seasons 16-30,5,Russell S.,0
19,US,Seasons 16-30,5,Liz,2
19,US,Seasons 16-30,5,Erik,1
19,US,Seasons 16-30,5,Kelly,1
19,US,Seasons 16-30,5,Laura,0
19,US,Seasons 16-30,5,John,0
19,US,Seasons 16-30,5,Dave,3
19,US,Seasons 16-30,5,Monica,1
19,US,Seasons 16-30,5,Shambo,4
19,US,Seasons 16-30,5,Jaison,3
19,US,Seasons 16-30,5,Brett,1
19,US,Seasons 16-30,5,Mick,2
19,US,Seasons 16-30,5,Russell H.,4
19,US,Seasons 16-30,5,Natalie,2
19,US,Seasons 16-30,6,Russell S.,4
19,US,Seasons 16-30,6,Liz,2
19,US,Seasons 16-30,6,Erik,2
19,US,Seasons 16-30,6,Kelly,1
19,US,Seasons 16-30,6,Laura,2
19,US,Seasons 16-30,6,John,3
19,US,Seasons 16-30,6,Dave,1
19,US,Seasons 16-30,6,Monica,1
19,US,Seasons 16-30,6,Shambo,0
19,US,Seasons 16-30,6,Jaison,2
19,US,Seasons 16-30,6,Brett,6
19,US,Seasons 16-30,6,Mick,2
19,US,Seasons 16-30,6,Russell H.,4
19,US,Seasons 16-30,6,Natalie,0
19,US,Seasons 16-30,7,Liz,2
19,US,Seasons 16-30,7,Erik,4
19,US,Seasons 16-30,7,Kelly,1
19,US,Seasons 16-30,7,Laura,2
19,US,Seasons 16-30,7,John,0
19,US,Seasons 16-30,7,Dave,2
19,US,Seasons 16-30,7,Monica,2
19,US,Seasons 16-30,7,Shambo,0
19,US,Seasons 16-30,7,Jaison,1
19,US,Seasons 16-30,7,Brett,0
19,US,Seasons 16-30,7,Mick,1
19,US,Seasons 16-30,7,Russell H.,7
19,US,Seasons 16-30,7,Natalie,0
19,US,Seasons 16-30,8,Erik,4
19,US,Seasons 16-30,8,Kelly,0
19,US,Seasons 16-30,8,Laura,4
19,US,Seasons 16-30,8,John,3
19,US,Seasons 16-30,8,Dave,1
19,US,Seasons 16-30,8,Monica,1
19,US,Seasons 16-30,8,Shambo,4
19,US,Seasons 16-30,8,Jaison,3
19,US,Seasons 16-30,8,Brett,0
19,US,Seasons 16-30,8,Mick,1
19,US,Seasons 16-30,8,Russell H.,13
19,US,Seasons 16-30,8,Natalie,2
19,US,Seasons 16-30,9,Kelly,3
19,US,Seasons 16-30,9,Laura,3
19,US,Seasons 16-30,9,John,3
19,US,Seasons 16-30,9,Dave,0
19,US,Seasons 16-30,9,Monica,1
19,US,Seasons 16-30,9,Shambo,3
19,US,Seasons 16-30,9,Jaison,2
19,US,Seasons 16-30,9,Brett,0
19,US,Seasons 16-30,9,Mick,1
19,US,Seasons 16-30,9,Russell H.,8
19,US,Seasons 16-30,9,Natalie,2
19,US,Seasons 16-30,10,Laura,3
19,US,Seasons 16-30,10,John,5
19,US,Seasons 16-30,10,Dave,0
19,US,Seasons 16-30,10,Monica,1
19,US,Seasons 16-30,10,Shambo,3
19,US,Seasons 16-30,10,Jaison,0
19,US,Seasons 16-30,10,Brett,0
19,US,Seasons 16-30,10,Mick,1
19,US,Seasons 16-30,10,Russell H.,11
19,US,Seasons 16-30,10,Natalie,1
19,US,Seasons 16-30,12,John,4
19,US,Seasons 16-30,12,Dave,0
19,US,Seasons 16-30,12,Monica,1
19,US,Seasons 16-30,12,Shambo,5
19,US,Seasons 16-30,12,Jaison,3
19,US,Seasons 16-30,12,Brett,0
19,US,Seasons 16-30,12,Mick,1
19,US,Seasons 16-30,12,Russell H.,4
19,US,Seasons 16-30,12,Natalie,0
19,US,Seasons 16-30,13,Dave,2
19,US,Seasons 16-30,13,Monica,3
19,US,Seasons 16-30,13,Shambo,3
19,US,Seasons 16-30,13,Jaison,4
19,US,Seasons 16-30,13,Brett,1
19,US,Seasons 16-30,13,Mick,3
19,US,Seasons 16-30,13,Russell H.,7
19,US,Seasons 16-30,13,Natalie,0
19,US,Seasons 16-30,14,Shambo,3
19,US,Seasons 16-30,14,Jaison,4
19,US,Seasons 16-30,14,Brett,3
19,US,Seasons 16-30,14,Mick,1
19,US,Seasons 16-30,14,Russell H.,8
19,US,Seasons 16-30,14,Natalie,3
19,US,Seasons 16-30,15,Jaison,2
19,US,Seasons 16-30,15,Brett,5
19,US,Seasons 16-30,15,Mick,4
19,US,Seasons 16-30,15,Russell H.,13
19,US,Seasons 16-30,15,Natalie,3
20,US,Seasons 16-30,1,Jerri,3
20,US,Seasons 16-30,1,Colby,7
20,US,Seasons 16-30,1,Boston Rob,5
20,US,Seasons 16-30,1,Rupert,8
20,US,Seasons 16-30,1,Sandra,3
20,US,Seasons 16-30,1,Stephenie,2
20,US,Seasons 16-30,1,Tom,5
20,US,Seasons 16-30,1,Cirie,4
20,US,Seasons 16-30,1,Danielle,2
20,US,Seasons 16-30,1,Candice,3
20,US,Seasons 16-30,1,Parvati,2
20,US,Seasons 16-30,1,James,2
20,US,Seasons 16-30,1,Amanda,5
20,US,Seasons 16-30,1,Courtney,1
20,US,Seasons 16-30,1,Randy,1
20,US,Seasons 16-30,1,Sugar,2
20,US,Seasons 16-30,1,Tyson,1
20,US,Seasons 16-30,1,Coach,11
20,US,Seasons 16-30,1,J.T.,5
20,US,Seasons 16-30,1,Russell,8
20,US,Seasons 16-30,2,Jerri,1
20,US,Seasons 16-30,2,Colby,0
20,US,Seasons 16-30,2,Boston Rob,4
20,US,Seasons 16-30,2,Rupert,1
20,US,Seasons 16-30,2,Sandra,0
20,US,Seasons 16-30,2,Stephenie,4
20,US,Seasons 16-30,2,Tom,3
20,US,Seasons 16-30,2,Cirie,0
20,US,Seasons 16-30,2,Danielle,0
20,US,Seasons 16-30,2,Candice,1
20,US,Seasons 16-30,2,Parvati,0
20,US,Seasons 16-30,2,James,2
20,US,Seasons 16-30,2,Amanda,0
20,US,Seasons 16-30,2,Courtney,1
20,US,Seasons 16-30,2,Randy,1
20,US,Seasons 16-30,2,Tyson,0
20,US,Seasons 16-30,2,Coach,1
20,US,Seasons 16-30,2,J.T.,3
20,US,Seasons 16-30,2,Russell,3
20,US,Seasons 16-30,3,Jerri,2
20,US,Seasons 16-30,3,Colby,0
20,US,Seasons 16-30,3,Boston Rob,1
20,US,Seasons 16-30,3,Rupert,2
20,US,Seasons 16-30,3,Sandra,0
20,US,Seasons 16-30,3,Tom,2
20,US,Seasons 16-30,3,Cirie,0
20,US,Seasons 16-30,3,Danielle,0
20,US,Seasons 16-30,3,Candice,1
20,US,Seasons 16-30,3,Parvati,2
20,US,Seasons 16-30,3,James,1
20,US,Seasons 16-30,3,Amanda,0
20,US,Seasons 16-30,3,Courtney,0
20,US,Seasons 16-30,3,Randy,3
20,US,Seasons 16-30,3,Tyson,1
20,US,Seasons 16-30,3,Coach,5
20,US,Seasons 16-30,3,J.T.,2
20,US,Seasons 16-30,3,Russell,2
20,US,Seasons 16-30,4,Jerri,0
20,US,Seasons 16-30,4,Colby,1
20,US,Seasons 16-30,4,Boston Rob,3
20,US,Seasons 16-30,4,Rupert,0
20,US,Seasons 16-30,4,Sandra,0
20,US,Seasons 16-30,4,Tom,5
20,US,Seasons 16-30,4,Cirie,3
20,US,Seasons 16-30,4,Danielle,0
20,US,Seasons 16-30,4,Candice,1
20,US,Seasons 16-30,4,Parvati,0
20,US,Seasons 16-30,4,James,0
20,US,Seasons 16-30,4,Amanda,3
20,US,Seasons 16-30,4,Courtney,0
20,US,Seasons 16-30,4,Tyson,2
20,US,Seasons 16-30,4,Coach,3
20,US,Seasons 16-30,4,J.T.,2
20,US,Seasons 16-30,4,Russell,4
20,US,Seasons 16-30,5,Jerri,1
20,US,Seasons 16-30,5,Colby,2
20,US,Seasons 16-30,5,Boston Rob,2
20,US,Seasons 16-30,5,Rupert,1
20,US,Seasons 16-30,5,Sandra,0
20,US,Seasons 16-30,5,Tom,2
20,US,Seasons 16-30,5,Danielle,0
20,US,Seasons 16-30,5,Candice,1
20,US,Seasons 16-30,5,Parvati,1
20,US,Seasons 16-30,5,James,2
20,US,Seasons 16-30,5,Amanda,4
20,US,Seasons 16-30,5,Courtney,0
20,US,Seasons 16-30,5,Tyson,0
20,US,Seasons 16-30,5,Coach,2
20,US,Seasons 16-30,5,J.T.,3
20,US,Seasons 16-30,5,Russell,5
20,US,Seasons 16-30,6,Jerri,0
20,US,Seasons 16-30,6,Colby,4
20,US,Seasons 16-30,6,Boston Rob,2
20,US,Seasons 16-30,6,Rupert,2
20,US,Seasons 16-30,6,Sandra,0
20,US,Seasons 16-30,6,Danielle,0
20,US,Seasons 16-30,6,Candice,1
20,US,Seasons 16-30,6,Parvati,1
20,US,Seasons 16-30,6,James,1
20,US,Seasons 16-30,6,Amanda,2
20,US,Seasons 16-30,6,Courtney,0
20,US,Seasons 16-30,6,Tyson,2
20,US,Seasons 16-30,6,Coach,1
20,US,Seasons 16-30,6,J.T.,2
20,US,Seasons 16-30,6,Russell,3
20,US,Seasons 16-30,7,Jerri,1
20,US,Seasons 16-30,7,Colby,3
20,US,Seasons 16-30,7,Boston Rob,3
20,US,Seasons 16-30,7,Rupert,2
20,US,Seasons 16-30,7,Sandra,0
20,US,Seasons 16-30,7,Danielle,0
20,US,Seasons 16-30,7,Candice,0
20,US,Seasons 16-30,7,Parvati,2
20,US,Seasons 16-30,7,Amanda,0
20,US,Seasons 16-30,7,Courtney,1
20,US,Seasons 16-30,7,Coach,3
20,US,Seasons 16-30,7,J.T.,1
20,US,Seasons 16-30,7,Russell,3
20,US,Seasons 16-30,8,Jerri,1
20,US,Seasons 16-30,8,Colby,1
20,US,Seasons 16-30,8,Rupert,0
20,US,Seasons 16-30,8,Sandra,4
20,US,Seasons 16-30,8,Danielle,3
20,US,Seasons 16-30,8,Candice,2
20,US,Seasons 16-30,8,Parvati,2
20,US,Seasons 16-30,8,Amanda,1
20,US,Seasons 16-30,8,Courtney,1
20,US,Seasons 16-30,8,Coach,6
20,US,Seasons 16-30,8,J.T.,3
20,US,Seasons 16-30,8,Russell,3
20,US,Seasons 16-30,9,Jerri,3
20,US,Seasons 16-30,9,Colby,0
20,US,Seasons 16-30,9,Rupert,2
20,US,Seasons 16-30,9,Sandra,3
20,US,Seasons 16-30,9,Danielle,0
20,US,Seasons 16-30,9,Candice,0
20,US,Seasons 16-30,9,Parvati,6
20,US,Seasons 16-30,9,Amanda,1
20,US,Seasons 16-30,9,Courtney,0
20,US,Seasons 16-30,9,J.T.,2
20,US,Seasons 16-30,9,Russell,4
20,US,Seasons 16-30,10,Jerri,0
20,US,Seasons 16-30,10,Colby,1
20,US,Seasons 16-30,10,Rupert,5
20,US,Seasons 16-30,10,Sandra,2
20,US,Seasons 16-30,10,Danielle,0
20,US,Seasons 16-30,10,Candice,0
20,US,Seasons 16-30,10,Parvati,8
20,US,Seasons 16-30,10,Amanda,3
20,US,Seasons 16-30,10,J.T.,5
20,US,Seasons 16-30,10,Russell,5
20,US,Seasons 16-30,11,Jerri,1
20,US,Seasons 16-30,11,Colby,2
20,US,Seasons 16-30,11,Rupert,5
20,US,Seasons 16-30,11,Sandra,4
20,US,Seasons 16-30,11,Danielle,1
20,US,Seasons 16-30,11,Candice,2
20,US,Seasons 16-30,11,Parvati,2
20,US,Seasons 16-30,11,Amanda,4
20,US,Seasons 16-30,11,Russell,5
20,US,Seasons 16-30,12,Jerri,1
20,US,Seasons 16-30,12,Colby,0
20,US,Seasons 16-30,12,Rupert,4
20,US,Seasons 16-30,12,Sandra,3
20,US,Seasons 16-30,12,Danielle,2
20,US,Seasons 16-30,12,Candice,0
20,US,Seasons 16-30,12,Parvati,3
20,US,Seasons 16-30,12,Russell,7
20,US,Seasons 16-30,13,Jerri,4
20,US,Seasons 16-30,13,Colby,0
20,US,Seasons 16-30,13,Rupert,6
20,US,Seasons 16-30,13,Sandra,2
20,US,Seasons 16-30,13,Parvati,4
20,US,Seasons 16-30,13,Russell,8
20,US,Seasons 16-30,14,Jerri,3
20,US,Seasons 16-30,14,Colby,3
20,US,Seasons 16-30,14,Sandra,6
20,US,Seasons 16-30,14,Parvati,7
20,US,Seasons 16-30,14,Russell,8
21,US,Seasons 16-30,1,Wendy,2
21,US,Seasons 16-30,1,Shannon,5
21,US,Seasons 16-30,1,Jimmy J.,7
21,US,Seasons 16-30,1,Jimmy T.,3
21,US,Seasons 16-30,1,Tyrone,0
21,US,Seasons 16-30,1,Kelly B.,3
21,US,Seasons 16-30,1,Yve,0
21,US,Seasons 16-30,1,Jill,0
21,US,Seasons 16-30,1,Alina,4
21,US,Seasons 16-30,1,Marty,3
21,US,Seasons 16-30,1,Brenda,2
21,US,Seasons 16-30,1,NaOnka,2
21,US,Seasons 16-30,1,Purple Kelly,0
21,US,Seasons 16-30,1,Benry,0
21,US,Seasons 16-30,1,Jane,1
21,US,Seasons 16-30,1,Dan,0
21,US,Seasons 16-30,1,Holly,2
21,US,Seasons 16-30,1,Sash,1
21,US,Seasons 16-30,1,Chase,2
21,US,Seasons 16-30,1,Fabio,3
21,US,Seasons 16-30,2,Shannon,4
21,US,Seasons 16-30,2,Jimmy J.,4
21,US,Seasons 16-30,2,Jimmy T.,3
21,US,Seasons 16-30,2,Tyrone,1
21,US,Seasons 16-30,2,Kelly B.,0
21,US,Seasons 16-30,2,Yve,0
21,US,Seasons 16-30,2,Jill,4
21,US,Seasons 16-30,2,Alina,3
21,US,Seasons 16-30,2,Marty,4
21,US,Seasons 16-30,2,Brenda,2
21,US,Seasons 16-30,2,NaOnka,6
21,US,Seasons 16-30,2,Purple Kelly,0
21,US,Seasons 16-30,2,Benry,0
21,US,Seasons 16-30,2,Jane,0
21,US,Seasons 16-30,2,Dan,3
21,US,Seasons 16-30,2,Holly,6
21,US,Seasons 16-30,2,Sash,2
21,US,Seasons 16-30,2,Chase,2
21,US,Seasons 16-30,2,Fabio,2
21,US,Seasons 16-30,3,Jimmy J.,1
21,US,Seasons 16-30,3,Jimmy T.,2
21,US,Seasons 16-30,3,Tyrone,3
21,US,Seasons 16-30,3,Kelly B.,2
21,US,Seasons 16-30,3,Yve,2
21,US,Seasons 16-30,3,Jill,4
21,US,Seasons 16-30,3,Alina,1
21,US,Seasons 16-30,3,Marty,8
21,US,Seasons 16-30,3,Brenda,1
21,US,Seasons 16-30,3,NaOnka,7
21,US,Seasons 16-30,3,Purple Kelly,0
21,US,Seasons 16-30,3,Benry,0
21,US,Seasons 16-30,3,Jane,1
21,US,Seasons 16-30,3,Dan,2
21,US,Seasons 16-30,3,Holly,0
21,US,Seasons 16-30,3,Sash,0
21,US,Seasons 16-30,3,Chase,0
21,US,Seasons 16-30,3,Fabio,1
21,US,Seasons 16-30,4,Jimmy T.,3
21,US,Seasons 16-30,4,Tyrone,2
21,US,Seasons 16-30,4,Kelly B.,1
21,US,Seasons 16-30,4,Yve,1
21,US,Seasons 16-30,4,Jill,3
21,US,Seasons 16-30,4,Alina,2
21,US,Seasons 16-30,4,Marty,5
21,US,Seasons 16-30,4,Brenda,2
21,US,Seasons 16-30,4,NaOnka,4
21,US,Seasons 16-30,4,Purple Kelly,0
21,US,Seasons 16-30,4,Benry,0
21,US,Seasons 16-30,4,Jane,2
21,US,Seasons 16-30,4,Dan,1
21,US,Seasons 16-30,4,Holly,0
21,US,Seasons 16-30,4,Sash,0
21,US,Seasons 16-30,4,Chase,2
21,US,Seasons 16-30,4,Fabio,0
21,US,Seasons 16-30,5,Tyrone,2
21,US,Seasons 16-30,5,Kelly B.,0
21,US,Seasons 16-30,5,Yve,0
21,US,Seasons 16-30,5,Jill,0
21,US,Seasons 16-30,5,Alina,3
21,US,Seasons 16-30,5,Marty,4
21,US,Seasons 16-30,5,Brenda,1
21,US,Seasons 16-30,5,NaOnka,6
21,US,Seasons 16-30,5,Purple Kelly,0
21,US,Seasons 16-30,5,Benry,3
21,US,Seasons 16-30,5,Jane,2
21,US,Seasons 16-30,5,Dan,0
21,US,Seasons 16-30,5,Holly,5
21,US,Seasons 16-30,5,Sash,0
21,US,Seasons 16-30,5,Chase,0
21,US,Seasons 16-30,5,Fabio,1
21,US,Seasons 16-30,6,Kelly B.,1
21,US,Seasons 16-30,6,Yve,3
21,US,Seasons 16-30,6,Jill,1
21,US,Seasons 16-30,6,Alina,1
21,US,Seasons 16-30,6,Marty,4
21,US,Seasons 16-30,6,Brenda,5
21,US,Seasons 16-30,6,NaOnka,2
21,US,Seasons 16-30,6,Purple Kelly,0
21,US,Seasons 16-30,6,Benry,1
21,US,Seasons 16-30,6,Jane,1
21,US,Seasons 16-30,6,Dan,1
21,US,Seasons 16-30,6,Holly,3
21,US,Seasons 16-30,6,Sash,2
21,US,Seasons 16-30,6,Chase,2
21,US,Seasons 16-30,6,Fabio,2
21,US,Seasons 16-30,7,Jill,2
21,US,Seasons 16-30,7,Alina,0
21,US,Seasons 16-30,7,Marty,3
21,US,Seasons 16-30,7,Brenda,1
21,US,Seasons 16-30,7,NaOnka,3
21,US,Seasons 16-30,7,Purple Kelly,1
21,US,Seasons 16-30,7,Benry,0
21,US,Seasons 16-30,7,Jane,4
21,US,Seasons 16-30,7,Dan,0
21,US,Seasons 16-30,7,Holly,2
21,US,Seasons 16-30,7,Sash,2
21,US,Seasons 16-30,7,Chase,2
21,US,Seasons 16-30,7,Fabio,1
21,US,Seasons 16-30,8,Alina,4
21,US,Seasons 16-30,8,Marty,7
21,US,Seasons 16-30,8,Brenda,5
21,US,Seasons 16-30,8,NaOnka,8
21,US,Seasons 16-30,8,Purple Kelly,0
21,US,Seasons 16-30,8,Benry,1
21,US,Seasons 16-30,8,Jane,3
21,US,Seasons 16-30,8,Dan,0
21,US,Seasons 16-30,8,Holly,1
21,US,Seasons 16-30,8,Sash,2
21,US,Seasons 16-30,8,Chase,1
21,US,Seasons 16-30,8,Fabio,1
21,US,Seasons 16-30,9,Marty,4
21,US,Seasons 16-30,9,Brenda,4
21,US,Seasons 16-30,9,NaOnka,3
21,US,Seasons 16-30,9,Purple Kelly,0
21,US,Seasons 16-30,9,Benry,2
21,US,Seasons 16-30,9,Jane,4
21,US,Seasons 16-30,9,Dan,1
21,US,Seasons 16-30,9,Holly,0
21,US,Seasons 16-30,9,Sash,1
21,US,Seasons 16-30,9,Chase,2
21,US,Seasons 16-30,9,Fabio,1
21,US,Seasons 16-30,10,Brenda,4
21,US,Seasons 16-30,10,NaOnka,4
21,US,Seasons 16-30,10,Purple Kelly,0
21,US,Seasons 16-30,10,Benry,5
21,US,Seasons 16-30,10,Jane,6
21,US,Seasons 16-30,10,Dan,1
21,US,Seasons 16-30,10,Holly,3
21,US,Seasons 16-30,10,Sash,2
21,US,Seasons 16-30,10,Chase,4
21,US,Seasons 16-30,10,Fabio,4
21,US,Seasons 16-30,12,NaOnka,5
21,US,Seasons 16-30,12,Purple Kelly,4
21,US,Seasons 16-30,12,Benry,2
21,US,Seasons 16-30,12,Jane,2
21,US,Seasons 16-30,12,Dan,1
21,US,Seasons 16-30,12,Holly,2
21,US,Seasons 16-30,12,Sash,1
21,US,Seasons 16-30,12,Chase,3
21,US,Seasons 16-30,12,Fabio,3
21,US,Seasons 16-30,13,Benry,6
21,US,Seasons 16-30,13,Jane,5
21,US,Seasons 16-30,13,Dan,1
21,US,Seasons 16-30,13,Holly,2
21,US,Seasons 16-30,13,Sash,7
21,US,Seasons 16-30,13,Chase,3
21,US,Seasons 16-30,13,Fabio,2
21,US,Seasons 16-30,14,Jane,2
21,US,Seasons 16-30,14,Dan,1
21,US,Seasons 16-30,14,Holly,2
21,US,Seasons 16-30,14,Sash,2
21,US,Seasons 16-30,14,Chase,6
21,US,Seasons 16-30,14,Fabio,5
21,US,Seasons 16-30,15,Dan,1
21,US,Seasons 16-30,15,Holly,4
21,US,Seasons 16-30,15,Sash,9
21,US,Seasons 16-30,15,Chase,7
21,US,Seasons 16-30,15,Fabio,14
22,US,Seasons 16-30,1,Boston Rob,1
22,US,Seasons 16-30,1,Russell,3
22,US,Seasons 16-30,1,Francesca,7
22,US,Seasons 16-30,1,Matt,2
22,US,Seasons 16-30,1,Kristina,8
22,US,Seasons 16-30,1,Krista,0
22,US,Seasons 16-30,1,Stephanie,3
22,US,Seasons 16-30,1,Sarita,0
22,US,Seasons 16-30,1,Mike,3
22,US,Seasons 16-30,1,David,1
22,US,Seasons 16-30,1,Julie,0
22,US,Seasons 16-30,1,Ralph,2
22,US,Seasons 16-30,1,Steve,0
22,US,Seasons 16-30,1,Andrea,1
22,US,Seasons 16-30,1,Grant,0
22,US,Seasons 16-30,1,Ashley,1
22,US,Seasons 16-30,1,Natalie,1
22,US,Seasons 16-30,1,Phillip,4
22,US,Seasons 16-30,2,Boston Rob,12
22,US,Seasons 16-30,2,Russell,5
22,US,Seasons 16-30,2,Francesca,4
22,US,Seasons 16-30,2,Matt,2
22,US,Seasons 16-30,2,Kristina,2
22,US,Seasons 16-30,2,Krista,0
22,US,Seasons 16-30,2,Stephanie,0
22,US,Seasons 16-30,2,Sarita,0
22,US,Seasons 16-30,2,Mike,1
22,US,Seasons 16-30,2,David,0
22,US,Seasons 16-30,2,Julie,0
22,US,Seasons 16-30,2,Ralph,3
22,US,Seasons 16-30,2,Steve,0
22,US,Seasons 16-30,2,Andrea,2
22,US,Seasons 16-30,2,Grant,1
22,US,Seasons 16-30,2,Ashley,0
22,US,Seasons 16-30,2,Natalie,1
22,US,Seasons 16-30,2,Phillip,1
22,US,Seasons 16-30,3,Boston Rob,7
22,US,Seasons 16-30,3,Russell,5
22,US,Seasons 16-30,3,Francesca,1
22,US,Seasons 16-30,3,Matt,1
22,US,Seasons 16-30,3,Kristina,0
22,US,Seasons 16-30,3,Krista,0
22,US,Seasons 16-30,3,Stephanie,2
22,US,Seasons 16-30,3,Sarita,0
22,US,Seasons 16-30,3,Mike,1
22,US,Seasons 16-30,3,David,3
22,US,Seasons 16-30,3,Julie,3
22,US,Seasons 16-30,3,Ralph,2
22,US,Seasons 16-30,3,Steve,4
22,US,Seasons 16-30,3,Andrea,2
22,US,Seasons 16-30,3,Grant,0
22,US,Seasons 16-30,3,Ashley,0
22,US,Seasons 16-30,3,Natalie,0
22,US,Seasons 16-30,3,Phillip,0
22,US,Seasons 16-30,4,Boston Rob,9
22,US,Seasons 16-30,4,Russell,3
22,US,Seasons 16-30,4,Matt,2
22,US,Seasons 16-30,4,Kristina,3
22,US,Seasons 16-30,4,Krista,1
22,US,Seasons 16-30,4,Stephanie,1
22,US,Seasons 16-30,4,Sarita,1
22,US,Seasons 16-30,4,Mike,2
22,US,Seasons 16-30,4,David,2
22,US,Seasons 16-30,4,Julie,2
22,US,Seasons 16-30,4,Ralph,3
22,US,Seasons 16-30,4,Steve,0
22,US,Seasons 16-30,4,Andrea,0
22,US,Seasons 16-30,4,Grant,2
22,US,Seasons 16-30,4,Ashley,1
22,US,Seasons 16-30,4,Natalie,2
22,US,Seasons 16-30,4,Phillip,5
22,US,Seasons 16-30,5,Boston Rob,5
22,US,Seasons 16-30,5,Matt,0
22,US,Seasons 16-30,5,Kristina,0
22,US,Seasons 16-30,5,Krista,3
22,US,Seasons 16-30,5,Stephanie,4
22,US,Seasons 16-30,5,Sarita,2
22,US,Seasons 16-30,5,Mike,2
22,US,Seasons 16-30,5,David,1
22,US,Seasons 16-30,5,Julie,4
22,US,Seasons 16-30,5,Ralph,0
22,US,Seasons 16-30,5,Steve,2
22,US,Seasons 16-30,5,Andrea,2
22,US,Seasons 16-30,5,Grant,1
22,US,Seasons 16-30,5,Ashley,3
22,US,Seasons 16-30,5,Natalie,0
22,US,Seasons 16-30,5,Phillip,4
22,US,Seasons 16-30,6,Boston Rob,3
22,US,Seasons 16-30,6,Matt,3
22,US,Seasons 16-30,6,Krista,2
22,US,Seasons 16-30,6,Stephanie,5
22,US,Seasons 16-30,6,Sarita,1
22,US,Seasons 16-30,6,Mike,1
22,US,Seasons 16-30,6,David,2
22,US,Seasons 16-30,6,Julie,1
22,US,Seasons 16-30,6,Ralph,1
22,US,Seasons 16-30,6,Steve,5
22,US,Seasons 16-30,6,Andrea,1
22,US,Seasons 16-30,6,Grant,0
22,US,Seasons 16-30,6,Ashley,3
22,US,Seasons 16-30,6,Natalie,0
22,US,Seasons 16-30,6,Phillip,3
22,US,Seasons 16-30,7,Boston Rob,8
22,US,Seasons 16-30,7,Matt,1
22,US,Seasons 16-30,7,Stephanie,0
22,US,Seasons 16-30,7,Sarita,5
22,US,Seasons 16-30,7,Mike,3
22,US,Seasons 16-30,7,David,2
22,US,Seasons 16-30,7,Julie,0
22,US,Seasons 16-30,7,Ralph,2
22,US,Seasons 16-30,7,Steve,2
22,US,Seasons 16-30,7,Andrea,0
22,US,Seasons 16-30,7,Grant,1
22,US,Seasons 16-30,7,Ashley,0
22,US,Seasons 16-30,7,Natalie,0
22,US,Seasons 16-30,7,Phillip,5
22,US,Seasons 16-30,8,Boston Rob,5
22,US,Seasons 16-30,8,Matt,9
22,US,Seasons 16-30,8,Sarita,2
22,US,Seasons 16-30,8,Mike,5
22,US,Seasons 16-30,8,David,0
22,US,Seasons 16-30,8,Julie,2
22,US,Seasons 16-30,8,Ralph,0
22,US,Seasons 16-30,8,Steve,2
22,US,Seasons 16-30,8,Andrea,3
22,US,Seasons 16-30,8,Grant,1
22,US,Seasons 16-30,8,Ashley,0
22,US,Seasons 16-30,8,Natalie,0
22,US,Seasons 16-30,8,Phillip,2
22,US,Seasons 16-30,9,Boston Rob,8
22,US,Seasons 16-30,9,Matt,1
22,US,Seasons 16-30,9,Mike,3
22,US,Seasons 16-30,9,David,5
22,US,Seasons 16-30,9,Julie,2
22,US,Seasons 16-30,9,Ralph,2
22,US,Seasons 16-30,9,Steve,0
22,US,Seasons 16-30,9,Andrea,0
22,US,Seasons 16-30,9,Grant,1
22,US,Seasons 16-30,9,Ashley,0
22,US,Seasons 16-30,9,Natalie,0
22,US,Seasons 16-30,9,Phillip,1
22,US,Seasons 16-30,10,Boston Rob,3
22,US,Seasons 16-30,10,Matt,4
22,US,Seasons 16-30,10,Mike,0
22,US,Seasons 16-30,10,David,2
22,US,Seasons 16-30,10,Julie,3
22,US,Seasons 16-30,10,Ralph,0
22,US,Seasons 16-30,10,Steve,4
22,US,Seasons 16-30,10,Andrea,1
22,US,Seasons 16-30,10,Grant,0
22,US,Seasons 16-30,10,Ashley,1
22,US,Seasons 16-30,10,Natalie,0
22,US,Seasons 16-30,10,Phillip,4
22,US,Seasons 16-30,11,Boston Rob,4
22,US,Seasons 16-30,11,Matt,2
22,US,Seasons 16-30,11,Mike,1
22,US,Seasons 16-30,11,Julie,0
22,US,Seasons 16-30,11,Ralph,2
22,US,Seasons 16-30,11,Steve,3
22,US,Seasons 16-30,11,Andrea,5
22,US,Seasons 16-30,11,Grant,2
22,US,Seasons 16-30,11,Ashley,1
22,US,Seasons 16-30,11,Natalie,0
22,US,Seasons 16-30,11,Phillip,4
22,US,Seasons 16-30,12,Boston Rob,6
22,US,Seasons 16-30,12,Matt,2
22,US,Seasons 16-30,12,Mike,4
22,US,Seasons 16-30,12,Ralph,2
22,US,Seasons 16-30,12,Steve,1
22,US,Seasons 16-30,12,Andrea,2
22,US,Seasons 16-30,12,Grant,1
22,US,Seasons 16-30,12,Ashley,5
22,US,Seasons 16-30,12,Natalie,3
22,US,Seasons 16-30,12,Phillip,3
22,US,Seasons 16-30,13,Boston Rob,12
22,US,Seasons 16-30,13,Matt,1
22,US,Seasons 16-30,13,Mike,0
22,US,Seasons 16-30,13,Ralph,1
22,US,Seasons 16-30,13,Andrea,0
22,US,Seasons 16-30,13,Grant,4
22,US,Seasons 16-30,13,Ashley,4
22,US,Seasons 16-30,13,Natalie,2
22,US,Seasons 16-30,13,Phillip,0
22,US,Seasons 16-30,14,Boston Rob,14
22,US,Seasons 16-30,14,Matt,2
22,US,Seasons 16-30,14,Mike,1
22,US,Seasons 16-30,14,Andrea,5
22,US,Seasons 16-30,14,Grant,1
22,US,Seasons 16-30,14,Ashley,4
22,US,Seasons 16-30,14,Natalie,5
22,US,Seasons 16-30,14,Phillip,5
23,US,Seasons 16-30,1,Ozzy,9
23,US,Seasons 16-30,1,Coach,8
23,US,Seasons 16-30,1,Semhar,3
23,US,Seasons 16-30,1,Christine,2
23,US,Seasons 16-30,1,Papa Bear,2
23,US,Seasons 16-30,1,Stacey,2
23,US,Seasons 16-30,1,Elyse,1
23,US,Seasons 16-30,1,Mikayla,2
23,US,Seasons 16-30,1,Keith,0
23,US,Seasons 16-30,1,Jim,4
23,US,Seasons 16-30,1,Dawn,7
23,US,Seasons 16-30,1,Whitney,0
23,US,Seasons 16-30,1,Cochran,8
23,US,Seasons 16-30,1,Edna,1
23,US,Seasons 16-30,1,Brandon,6
23,US,Seasons 16-30,1,Rick,2
23,US,Seasons 16-30,1,Albert,0
23,US,Seasons 16-30,1,Sophie,2
23,US,Seasons 16-30,2,Ozzy,3
23,US,Seasons 16-30,2,Coach,9
23,US,Seasons 16-30,2,Semhar,2
23,US,Seasons 16-30,2,Christine,7
23,US,Seasons 16-30,2,Papa Bear,0
23,US,Seasons 16-30,2,Stacey,0
23,US,Seasons 16-30,2,Elyse,0
23,US,Seasons 16-30,2,Mikayla,2
23,US,Seasons 16-30,2,Keith,2
23,US,Seasons 16-30,2,Jim,2
23,US,Seasons 16-30,2,Dawn,0
23,US,Seasons 16-30,2,Whitney,0
23,US,Seasons 16-30,2,Cochran,3
23,US,Seasons 16-30,2,Edna,1
23,US,Seasons 16-30,2,Brandon,5
23,US,Seasons 16-30,2,Rick,0
23,US,Seasons 16-30,2,Albert,0
23,US,Seasons 16-30,2,Sophie,1
23,US,Seasons 16-30,3,Ozzy,3
23,US,Seasons 16-30,3,Coach,4
23,US,Seasons 16-30,3,Semhar,0
23,US,Seasons 16-30,3,Christine,3
23,US,Seasons 16-30,3,Papa Bear,3
23,US,Seasons 16-30,3,Stacey,0
23,US,Seasons 16-30,3,Elyse,2
23,US,Seasons 16-30,3,Mikayla,2
23,US,Seasons 16-30,3,Keith,1
23,US,Seasons 16-30,3,Jim,2
23,US,Seasons 16-30,3,Dawn,0
23,US,Seasons 16-30,3,Whitney,0
23,US,Seasons 16-30,3,Cochran,3
23,US,Seasons 16-30,3,Edna,0
23,US,Seasons 16-30,3,Brandon,5
23,US,Seasons 16-30,3,Rick,0
23,US,Seasons 16-30,3,Albert,0
23,US,Seasons 16-30,3,Sophie,1
23,US,Seasons 16-30,4,Ozzy,1
23,US,Seasons 16-30,4,Coach,1
23,US,Seasons 16-30,4,Christine,1
23,US,Seasons 16-30,4,Papa Bear,0
23,US,Seasons 16-30,4,Stacey,6
23,US,Seasons 16-30,4,Elyse,0
23,US,Seasons 16-30,4,Mikayla,2
23,US,Seasons 16-30,4,Keith,0
23,US,Seasons 16-30,4,Jim,2
23,US,Seasons 16-30,4,Dawn,4
23,US,Seasons 16-30,4,Whitney,0
23,US,Seasons 16-30,4,Cochran,3
23,US,Seasons 16-30,4,Edna,4
23,US,Seasons 16-30,4,Brandon,2
23,US,Seasons 16-30,4,Rick,0
23,US,Seasons 16-30,4,Albert,0
23,US,Seasons 16-30,4,Sophie,1
23,US,Seasons 16-30,5,Ozzy,2
23,US,Seasons 16-30,5,Coach,6
23,US,Seasons 16-30,5,Christine,0
23,US,Seasons 16-30,5,Stacey,1
23,US,Seasons 16-30,5,Elyse,2
23,US,Seasons 16-30,5,Mikayla,0
23,US,Seasons 16-30,5,Keith,1
23,US,Seasons 16-30,5,Jim,4
23,US,Seasons 16-30,5,Dawn,1
23,US,Seasons 16-30,5,Whitney,2
23,US,Seasons 16-30,5,Cochran,4
23,US,Seasons 16-30,5,Edna,0
23,US,Seasons 16-30,5,Brandon,2
23,US,Seasons 16-30,5,Rick,0
23,US,Seasons 16-30,5,Albert,3
23,US,Seasons 16-30,5,Sophie,0
23,US,Seasons 16-30,6,Ozzy,5
23,US,Seasons 16-30,6,Coach,7
23,US,Seasons 16-30,6,Christine,0
23,US,Seasons 16-30,6,Elyse,0
23,US,Seasons 16-30,6,Mikayla,2
23,US,Seasons 16-30,6,Keith,1
23,US,Seasons 16-30,6,Jim,2
23,US,Seasons 16-30,6,Dawn,1
23,US,Seasons 16-30,6,Whitney,0
23,US,Seasons 16-30,6,Cochran,2
23,US,Seasons 16-30,6,Edna,2
23,US,Seasons 16-30,6,Brandon,2
23,US,Seasons 16-30,6,Rick,3
23,US,Seasons 16-30,6,Albert,3
23,US,Seasons 16-30,6,Sophie,2
23,US,Seasons 16-30,7,Ozzy,5
23,US,Seasons 16-30,7,Coach,5
23,US,Seasons 16-30,7,Christine,0
23,US,Seasons 16-30,7,Mikayla,0
23,US,Seasons 16-30,7,Keith,1
23,US,Seasons 16-30,7,Jim,1
23,US,Seasons 16-30,7,Dawn,0
23,US,Seasons 16-30,7,Whitney,0
23,US,Seasons 16-30,7,Cochran,9
23,US,Seasons 16-30,7,Edna,2
23,US,Seasons 16-30,7,Brandon,1
23,US,Seasons 16-30,7,Rick,0
23,US,Seasons 16-30,7,Albert,0
23,US,Seasons 16-30,7,Sophie,1
23,US,Seasons 16-30,8,Ozzy,3
23,US,Seasons 16-30,8,Coach,1
23,US,Seasons 16-30,8,Christine,0
23,US,Seasons 16-30,8,Keith,1
23,US,Seasons 16-30,8,Jim,3
23,US,Seasons 16-30,8,Dawn,5
23,US,Seasons 16-30,8,Whitney,0
23,US,Seasons 16-30,8,Cochran,8
23,US,Seasons 16-30,8,Edna,0
23,US,Seasons 16-30,8,Brandon,0
23,US,Seasons 16-30,8,Rick,0
23,US,Seasons 16-30,8,Albert,0
23,US,Seasons 16-30,8,Sophie,1
23,US,Seasons 16-30,9,Ozzy,6
23,US,Seasons 16-30,9,Coach,3
23,US,Seasons 16-30,9,Keith,0
23,US,Seasons 16-30,9,Jim,4
23,US,Seasons 16-30,9,Dawn,2
23,US,Seasons 16-30,9,Whitney,0
23,US,Seasons 16-30,9,Cochran,1
23,US,Seasons 16-30,9,Edna,0
23,US,Seasons 16-30,9,Brandon,0
23,US,Seasons 16-30,9,Rick,0
23,US,Seasons 16-30,9,Albert,2
23,US,Seasons 16-30,9,Sophie,1
23,US,Seasons 16-30,10,Ozzy,1
23,US,Seasons 16-30,10,Coach,2
23,US,Seasons 16-30,10,Keith,0
23,US,Seasons 16-30,10,Jim,1
23,US,Seasons 16-30,10,Dawn,3
23,US,Seasons 16-30,10,Whitney,2
23,US,Seasons 16-30,10,Cochran,8
23,US,Seasons 16-30,10,Edna,0
23,US,Seasons 16-30,10,Brandon,0
23,US,Seasons 16-30,10,Rick,0
23,US,Seasons 16-30,10,Albert,1
23,US,Seasons 16-30,10,Sophie,2
23,US,Seasons 16-30,12,Ozzy,2
23,US,Seasons 16-30,12,Coach,7
23,US,Seasons 16-30,12,Dawn,0
23,US,Seasons 16-30,12,Whitney,0
23,US,Seasons 16-30,12,Cochran,10
23,US,Seasons 16-30,12,Edna,4
23,US,Seasons 16-30,12,Brandon,0
23,US,Seasons 16-30,12,Rick,1
23,US,Seasons 16-30,12,Albert,2
23,US,Seasons 16-30,12,Sophie,2
23,US,Seasons 16-30,13,Ozzy,1
23,US,Seasons 16-30,13,Coach,7
23,US,Seasons 16-30,13,Cochran,2
23,US,Seasons 16-30,13,Edna,4
23,US,Seasons 16-30,13,Brandon,2
23,US,Seasons 16-30,13,Rick,1
23,US,Seasons 16-30,13,Albert,1
23,US,Seasons 16-30,13,Sophie,2
23,US,Seasons 16-30,14,Ozzy,0
23,US,Seasons 16-30,14,Coach,8
23,US,Seasons 16-30,14,Edna,0
23,US,Seasons 16-30,14,Brandon,5
23,US,Seasons 16-30,14,Rick,0
23,US,Seasons 16-30,14,Albert,7
23,US,Seasons 16-30,14,Sophie,3
23,US,Seasons 16-30,15,Ozzy,7
23,US,Seasons 16-30,15,Coach,10
23,US,Seasons 16-30,15,Brandon,1
23,US,Seasons 16-30,15,Rick,1
23,US,Seasons 16-30,15,Albert,6
23,US,Seasons 16-30,15,Sophie,6
24,US,Seasons 16-30,1,Kourtney,2
24,US,Seasons 16-30,1,Nina,1
24,US,Seasons 16-30,1,Matt,4
24,US,Seasons 16-30,1,Bill,0
24,US,Seasons 16-30,1,Monica,1
24,US,Seasons 16-30,1,Colton,6
24,US,Seasons 16-30,1,Jonas,3
24,US,Seasons 16-30,1,Michael,3
24,US,Seasons 16-30,1,Jay,3
24,US,Seasons 16-30,1,Leif,1
24,US,Seasons 16-30,1,Troyzan,3
24,US,Seasons 16-30,1,Kat,0
24,US,Seasons 16-30,1,Tarzan,1
24,US,Seasons 16-30,1,Alicia,6
24,US,Seasons 16-30,1,Christina,1
24,US,Seasons 16-30,1,Chelsea,3
24,US,Seasons 16-30,1,Sabrina,9
24,US,Seasons 16-30,1,Kim,2
24,US,Seasons 16-30,2,Nina,5
24,US,Seasons 16-30,2,Matt,0
24,US,Seasons 16-30,2,Bill,1
24,US,Seasons 16-30,2,Monica,2
24,US,Seasons 16-30,2,Colton,4
24,US,Seasons 16-30,2,Jonas,1
24,US,Seasons 16-30,2,Michael,3
24,US,Seasons 16-30,2,Jay,1
24,US,Seasons 16-30,2,Leif,0
24,US,Seasons 16-30,2,Troyzan,1
24,US,Seasons 16-30,2,Kat,1
24,US,Seasons 16-30,2,Tarzan,0
24,US,Seasons 16-30,2,Alicia,2
24,US,Seasons 16-30,2,Christina,1
24,US,Seasons 16-30,2,Chelsea,1
24,US,Seasons 16-30,2,Sabrina,7
24,US,Seasons 16-30,2,Kim,0
24,US,Seasons 16-30,3,Matt,4
24,US,Seasons 16-30,3,Bill,1
24,US,Seasons 16-30,3,Monica,0
24,US,Seasons 16-30,3,Colton,3
24,US,Seasons 16-30,3,Jonas,1
24,US,Seasons 16-30,3,Michael,0
24,US,Seasons 16-30,3,Jay,1
24,US,Seasons 16-30,3,Leif,0
24,US,Seasons 16-30,3,Troyzan,3
24,US,Seasons 16-30,3,Kat,1
24,US,Seasons 16-30,3,Tarzan,0
24,US,Seasons 16-30,3,Alicia,0
24,US,Seasons 16-30,3,Christina,0
24,US,Seasons 16-30,3,Chelsea,7
24,US,Seasons 16-30,3,Sabrina,1
24,US,Seasons 16-30,3,Kim,2
24,US,Seasons 16-30,4,Bill,5
24,US,Seasons 16-30,4,Monica,1
24,US,Seasons 16-30,4,Colton,3
24,US,Seasons 16-30,4,Jonas,1
24,US,Seasons 16-30,4,Michael,2
24,US,Seasons 16-30,4,Jay,1
24,US,Seasons 16-30,4,Leif,1
24,US,Seasons 16-30,4,Troyzan,1
24,US,Seasons 16-30,4,Kat,1
24,US,Seasons 16-30,4,Tarzan,2
24,US,Seasons 16-30,4,Alicia,1
24,US,Seasons 16-30,4,Christina,1
24,US,Seasons 16-30,4,Chelsea,1
24,US,Seasons 16-30,4,Sabrina,3
24,US,Seasons 16-30,4,Kim,2
24,US,Seasons 16-30,5,Monica,2
24,US,Seasons 16-30,5,Colton,7
24,US,Seasons 16-30,5,Jonas,3
24,US,Seasons 16-30,5,Michael,0
24,US,Seasons 16-30,5,Jay,1
24,US,Seasons 16-30,5,Leif,0
24,US,Seasons 16-30,5,Troyzan,1
24,US,Seasons 16-30,5,Kat,0
24,US,Seasons 16-30,5,Tarzan,0
24,US,Seasons 16-30,5,Alicia,5
24,US,Seasons 16-30,5,Christina,1
24,US,Seasons 16-30,5,Chelsea,0
24,US,Seasons 16-30,5,Sabrina,2
24,US,Seasons 16-30,5,Kim,4
24,US,Seasons 16-30,6,Colton,6
24,US,Seasons 16-30,6,Jonas,4
24,US,Seasons 16-30,6,Michael,0
24,US,Seasons 16-30,6,Jay,1
24,US,Seasons 16-30,6,Leif,1
24,US,Seasons 16-30,6,Troyzan,2
24,US,Seasons 16-30,6,Kat,2
24,US,Seasons 16-30,6,Tarzan,1
24,US,Seasons 16-30,6,Alicia,6
24,US,Seasons 16-30,6,Christina,4
24,US,Seasons 16-30,6,Chelsea,0
24,US,Seasons 16-30,6,Sabrina,2
24,US,Seasons 16-30,6,Kim,2
24,US,Seasons 16-30,7,Jonas,4
24,US,Seasons 16-30,7,Michael,2
24,US,Seasons 16-30,7,Jay,1
24,US,Seasons 16-30,7,Leif,0
24,US,Seasons 16-30,7,Troyzan,5
24,US,Seasons 16-30,7,Kat,0
24,US,Seasons 16-30,7,Tarzan,3
24,US,Seasons 16-30,7,Alicia,1
24,US,Seasons 16-30,7,Christina,0
24,US,Seasons 16-30,7,Chelsea,4
24,US,Seasons 16-30,7,Sabrina,1
24,US,Seasons 16-30,7,Kim,1
24,US,Seasons 16-30,8,Michael,2
24,US,Seasons 16-30,8,Jay,4
24,US,Seasons 16-30,8,Leif,1
24,US,Seasons 16-30,8,Troyzan,3
24,US,Seasons 16-30,8,Kat,0
24,US,Seasons 16-30,8,Tarzan,1
24,US,Seasons 16-30,8,Alicia,0
24,US,Seasons 16-30,8,Christina,1
24,US,Seasons 16-30,8,Chelsea,3
24,US,Seasons 16-30,8,Sabrina,1
24,US,Seasons 16-30,8,Kim,6
24,US,Seasons 16-30,9,Jay,6
24,US,Seasons 16-30,9,Leif,0
24,US,Seasons 16-30,9,Troyzan,7
24,US,Seasons 16-30,9,Kat,2
24,US,Seasons 16-30,9,Tarzan,2
24,US,Seasons 16-30,9,Alicia,2
24,US,Seasons 16-30,9,Christina,0
24,US,Seasons 16-30,9,Chelsea,3
24,US,Seasons 16-30,9,Sabrina,3
24,US,Seasons 16-30,9,Kim,5
24,US,Seasons 16-30,10,Leif,0
24,US,Seasons 16-30,10,Troyzan,14
24,US,Seasons 16-30,10,Kat,0
24,US,Seasons 16-30,10,Tarzan,0
24,US,Seasons 16-30,10,Alicia,2
24,US,Seasons 16-30,10,Christina,0
24,US,Seasons 16-30,10,Chelsea,2
24,US,Seasons 16-30,10,Sabrina,0
24,US,Seasons 16-30,10,Kim,1
24,US,Seasons 16-30,11,Troyzan,9
24,US,Seasons 16-30,11,Kat,4
24,US,Seasons 16-30,11,Tarzan,1
24,US,Seasons 16-30,11,Alicia,1
24,US,Seasons 16-30,11,Christina,1
24,US,Seasons 16-30,11,Chelsea,1
24,US,Seasons 16-30,11,Sabrina,4
24,US,Seasons 16-30,11,Kim,6
24,US,Seasons 16-30,12,Kat,4
24,US,Seasons 16-30,12,Tarzan,1
24,US,Seasons 16-30,12,Alicia,4
24,US,Seasons 16-30,12,Christina,1
24,US,Seasons 16-30,12,Chelsea,4
24,US,Seasons 16-30,12,Sabrina,3
24,US,Seasons 16-30,12,Kim,7
24,US,Seasons 16-30,13,Tarzan,6
24,US,Seasons 16-30,13,Alicia,8
24,US,Seasons 16-30,13,Christina,0
24,US,Seasons 16-30,13,Chelsea,6
24,US,Seasons 16-30,13,Sabrina,3
24,US,Seasons 16-30,13,Kim,7
24,US,Seasons 16-30,14,Alicia,3
24,US,Seasons 16-30,14,Christina,5
24,US,Seasons 16-30,14,Chelsea,3
24,US,Seasons 16-30,14,Sabrina,3
24,US,Seasons 16-30,14,Kim,8
25,US,Seasons 16-30,1,Michael,8
25,US,Seasons 16-30,1,Jonathan,3
25,US,Seasons 16-30,1,Russell,7
25,US,Seasons 16-30,1,Zane,9
25,US,Seasons 16-30,1,Roxy,1
25,US,Seasons 16-30,1,Angie,3
25,US,Seasons 16-30,1,Dana,2
25,US,Seasons 16-30,1,Dawson,2
25,US,Seasons 16-30,1,Katie,1
25,US,Seasons 16-30,1,RC,6
25,US,Seasons 16-30,1,Jeff,4
25,US,Seasons 16-30,1,Artis,0
25,US,Seasons 16-30,1,Pete,2
25,US,Seasons 16-30,1,Carter,0
25,US,Seasons 16-30,1,Abi-Maria,1
25,US,Seasons 16-30,1,Malcolm,5
25,US,Seasons 16-30,1,Lisa,4
25,US,Seasons 16-30,1,Denise,3
25,US,Seasons 16-30,2,Michael,0
25,US,Seasons 16-30,2,Jonathan,5
25,US,Seasons 16-30,2,Russell,4
25,US,Seasons 16-30,2,Roxy,6
25,US,Seasons 16-30,2,Angie,1
25,US,Seasons 16-30,2,Dana,0
25,US,Seasons 16-30,2,Dawson,0
25,US,Seasons 16-30,2,Katie,0
25,US,Seasons 16-30,2,RC,4
25,US,Seasons 16-30,2,Jeff,2
25,US,Seasons 16-30,2,Artis,0
25,US,Seasons 16-30,2,Pete,0
25,US,Seasons 16-30,2,Carter,0
25,US,Seasons 16-30,2,Abi-Maria,2
25,US,Seasons 16-30,2,Malcolm,4
25,US,Seasons 16-30,2,Lisa,3
25,US,Seasons 16-30,2,Denise,3
25,US,Seasons 16-30,3,Michael,0
25,US,Seasons 16-30,3,Jonathan,1
25,US,Seasons 16-30,3,Russell,5
25,US,Seasons 16-30,3,Angie,5
25,US,Seasons 16-30,3,Dana,1
25,US,Seasons 16-30,3,Dawson,0
25,US,Seasons 16-30,3,Katie,0
25,US,Seasons 16-30,3,RC,2
25,US,Seasons 16-30,3,Jeff,5
25,US,Seasons 16-30,3,Artis,1
25,US,Seasons 16-30,3,Pete,3
25,US,Seasons 16-30,3,Carter,0
25,US,Seasons 16-30,3,Abi-Maria,3
25,US,Seasons 16-30,3,Malcolm,4
25,US,Seasons 16-30,3,Lisa,2
25,US,Seasons 16-30,3,Denise,2
25,US,Seasons 16-30,4,Michael,0
25,US,Seasons 16-30,4,Jonathan,2
25,US,Seasons 16-30,4,Russell,5
25,US,Seasons 16-30,4,Dana,1
25,US,Seasons 16-30,4,Dawson,1
25,US,Seasons 16-30,4,Katie,0
25,US,Seasons 16-30,4,RC,3
25,US,Seasons 16-30,4,Jeff,2
25,US,Seasons 16-30,4,Artis,0
25,US,Seasons 16-30,4,Pete,3
25,US,Seasons 16-30,4,Carter,1
25,US,Seasons 16-30,4,Abi-Maria,2
25,US,Seasons 16-30,4,Malcolm,7
25,US,Seasons 16-30,4,Lisa,2
25,US,Seasons 16-30,4,Denise,4
25,US,Seasons 16-30,5,Michael,0
25,US,Seasons 16-30,5,Jonathan,7
25,US,Seasons 16-30,5,Dana,2
25,US,Seasons 16-30,5,Dawson,3
25,US,Seasons 16-30,5,Katie,3
25,US,Seasons 16-30,5,RC,1
25,US,Seasons 16-30,5,Jeff,2
25,US,Seasons 16-30,5,Artis,0
25,US,Seasons 16-30,5,Pete,1
25,US,Seasons 16-30,5,Carter,0
25,US,Seasons 16-30,5,Abi-Maria,0
25,US,Seasons 16-30,5,Malcolm,6
25,US,Seasons 16-30,5,Lisa,2
25,US,Seasons 16-30,5,Denise,4
25,US,Seasons 16-30,6,Michael,0
25,US,Seasons 16-30,6,Jonathan,5
25,US,Seasons 16-30,6,Katie,7
25,US,Seasons 16-30,6,RC,2
25,US,Seasons 16-30,6,Jeff,5
25,US,Seasons 16-30,6,Artis,3
25,US,Seasons 16-30,6,Pete,1
25,US,Seasons 16-30,6,Carter,4
25,US,Seasons 16-30,6,Abi-Maria,1
25,US,Seasons 16-30,6,Malcolm,0
25,US,Seasons 16-30,6,Lisa,1
25,US,Seasons 16-30,6,Denise,2
25,US,Seasons 16-30,7,Michael,4
25,US,Seasons 16-30,7,Jonathan,5
25,US,Seasons 16-30,7,RC,3
25,US,Seasons 16-30,7,Jeff,4
25,US,Seasons 16-30,7,Artis,1
25,US,Seasons 16-30,7,Pete,1
25,US,Seasons 16-30,7,Carter,0
25,US,Seasons 16-30,7,Abi-Maria,0
25,US,Seasons 16-30,7,Malcolm,4
25,US,Seasons 16-30,7,Lisa,5
25,US,Seasons 16-30,7,Denise,2
25,US,Seasons 16-30,8,Michael,2
25,US,Seasons 16-30,8,Jonathan,5
25,US,Seasons 16-30,8,Jeff,4
25,US,Seasons 16-30,8,Artis,1
25,US,Seasons 16-30,8,Pete,6
25,US,Seasons 16-30,8,Carter,0
25,US,Seasons 16-30,8,Abi-Maria,0
25,US,Seasons 16-30,8,Malcolm,5
25,US,Seasons 16-30,8,Lisa,4
25,US,Seasons 16-30,8,Denise,1
25,US,Seasons 16-30,9,Michael,2
25,US,Seasons 16-30,9,Jonathan,10
25,US,Seasons 16-30,9,Artis,2
25,US,Seasons 16-30,9,Pete,1
25,US,Seasons 16-30,9,Carter,1
25,US,Seasons 16-30,9,Abi-Maria,2
25,US,Seasons 16-30,9,Malcolm,1
25,US,Seasons 16-30,9,Lisa,8
25,US,Seasons 16-30,9,Denise,1
25,US,Seasons 16-30,10,Michael,7
25,US,Seasons 16-30,10,Jonathan,2
25,US,Seasons 16-30,10,Pete,3
25,US,Seasons 16-30,10,Carter,0
25,US,Seasons 16-30,10,Abi-Maria,3
25,US,Seasons 16-30,10,Malcolm,6
25,US,Seasons 16-30,10,Lisa,3
25,US,Seasons 16-30,10,Denise,2
25,US,Seasons 16-30,11,Michael,1
25,US,Seasons 16-30,11,Jonathan,4
25,US,Seasons 16-30,11,Carter,0
25,US,Seasons 16-30,11,Abi-Maria,7
25,US,Seasons 16-30,11,Malcolm,4
25,US,Seasons 16-30,11,Lisa,5
25,US,Seasons 16-30,11,Denise,2
25,US,Seasons 16-30,12,Michael,1
25,US,Seasons 16-30,12,Carter,2
25,US,Seasons 16-30,12,Abi-Maria,3
25,US,Seasons 16-30,12,Malcolm,6
25,US,Seasons 16-30,12,Lisa,7
25,US,Seasons 16-30,12,Denise,1
25,US,Seasons 16-30,13,Michael,5
25,US,Seasons 16-30,13,Abi-Maria,6
25,US,Seasons 16-30,13,Malcolm,9
25,US,Seasons 16-30,13,Lisa,6
25,US,Seasons 16-30,13,Denise,5
25,US,Seasons 16-30,14,Michael,10
25,US,Seasons 16-30,14,Malcolm,5
25,US,Seasons 16-30,14,Lisa,6
25,US,Seasons 16-30,14,Denise,5
26,US,Seasons 16-30,1,Erik,2
26,US,Seasons 16-30,1,Corinne,0
26,US,Seasons 16-30,1,Brenda,1
26,US,Seasons 16-30,1,Francesca,9
26,US,Seasons 16-30,1,Andrea,2
26,US,Seasons 16-30,1,Phillip,5
26,US,Seasons 16-30,1,Dawn,2
26,US,Seasons 16-30,1,Cochran,6
26,US,Seasons 16-30,1,Brandon,2
26,US,Seasons 16-30,1,Malcolm,1
26,US,Seasons 16-30,1,Allie,1
26,US,Seasons 16-30,1,Hope,0
26,US,Seasons 16-30,1,Shamar,4
26,US,Seasons 16-30,1,Laura,2
26,US,Seasons 16-30,1,Matt,5
26,US,Seasons 16-30,1,Julia,1
26,US,Seasons 16-30,1,Michael,3
26,US,Seasons 16-30,1,Reynold,4
26,US,Seasons 16-30,1,Eddie,3
26,US,Seasons 16-30,1,Sherri,1
26,US,Seasons 16-30,2,Erik,0
26,US,Seasons 16-30,2,Corinne,0
26,US,Seasons 16-30,2,Brenda,0
26,US,Seasons 16-30,2,Andrea,0
26,US,Seasons 16-30,2,Phillip,3
26,US,Seasons 16-30,2,Dawn,3
26,US,Seasons 16-30,2,Cochran,1
26,US,Seasons 16-30,2,Brandon,4
26,US,Seasons 16-30,2,Malcolm,2
26,US,Seasons 16-30,2,Allie,2
26,US,Seasons 16-30,2,Hope,0
26,US,Seasons 16-30,2,Shamar,2
26,US,Seasons 16-30,2,Laura,2
26,US,Seasons 16-30,2,Matt,1
26,US,Seasons 16-30,2,Julia,0
26,US,Seasons 16-30,2,Michael,0
26,US,Seasons 16-30,2,Reynold,3
26,US,Seasons 16-30,2,Eddie,0
26,US,Seasons 16-30,2,Sherri,3
26,US,Seasons 16-30,3,Erik,0
26,US,Seasons 16-30,3,Corinne,1
26,US,Seasons 16-30,3,Brenda,0
26,US,Seasons 16-30,3,Andrea,3
26,US,Seasons 16-30,3,Phillip,1
26,US,Seasons 16-30,3,Dawn,0
26,US,Seasons 16-30,3,Cochran,1
26,US,Seasons 16-30,3,Brandon,1
26,US,Seasons 16-30,3,Malcolm,1
26,US,Seasons 16-30,3,Hope,1
26,US,Seasons 16-30,3,Shamar,4
26,US,Seasons 16-30,3,Laura,6
26,US,Seasons 16-30,3,Matt,1
26,US,Seasons 16-30,3,Julia,1
26,US,Seasons 16-30,3,Michael,1
26,US,Seasons 16-30,3,Reynold,4
26,US,Seasons 16-30,3,Eddie,1
26,US,Seasons 16-30,3,Sherri,3
26,US,Seasons 16-30,4,Erik,0
26,US,Seasons 16-30,4,Corinne,0
26,US,Seasons 16-30,4,Brenda,0
26,US,Seasons 16-30,4,Andrea,2
26,US,Seasons 16-30,4,Phillip,2
26,US,Seasons 16-30,4,Dawn,0
26,US,Seasons 16-30,4,Cochran,3
26,US,Seasons 16-30,4,Brandon,1
26,US,Seasons 16-30,4,Malcolm,2
26,US,Seasons 16-30,4,Shamar,2
26,US,Seasons 16-30,4,Laura,2
26,US,Seasons 16-30,4,Matt,0
26,US,Seasons 16-30,4,Julia,0
26,US,Seasons 16-30,4,Michael,5
26,US,Seasons 16-30,4,Reynold,7
26,US,Seasons 16-30,4,Eddie,4
26,US,Seasons 16-30,4,Sherri,1
26,US,Seasons 16-30,5,Erik,0
26,US,Seasons 16-30,5,Corinne,2
26,US,Seasons 16-30,5,Brenda,0
26,US,Seasons 16-30,5,Andrea,1
26,US,Seasons 16-30,5,Phillip,3
26,US,Seasons 16-30,5,Dawn,1
26,US,Seasons 16-30,5,Cochran,0
26,US,Seasons 16-30,5,Brandon,6
26,US,Seasons 16-30,5,Malcolm,2
26,US,Seasons 16-30,5,Matt,4
26,US,Seasons 16-30,5,Julia,0
26,US,Seasons 16-30,5,Michael,3
26,US,Seasons 16-30,5,Reynold,2
26,US,Seasons 16-30,5,Eddie,3
26,US,Seasons 16-30,5,Sherri,3
26,US,Seasons 16-30,6,Erik,1
26,US,Seasons 16-30,6,Corinne,7
26,US,Seasons 16-30,6,Brenda,0
26,US,Seasons 16-30,6,Andrea,1
26,US,Seasons 16-30,6,Phillip,5
26,US,Seasons 16-30,6,Dawn,0
26,US,Seasons 16-30,6,Cochran,3
26,US,Seasons 16-30,6,Malcolm,1
26,US,Seasons 16-30,6,Matt,2
26,US,Seasons 16-30,6,Julia,1
26,US,Seasons 16-30,6,Michael,0
26,US,Seasons 16-30,6,Reynold,2
26,US,Seasons 16-30,6,Eddie,1
26,US,Seasons 16-30,6,Sherri,0
26,US,Seasons 16-30,7,Erik,0
26,US,Seasons 16-30,7,Corinne,5
26,US,Seasons 16-30,7,Brenda,0
26,US,Seasons 16-30,7,Andrea,1
26,US,Seasons 16-30,7,Phillip,9
26,US,Seasons 16-30,7,Dawn,2
26,US,Seasons 16-30,7,Cochran,7
26,US,Seasons 16-30,7,Malcolm,3
26,US,Seasons 16-30,7,Julia,1
26,US,Seasons 16-30,7,Michael,1
26,US,Seasons 16-30,7,Reynold,2
26,US,Seasons 16-30,7,Eddie,0
26,US,Seasons 16-30,7,Sherri,0
26,US,Seasons 16-30,8,Erik,2
26,US,Seasons 16-30,8,Corinne,7
26,US,Seasons 16-30,8,Brenda,0
26,US,Seasons 16-30,8,Andrea,4
26,US,Seasons 16-30,8,Phillip,1
26,US,Seasons 16-30,8,Dawn,3
26,US,Seasons 16-30,8,Cochran,7
26,US,Seasons 16-30,8,Malcolm,4
26,US,Seasons 16-30,8,Michael,1
26,US,Seasons 16-30,8,Reynold,4
26,US,Seasons 16-30,8,Eddie,0
26,US,Seasons 16-30,8,Sherri,1
26,US,Seasons 16-30,9,Erik,0
26,US,Seasons 16-30,9,Brenda,0
26,US,Seasons 16-30,9,Andrea,4
26,US,Seasons 16-30,9,Phillip,2
26,US,Seasons 16-30,9,Dawn,3
26,US,Seasons 16-30,9,Cochran,4
26,US,Seasons 16-30,9,Malcolm,6
26,US,Seasons 16-30,9,Michael,0
26,US,Seasons 16-30,9,Reynold,5
26,US,Seasons 16-30,9,Eddie,1
26,US,Seasons 16-30,9,Sherri,1
26,US,Seasons 16-30,10,Erik,1
26,US,Seasons 16-30,10,Brenda,1
26,US,Seasons 16-30,10,Andrea,1
26,US,Seasons 16-30,10,Phillip,2
26,US,Seasons 16-30,10,Dawn,6
26,US,Seasons 16-30,10,Cochran,5
26,US,Seasons 16-30,10,Malcolm,4
26,US,Seasons 16-30,10,Reynold,2
26,US,Seasons 16-30,10,Eddie,1
26,US,Seasons 16-30,10,Sherri,0
26,US,Seasons 16-30,11,Erik,3
26,US,Seasons 16-30,11,Brenda,3
26,US,Seasons 16-30,11,Andrea,2
26,US,Seasons 16-30,11,Dawn,1
26,US,Seasons 16-30,11,Cochran,4
26,US,Seasons 16-30,11,Malcolm,9
26,US,Seasons 16-30,11,Reynold,2
26,US,Seasons 16-30,11,Eddie,1
26,US,Seasons 16-30,11,Sherri,3
26,US,Seasons 16-30,12,Erik,3
26,US,Seasons 16-30,12,Brenda,3
26,US,Seasons 16-30,12,Andrea,4
26,US,Seasons 16-30,12,Dawn,1
26,US,Seasons 16-30,12,Cochran,9
26,US,Seasons 16-30,12,Reynold,3
26,US,Seasons 16-30,12,Eddie,2
26,US,Seasons 16-30,12,Sherri,0
26,US,Seasons 16-30,13,Erik,3
26,US,Seasons 16-30,13,Brenda,5
26,US,Seasons 16-30,13,Dawn,3
26,US,Seasons 16-30,13,Cochran,7
26,US,Seasons 16-30,13,Eddie,2
26,US,Seasons 16-30,13,Sherri,1
26,US,Seasons 16-30,14,Erik,0
26,US,Seasons 16-30,14,Dawn,10
26,US,Seasons 16-30,14,Cochran,10
26,US,Seasons 16-30,14,Eddie,6
26,US,Seasons 16-30,14,Sherri,4
27,US,Seasons 16-30,1,Gervase,4
27,US,Seasons 16-30,1,Tina,2
27,US,Seasons 16-30,1,Rupert,6
27,US,Seasons 16-30,1,Aras,2
27,US,Seasons 16-30,1,Candice,3
27,US,Seasons 16-30,1,Tyson,1
27,US,Seasons 16-30,1,Laura M.,4
27,US,Seasons 16-30,1,Monica,5
27,US,Seasons 16-30,1,Colton,5
27,US,Seasons 16-30,1,Kat,2
27,US,Seasons 16-30,1,Laura B.,3
27,US,Seasons 16-30,1,Marissa,4
27,US,Seasons 16-30,1,Rachel,2
27,US,Seasons 16-30,1,John,4
27,US,Seasons 16-30,1,Brad,11
27,US,Seasons 16-30,1,Vytas,8
27,US,Seasons 16-30,1,Caleb,4
27,US,Seasons 16-30,1,Katie,3
27,US,Seasons 16-30,1,Hayden,2
27,US,Seasons 16-30,1,Ciera,2
27,US,Seasons 16-30,2,Gervase,0
27,US,Seasons 16-30,2,Tina,1
27,US,Seasons 16-30,2,Rupert,1
27,US,Seasons 16-30,2,Aras,2
27,US,Seasons 16-30,2,Candice,0
27,US,Seasons 16-30,2,Tyson,1
27,US,Seasons 16-30,2,Laura M.,0
27,US,Seasons 16-30,2,Monica,2
27,US,Seasons 16-30,2,Colton,8
27,US,Seasons 16-30,2,Kat,1
27,US,Seasons 16-30,2,Laura B.,1
27,US,Seasons 16-30,2,Marissa,1
27,US,Seasons 16-30,2,Rachel,3
27,US,Seasons 16-30,2,John,7
27,US,Seasons 16-30,2,Brad,2
27,US,Seasons 16-30,2,Vytas,2
27,US,Seasons 16-30,2,Caleb,0
27,US,Seasons 16-30,2,Katie,1
27,US,Seasons 16-30,2,Hayden,1
27,US,Seasons 16-30,2,Ciera,2
27,US,Seasons 16-30,3,Gervase,0
27,US,Seasons 16-30,3,Tina,0
27,US,Seasons 16-30,3,Aras,2
27,US,Seasons 16-30,3,Candice,0
27,US,Seasons 16-30,3,Tyson,3
27,US,Seasons 16-30,3,Laura M.,0
27,US,Seasons 16-30,3,Monica,0
27,US,Seasons 16-30,3,Colton,2
27,US,Seasons 16-30,3,Kat,0
27,US,Seasons 16-30,3,Laura B.,0
27,US,Seasons 16-30,3,Marissa,0
27,US,Seasons 16-30,3,Rachel,0
27,US,Seasons 16-30,3,John,5
27,US,Seasons 16-30,3,Brad,3
27,US,Seasons 16-30,3,Vytas,3
27,US,Seasons 16-30,3,Caleb,0
27,US,Seasons 16-30,3,Katie,0
27,US,Seasons 16-30,3,Hayden,2
27,US,Seasons 16-30,3,Ciera,1
27,US,Seasons 16-30,4,Gervase,2
27,US,Seasons 16-30,4,Tina,0
27,US,Seasons 16-30,4,Aras,1
27,US,Seasons 16-30,4,Candice,3
27,US,Seasons 16-30,4,Tyson,4
27,US,Seasons 16-30,4,Laura M.,1
27,US,Seasons 16-30,4,Monica,2
27,US,Seasons 16-30,4,Kat,0
27,US,Seasons 16-30,4,Laura B.,0
27,US,Seasons 16-30,4,Marissa,0
27,US,Seasons 16-30,4,John,2
27,US,Seasons 16-30,4,Brad,3
27,US,Seasons 16-30,4,Vytas,0
27,US,Seasons 16-30,4,Caleb,5
27,US,Seasons 16-30,4,Katie,0
27,US,Seasons 16-30,4,Hayden,1
27,US,Seasons 16-30,4,Ciera,2
27,US,Seasons 16-30,5,Gervase,0
27,US,Seasons 16-30,5,Tina,3
27,US,Seasons 16-30,5,Aras,4
27,US,Seasons 16-30,5,Candice,2
27,US,Seasons 16-30,5,Tyson,1
27,US,Seasons 16-30,5,Laura M.,3
27,US,Seasons 16-30,5,Monica,2
27,US,Seasons 16-30,5,Kat,1
27,US,Seasons 16-30,5,Laura B.,3
27,US,Seasons 16-30,5,John,1
27,US,Seasons 16-30,5,Brad,1
27,US,Seasons 16-30,5,Vytas,3
27,US,Seasons 16-30,5,Caleb,2
27,US,Seasons 16-30,5,Katie,1
27,US,Seasons 16-30,5,Hayden,1
27,US,Seasons 16-30,5,Ciera,4
27,US,Seasons 16-30,6,Gervase,3
27,US,Seasons 16-30,6,Tina,3
27,US,Seasons 16-30,6,Aras,3
27,US,Seasons 16-30,6,Tyson,5
27,US,Seasons 16-30,6,Laura M.,0
27,US,Seasons 16-30,6,Monica,4
27,US,Seasons 16-30,6,Kat,3
27,US,Seasons 16-30,6,Laura B.,3
27,US,Seasons 16-30,6,John,0
27,US,Seasons 16-30,6,Brad,0
27,US,Seasons 16-30,6,Vytas,5
27,US,Seasons 16-30,6,Caleb,1
27,US,Seasons 16-30,6,Katie,0
27,US,Seasons 16-30,6,Hayden,1
27,US,Seasons 16-30,6,Ciera,0
27,US,Seasons 16-30,7,Gervase,0
27,US,Seasons 16-30,7,Tina,2
27,US,Seasons 16-30,7,Aras,1
27,US,Seasons 16-30,7,Tyson,2
27,US,Seasons 16-30,7,Laura M.,0
27,US,Seasons 16-30,7,Monica,1
27,US,Seasons 16-30,7,Kat,3
27,US,Seasons 16-30,7,Laura B.,5
27,US,Seasons 16-30,7,John,0
27,US,Seasons 16-30,7,Vytas,4
27,US,Seasons 16-30,7,Caleb,0
27,US,Seasons 16-30,7,Katie,2
27,US,Seasons 16-30,7,Hayden,3
27,US,Seasons 16-30,7,Ciera,1
27,US,Seasons 16-30,8,Gervase,1
27,US,Seasons 16-30,8,Tina,0
27,US,Seasons 16-30,8,Aras,4
27,US,Seasons 16-30,8,Tyson,3
27,US,Seasons 16-30,8,Laura M.,3
27,US,Seasons 16-30,8,Monica,2
27,US,Seasons 16-30,8,Laura B.,2
27,US,Seasons 16-30,8,John,1
27,US,Seasons 16-30,8,Vytas,5
27,US,Seasons 16-30,8,Caleb,0
27,US,Seasons 16-30,8,Katie,0
27,US,Seasons 16-30,8,Hayden,1
27,US,Seasons 16-30,8,Ciera,5
27,US,Seasons 16-30,9,Gervase,2
27,US,Seasons 16-30,9,Tina,3
27,US,Seasons 16-30,9,Aras,1
27,US,Seasons 16-30,9,Tyson,6
27,US,Seasons 16-30,9,Laura M.,2
27,US,Seasons 16-30,9,Monica,3
27,US,Seasons 16-30,9,Vytas,5
27,US,Seasons 16-30,9,Caleb,1
27,US,Seasons 16-30,9,Katie,3
27,US,Seasons 16-30,9,Hayden,1
27,US,Seasons 16-30,9,Ciera,0
27,US,Seasons 16-30,10,Gervase,0
27,US,Seasons 16-30,10,Tina,0
27,US,Seasons 16-30,10,Aras,0
27,US,Seasons 16-30,10,Tyson,4
27,US,Seasons 16-30,10,Laura M.,5
27,US,Seasons 16-30,10,Monica,0
27,US,Seasons 16-30,10,Vytas,0
27,US,Seasons 16-30,10,Caleb,1
27,US,Seasons 16-30,10,Katie,6
27,US,Seasons 16-30,10,Hayden,2
27,US,Seasons 16-30,10,Ciera,11
27,US,Seasons 16-30,11,Gervase,3
27,US,Seasons 16-30,11,Tina,1
27,US,Seasons 16-30,11,Tyson,5
27,US,Seasons 16-30,11,Laura M.,1
27,US,Seasons 16-30,11,Monica,0
27,US,Seasons 16-30,11,Vytas,0
27,US,Seasons 16-30,11,Caleb,2
27,US,Seasons 16-30,11,Katie,3
27,US,Seasons 16-30,11,Hayden,5
27,US,Seasons 16-30,11,Ciera,3
27,US,Seasons 16-30,12,Gervase,4
27,US,Seasons 16-30,12,Tina,0
27,US,Seasons 16-30,12,Tyson,3
27,US,Seasons 16-30,12,Laura M.,0
27,US,Seasons 16-30,12,Monica,0
27,US,Seasons 16-30,12,Caleb,0
27,US,Seasons 16-30,12,Katie,1
27,US,Seasons 16-30,12,Hayden,7
27,US,Seasons 16-30,12,Ciera,2
27,US,Seasons 16-30,13,Gervase,2
27,US,Seasons 16-30,13,Tina,3
27,US,Seasons 16-30,13,Tyson,2
27,US,Seasons 16-30,13,Laura M.,0
27,US,Seasons 16-30,13,Monica,4
27,US,Seasons 16-30,13,Katie,1
27,US,Seasons 16-30,13,Hayden,5
27,US,Seasons 16-30,13,Ciera,5
27,US,Seasons 16-30,14,Gervase,4
27,US,Seasons 16-30,14,Tina,7
27,US,Seasons 16-30,14,Tyson,8
27,US,Seasons 16-30,14,Laura M.,1
27,US,Seasons 16-30,14,Monica,9
27,US,Seasons 16-30,14,Hayden,3
27,US,Seasons 16-30,14,Ciera,8
28,US,Seasons 16-30,1,David,4
28,US,Seasons 16-30,1,Garrett,11
28,US,Seasons 16-30,1,Brice,4
28,US,Seasons 16-30,1,J'Tia,4
28,US,Seasons 16-30,1,Cliff,5
28,US,Seasons 16-30,1,Lindsey,4
28,US,Seasons 16-30,1,Alexis,3
28,US,Seasons 16-30,1,Sarah,6
28,US,Seasons 16-30,1,Morgan,8
28,US,Seasons 16-30,1,LJ,3
28,US,Seasons 16-30,1,Jeremiah,1
28,US,Seasons 16-30,1,Jefra,3
28,US,Seasons 16-30,1,Tasha,6
28,US,Seasons 16-30,1,Trish,4
28,US,Seasons 16-30,1,Spencer,6
28,US,Seasons 16-30,1,Kass,5
28,US,Seasons 16-30,1,Woo,1
28,US,Seasons 16-30,1,Tony,10
28,US,Seasons 16-30,2,Brice,2
28,US,Seasons 16-30,2,J'Tia,2
28,US,Seasons 16-30,2,Cliff,0
28,US,Seasons 16-30,2,Lindsey,0
28,US,Seasons 16-30,2,Alexis,2
28,US,Seasons 16-30,2,Sarah,4
28,US,Seasons 16-30,2,Morgan,1
28,US,Seasons 16-30,2,LJ,5
28,US,Seasons 16-30,2,Jeremiah,3
28,US,Seasons 16-30,2,Jefra,3
28,US,Seasons 16-30,2,Tasha,3
28,US,Seasons 16-30,2,Trish,1
28,US,Seasons 16-30,2,Spencer,2
28,US,Seasons 16-30,2,Kass,1
28,US,Seasons 16-30,2,Woo,1
28,US,Seasons 16-30,2,Tony,5
28,US,Seasons 16-30,3,J'Tia,3
28,US,Seasons 16-30,3,Cliff,1
28,US,Seasons 16-30,3,Lindsey,1
28,US,Seasons 16-30,3,Alexis,2
28,US,Seasons 16-30,3,Sarah,4
28,US,Seasons 16-30,3,Morgan,2
28,US,Seasons 16-30,3,LJ,3
28,US,Seasons 16-30,3,Jeremiah,3
28,US,Seasons 16-30,3,Jefra,0
28,US,Seasons 16-30,3,Tasha,1
28,US,Seasons 16-30,3,Trish,0
28,US,Seasons 16-30,3,Spencer,2
28,US,Seasons 16-30,3,Kass,3
28,US,Seasons 16-30,3,Woo,2
28,US,Seasons 16-30,3,Tony,1
28,US,Seasons 16-30,4,Cliff,3
28,US,Seasons 16-30,4,Lindsey,1
28,US,Seasons 16-30,4,Alexis,1
28,US,Seasons 16-30,4,Sarah,2
28,US,Seasons 16-30,4,Morgan,1
28,US,Seasons 16-30,4,LJ,5
28,US,Seasons 16-30,4,Jeremiah,0
28,US,Seasons 16-30,4,Jefra,2
28,US,Seasons 16-30,4,Tasha,2
28,US,Seasons 16-30,4,Trish,3
28,US,Seasons 16-30,4,Spencer,5
28,US,Seasons 16-30,4,Kass,1
28,US,Seasons 16-30,4,Woo,1
28,US,Seasons 16-30,4,Tony,3
28,US,Seasons 16-30,5,Alexis,4
28,US,Seasons 16-30,5,Sarah,1
28,US,Seasons 16-30,5,Morgan,0
28,US,Seasons 16-30,5,LJ,1
28,US,Seasons 16-30,5,Jeremiah,2
28,US,Seasons 16-30,5,Jefra,2
28,US,Seasons 16-30,5,Tasha,3
28,US,Seasons 16-30,5,Trish,2
28,US,Seasons 16-30,5,Spencer,4
28,US,Seasons 16-30,5,Kass,1
28,US,Seasons 16-30,5,Woo,1
28,US,Seasons 16-30,5,Tony,6
28,US,Seasons 16-30,6,Sarah,9
28,US,Seasons 16-30,6,Morgan,0
28,US,Seasons 16-30,6,LJ,1
28,US,Seasons 16-30,6,Jeremiah,1
28,US,Seasons 16-30,6,Jefra,1
28,US,Seasons 16-30,6,Tasha,1
28,US,Seasons 16-30,6,Trish,1
28,US,Seasons 16-30,6,Spencer,4
28,US,Seasons 16-30,6,Kass,9
28,US,Seasons 16-30,6,Woo,0
28,US,Seasons 16-30,6,Tony,7
28,US,Seasons 16-30,7,Morgan,3
28,US,Seasons 16-30,7,LJ,0
28,US,Seasons 16-30,7,Jeremiah,0
28,US,Seasons 16-30,7,Jefra,0
28,US,Seasons 16-30,7,Tasha,1
28,US,Seasons 16-30,7,Trish,0
28,US,Seasons 16-30,7,Spencer,9
28,US,Seasons 16-30,7,Kass,6
28,US,Seasons 16-30,7,Woo,6
28,US,Seasons 16-30,7,Tony,6
28,US,Seasons 16-30,8,LJ,5
28,US,Seasons 16-30,8,Jeremiah,1
28,US,Seasons 16-30,8,Jefra,1
28,US,Seasons 16-30,8,Tasha,3
28,US,Seasons 16-30,8,Trish,4
28,US,Seasons 16-30,8,Spencer,4
28,US,Seasons 16-30,8,Kass,1
28,US,Seasons 16-30,8,Woo,2
28,US,Seasons 16-30,8,Tony,10
28,US,Seasons 16-30,9,Jeremiah,1
28,US,Seasons 16-30,9,Jefra,3
28,US,Seasons 16-30,9,Tasha,2
28,US,Seasons 16-30,9,Trish,3
28,US,Seasons 16-30,9,Spencer,6
28,US,Seasons 16-30,9,Kass,1
28,US,Seasons 16-30,9,Woo,3
28,US,Seasons 16-30,9,Tony,9
28,US,Seasons 16-30,10,Jefra,1
28,US,Seasons 16-30,10,Tasha,3
28,US,Seasons 16-30,10,Trish,1
28,US,Seasons 16-30,10,Spencer,7
28,US,Seasons 16-30,10,Kass,3
28,US,Seasons 16-30,10,Woo,1
28,US,Seasons 16-30,10,Tony,13
28,US,Seasons 16-30,11,Tasha,3
28,US,Seasons 16-30,11,Trish,0
28,US,Seasons 16-30,11,Spencer,6
28,US,Seasons 16-30,11,Kass,12
28,US,Seasons 16-30,11,Woo,3
28,US,Seasons 16-30,11,Tony,6
28,US,Seasons 16-30,12,Trish,3
28,US,Seasons 16-30,12,Spencer,5
28,US,Seasons 16-30,12,Kass,8
28,US,Seasons 16-30,12,Woo,4
28,US,Seasons 16-30,12,Tony,8
28,US,Seasons 16-30,13,Spencer,7
28,US,Seasons 16-30,13,Kass,11
28,US,Seasons 16-30,13,Woo,11
28,US,Seasons 16-30,13,Tony,13
29,US,Seasons 16-30,1,Nadiya,4
29,US,Seasons 16-30,1,Val,4
29,US,Seasons 16-30,1,John,3
29,US,Seasons 16-30,1,Drew,3
29,US,Seasons 16-30,1,Kelley,1
29,US,Seasons 16-30,1,Dale,6
29,US,Seasons 16-30,1,Julie,2
29,US,Seasons 16-30,1,Josh,6
29,US,Seasons 16-30,1,Jeremy,5
29,US,Seasons 16-30,1,Wes,3
29,US,Seasons 16-30,1,Reed,2
29,US,Seasons 16-30,1,Alec,2
29,US,Seasons 16-30,1,Jon,2
29,US,Seasons 16-30,1,Baylor,4
29,US,Seasons 16-30,1,Keith,7
29,US,Seasons 16-30,1,Missy,3
29,US,Seasons 16-30,1,Jaclyn,1
29,US,Seasons 16-30,1,Natalie,2
29,US,Seasons 16-30,2,Val,3
29,US,Seasons 16-30,2,John,3
29,US,Seasons 16-30,2,Drew,0
29,US,Seasons 16-30,2,Kelley,1
29,US,Seasons 16-30,2,Dale,1
29,US,Seasons 16-30,2,Julie,0
29,US,Seasons 16-30,2,Josh,3
29,US,Seasons 16-30,2,Jeremy,3
29,US,Seasons 16-30,2,Wes,0
29,US,Seasons 16-30,2,Reed,0
29,US,Seasons 16-30,2,Alec,0
29,US,Seasons 16-30,2,Jon,2
29,US,Seasons 16-30,2,Baylor,1
29,US,Seasons 16-30,2,Keith,0
29,US,Seasons 16-30,2,Missy,1
29,US,Seasons 16-30,2,Jaclyn,0
29,US,Seasons 16-30,2,Natalie,1
29,US,Seasons 16-30,3,John,5
29,US,Seasons 16-30,3,Drew,1
29,US,Seasons 16-30,3,Kelley,0
29,US,Seasons 16-30,3,Dale,0
29,US,Seasons 16-30,3,Julie,2
29,US,Seasons 16-30,3,Josh,8
29,US,Seasons 16-30,3,Jeremy,3
29,US,Seasons 16-30,3,Wes,1
29,US,Seasons 16-30,3,Reed,0
29,US,Seasons 16-30,3,Alec,2
29,US,Seasons 16-30,3,Jon,0
29,US,Seasons 16-30,3,Baylor,4
29,US,Seasons 16-30,3,Keith,5
29,US,Seasons 16-30,3,Missy,1
29,US,Seasons 16-30,3,Jaclyn,0
29,US,Seasons 16-30,3,Natalie,2
29,US,Seasons 16-30,4,Drew,9
29,US,Seasons 16-30,4,Kelley,2
29,US,Seasons 16-30,4,Dale,1
29,US,Seasons 16-30,4,Julie,1
29,US,Seasons 16-30,4,Josh,0
29,US,Seasons 16-30,4,Jeremy,6
29,US,Seasons 16-30,4,Wes,0
29,US,Seasons 16-30,4,Reed,0
29,US,Seasons 16-30,4,Alec,4
29,US,Seasons 16-30,4,Jon,2
29,US,Seasons 16-30,4,Baylor,2
29,US,Seasons 16-30,4,Keith,3
29,US,Seasons 16-30,4,Missy,0
29,US,Seasons 16-30,4,Jaclyn,1
29,US,Seasons 16-30,4,Natalie,2
29,US,Seasons 16-30,5,Kelley,2
29,US,Seasons 16-30,5,Dale,2
29,US,Seasons 16-30,5,Julie,1
29,US,Seasons 16-30,5,Josh,3
29,US,Seasons 16-30,5,Jeremy,5
29,US,Seasons 16-30,5,Wes,1
29,US,Seasons 16-30,5,Reed,2
29,US,Seasons 16-30,5,Alec,2
29,US,Seasons 16-30,5,Jon,5
29,US,Seasons 16-30,5,Baylor,3
29,US,Seasons 16-30,5,Keith,2
29,US,Seasons 16-30,5,Missy,1
29,US,Seasons 16-30,5,Jaclyn,3
29,US,Seasons 16-30,5,Natalie,0
29,US,Seasons 16-30,6,Dale,3
29,US,Seasons 16-30,6,Julie,2
29,US,Seasons 16-30,6,Josh,1
29,US,Seasons 16-30,6,Jeremy,5
29,US,Seasons 16-30,6,Wes,0
29,US,Seasons 16-30,6,Reed,1
29,US,Seasons 16-30,6,Alec,1
29,US,Seasons 16-30,6,Jon,3
29,US,Seasons 16-30,6,Baylor,0
29,US,Seasons 16-30,6,Keith,2
29,US,Seasons 16-30,6,Missy,3
29,US,Seasons 16-30,6,Jaclyn,0
29,US,Seasons 16-30,6,Natalie,3
29,US,Seasons 16-30,7,Julie,6
29,US,Seasons 16-30,7,Josh,11
29,US,Seasons 16-30,7,Jeremy,10
29,US,Seasons 16-30,7,Wes,2
29,US,Seasons 16-30,7,Reed,1
29,US,Seasons 16-30,7,Alec,0
29,US,Seasons 16-30,7,Jon,5
29,US,Seasons 16-30,7,Baylor,1
29,US,Seasons 16-30,7,Keith,6
29,US,Seasons 16-30,7,Missy,4
29,US,Seasons 16-30,7,Jaclyn,2
29,US,Seasons 16-30,7,Natalie,0
29,US,Seasons 16-30,8,Josh,4
29,US,Seasons 16-30,8,Jeremy,3
29,US,Seasons 16-30,8,Wes,1
29,US,Seasons 16-30,8,Reed,1
29,US,Seasons 16-30,8,Alec,1
29,US,Seasons 16-30,8,Jon,7
29,US,Seasons 16-30,8,Baylor,3
29,US,Seasons 16-30,8,Keith,1
29,US,Seasons 16-30,8,Missy,3
29,US,Seasons 16-30,8,Jaclyn,3
29,US,Seasons 16-30,8,Natalie,1
29,US,Seasons 16-30,9,Jeremy,6
29,US,Seasons 16-30,9,Wes,1
29,US,Seasons 16-30,9,Reed,3
29,US,Seasons 16-30,9,Alec,0
29,US,Seasons 16-30,9,Jon,5
29,US,Seasons 16-30,9,Baylor,2
29,US,Seasons 16-30,9,Keith,4
29,US,Seasons 16-30,9,Missy,2
29,US,Seasons 16-30,9,Jaclyn,0
29,US,Seasons 16-30,9,Natalie,1
29,US,Seasons 16-30,10,Wes,0
29,US,Seasons 16-30,10,Reed,7
29,US,Seasons 16-30,10,Alec,1
29,US,Seasons 16-30,10,Jon,2
29,US,Seasons 16-30,10,Baylor,1
29,US,Seasons 16-30,10,Keith,2
29,US,Seasons 16-30,10,Missy,1
29,US,Seasons 16-30,10,Jaclyn,1
29,US,Seasons 16-30,10,Natalie,6
29,US,Seasons 16-30,11,Reed,5
29,US,Seasons 16-30,11,Alec,2
29,US,Seasons 16-30,11,Jon,9
29,US,Seasons 16-30,11,Baylor,2
29,US,Seasons 16-30,11,Keith,1
29,US,Seasons 16-30,11,Missy,3
29,US,Seasons 16-30,11,Jaclyn,8
29,US,Seasons 16-30,11,Natalie,5
29,US,Seasons 16-30,12,Alec,2
29,US,Seasons 16-30,12,Jon,8
29,US,Seasons 16-30,12,Baylor,5
29,US,Seasons 16-30,12,Keith,2
29,US,Seasons 16-30,12,Missy,1
29,US,Seasons 16-30,12,Jaclyn,3
29,US,Seasons 16-30,12,Natalie,10
29,US,Seasons 16-30,13,Jon,6
29,US,Seasons 16-30,13,Baylor,6
29,US,Seasons 16-30,13,Keith,4
29,US,Seasons 16-30,13,Missy,3
29,US,Seasons 16-30,13,Jaclyn,2
29,US,Seasons 16-30,13,Natalie,4
29,US,Seasons 16-30,14,Baylor,2
29,US,Seasons 16-30,14,Keith,8
29,US,Seasons 16-30,14,Missy,5
29,US,Seasons 16-30,14,Jaclyn,7
29,US,Seasons 16-30,14,Natalie,9
30,US,Seasons 16-30,1,So,7
30,US,Seasons 16-30,1,Vince,6
30,US,Seasons 16-30,1,Nina,1
30,US,Seasons 16-30,1,Lindsey,2
30,US,Seasons 16-30,1,Max,3
30,US,Seasons 16-30,1,Joaquin,3
30,US,Seasons 16-30,1,Kelly,1
30,US,Seasons 16-30,1,Hali,2
30,US,Seasons 16-30,1,Joe,5
30,US,Seasons 16-30,1,Jenn,10
30,US,Seasons 16-30,1,Shirin,3
30,US,Seasons 16-30,1,Tyler,3
30,US,Seasons 16-30,1,Dan,6
30,US,Seasons 16-30,1,Sierra,2
30,US,Seasons 16-30,1,Rodney,4
30,US,Seasons 16-30,1,Will,3
30,US,Seasons 16-30,1,Carolyn,13
30,US,Seasons 16-30,1,Mike,4
30,US,Seasons 16-30,2,Vince,6
30,US,Seasons 16-30,2,Nina,2
30,US,Seasons 16-30,2,Lindsey,1
30,US,Seasons 16-30,2,Max,2
30,US,Seasons 16-30,2,Joaquin,1
30,US,Seasons 16-30,2,Kelly,0
30,US,Seasons 16-30,2,Hali,2
30,US,Seasons 16-30,2,Joe,3
30,US,Seasons 16-30,2,Jenn,2
30,US,Seasons 16-30,2,Shirin,1
30,US,Seasons 16-30,2,Tyler,1
30,US,Seasons 16-30,2,Dan,0
30,US,Seasons 16-30,2,Sierra,0
30,US,Seasons 16-30,2,Rodney,2
30,US,Seasons 16-30,2,Will,4
30,US,Seasons 16-30,2,Carolyn,0
30,US,Seasons 16-30,2,Mike,2
30,US,Seasons 16-30,3,Nina,3
30,US,Seasons 16-30,3,Lindsey,3
30,US,Seasons 16-30,3,Max,0
30,US,Seasons 16-30,3,Joaquin,2
30,US,Seasons 16-30,3,Kelly,1
30,US,Seasons 16-30,3,Hali,2
30,US,Seasons 16-30,3,Joe,4
30,US,Seasons 16-30,3,Jenn,4
30,US,Seasons 16-30,3,Shirin,2
30,US,Seasons 16-30,3,Tyler,2
30,US,Seasons 16-30,3,Dan,1
30,US,Seasons 16-30,3,Sierra,0
30,US,Seasons 16-30,3,Rodney,4
30,US,Seasons 16-30,3,Will,3
30,US,Seasons 16-30,3,Carolyn,2
30,US,Seasons 16-30,3,Mike,2
30,US,Seasons 16-30,4,Lindsey,1
30,US,Seasons 16-30,4,Max,0
30,US,Seasons 16-30,4,Joaquin,1
30,US,Seasons 16-30,4,Kelly,3
30,US,Seasons 16-30,4,Hali,1
30,US,Seasons 16-30,4,Joe,0
30,US,Seasons 16-30,4,Jenn,4
30,US,Seasons 16-30,4,Shirin,1
30,US,Seasons 16-30,4,Tyler,0
30,US,Seasons 16-30,4,Dan,2
30,US,Seasons 16-30,4,Sierra,1
30,US,Seasons 16-30,4,Rodney,4
30,US,Seasons 16-30,4,Will,2
30,US,Seasons 16-30,4,Carolyn,2
30,US,Seasons 16-30,4,Mike,3
30,US,Seasons 16-30,5,Max,5
30,US,Seasons 16-30,5,Joaquin,1
30,US,Seasons 16-30,5,Kelly,3
30,US,Seasons 16-30,5,Hali,3
30,US,Seasons 16-30,5,Joe,0
30,US,Seasons 16-30,5,Jenn,4
30,US,Seasons 16-30,5,Shirin,3
30,US,Seasons 16-30,5,Tyler,1
30,US,Seasons 16-30,5,Dan,1
30,US,Seasons 16-30,5,Sierra,4
30,US,Seasons 16-30,5,Rodney,1
30,US,Seasons 16-30,5,Will,1
30,US,Seasons 16-30,5,Carolyn,3
30,US,Seasons 16-30,5,Mike,5
30,US,Seasons 16-30,6,Joaquin,2
30,US,Seasons 16-30,6,Kelly,1
30,US,Seasons 16-30,6,Hali,1
30,US,Seasons 16-30,6,Joe,2
30,US,Seasons 16-30,6,Jenn,2
30,US,Seasons 16-30,6,Shirin,5
30,US,Seasons 16-30,6,Tyler,0
30,US,Seasons 16-30,6,Dan,1
30,US,Seasons 16-30,6,Sierra,4
30,US,Seasons 16-30,6,Rodney,7
30,US,Seasons 16-30,6,Will,0
30,US,Seasons 16-30,6,Carolyn,1
30,US,Seasons 16-30,6,Mike,2
30,US,Seasons 16-30,7,Kelly,3
30,US,Seasons 16-30,7,Hali,2
30,US,Seasons 16-30,7,Joe,1
30,US,Seasons 16-30,7,Jenn,3
30,US,Seasons 16-30,7,Shirin,2
30,US,Seasons 16-30,7,Tyler,5
30,US,Seasons 16-30,7,Dan,3
30,US,Seasons 16-30,7,Sierra,0
30,US,Seasons 16-30,7,Rodney,7
30,US,Seasons 16-30,7,Will,1
30,US,Seasons 16-30,7,Carolyn,4
30,US,Seasons 16-30,7,Mike,7
30,US,Seasons 16-30,8,Hali,1
30,US,Seasons 16-30,8,Joe,4
30,US,Seasons 16-30,8,Jenn,1
30,US,Seasons 16-30,8,Shirin,3
30,US,Seasons 16-30,8,Tyler,4
30,US,Seasons 16-30,8,Dan,2
30,US,Seasons 16-30,8,Sierra,1
30,US,Seasons 16-30,8,Rodney,6
30,US,Seasons 16-30,8,Will,0
30,US,Seasons 16-30,8,Carolyn,1
30,US,Seasons 16-30,8,Mike,8
30,US,Seasons 16-30,9,Joe,7
30,US,Seasons 16-30,9,Jenn,4
30,US,Seasons 16-30,9,Shirin,6
30,US,Seasons 16-30,9,Tyler,0
30,US,Seasons 16-30,9,Dan,0
30,US,Seasons 16-30,9,Sierra,1
30,US,Seasons 16-30,9,Rodney,2
30,US,Seasons 16-30,9,Will,0
30,US,Seasons 16-30,9,Carolyn,0
30,US,Seasons 16-30,9,Mike,5
30,US,Seasons 16-30,10,Jenn,2
30,US,Seasons 16-30,10,Shirin,3
30,US,Seasons 16-30,10,Tyler,1
30,US,Seasons 16-30,10,Dan,5
30,US,Seasons 16-30,10,Sierra,1
30,US,Seasons 16-30,10,Rodney,3
30,US,Seasons 16-30,10,Will,5
30,US,Seasons 16-30,10,Carolyn,1
30,US,Seasons 16-30,10,Mike,8
30,US,Seasons 16-30,11,Shirin,4
30,US,Seasons 16-30,11,Tyler,4
30,US,Seasons 16-30,11,Dan,6
30,US,Seasons 16-30,11,Sierra,2
30,US,Seasons 16-30,11,Rodney,2
30,US,Seasons 16-30,11,Will,0
30,US,Seasons 16-30,11,Carolyn,3
30,US,Seasons 16-30,11,Mike,3
30,US,Seasons 16-30,12,Tyler,6
30,US,Seasons 16-30,12,Dan,5
30,US,Seasons 16-30,12,Sierra,1
30,US,Seasons 16-30,12,Rodney,5
30,US,Seasons 16-30,12,Will,1
30,US,Seasons 16-30,12,Carolyn,7
30,US,Seasons 16-30,12,Mike,5
30,US,Seasons 16-30,13,Dan,5
30,US,Seasons 16-30,13,Sierra,2
30,US,Seasons 16-30,13,Rodney,3
30,US,Seasons 16-30,13,Will,2
30,US,Seasons 16-30,13,Carolyn,6
30,US,Seasons 16-30,13,Mike,8
30,US,Seasons 16-30,14,Sierra,2
30,US,Seasons 16-30,14,Rodney,2
30,US,Seasons 16-30,14,Will,2
30,US,Seasons 16-30,14,Carolyn,7
30,US,Seasons 16-30,14,Mike,11
31,US,Seasons 31+,1,Kelly,3
31,US,Seasons 31+,1,Kimmi,2
31,US,Seasons 31+,1,Jeff,5
31,US,Seasons 31+,1,Andrew,2
31,US,Seasons 31+,1,Terry,1
31,US,Seasons 31+,1,Peih-Gee,2
31,US,Seasons 31+,1,Stephen,3
31,US,Seasons 31+,1,Monica,1
31,US,Seasons 31+,1,Abi-Maria,6
31,US,Seasons 31+,1,Vytas,3
31,US,Seasons 31+,1,Ciera,2
31,US,Seasons 31+,1,Tasha,2
31,US,Seasons 31+,1,Spencer,3
31,US,Seasons 31+,1,Kass,2
31,US,Seasons 31+,1,Woo,2
31,US,Seasons 31+,1,Kelley,7
31,US,Seasons 31+,1,Jeremy,2
31,US,Seasons 31+,1,Keith,2
31,US,Seasons 31+,1,Joe,2
31,US,Seasons 31+,1,Shirin,4
31,US,Seasons 31+,2,Kelly,1
31,US,Seasons 31+,2,Kimmi,0
31,US,Seasons 31+,2,Jeff,5
31,US,Seasons 31+,2,Andrew,2
31,US,Seasons 31+,2,Terry,3
31,US,Seasons 31+,2,Peih-Gee,2
31,US,Seasons 31+,2,Stephen,1
31,US,Seasons 31+,2,Monica,0
31,US,Seasons 31+,2,Abi-Maria,5
31,US,Seasons 31+,2,Ciera,0
31,US,Seasons 31+,2,Tasha,0
31,US,Seasons 31+,2,Spencer,5
31,US,Seasons 31+,2,Kass,1
31,US,Seasons 31+,2,Woo,1
31,US,Seasons 31+,2,Kelley,3
31,US,Seasons 31+,2,Jeremy,1
31,US,Seasons 31+,2,Keith,0
31,US,Seasons 31+,2,Joe,1
31,US,Seasons 31+,2,Shirin,5
31,US,Seasons 31+,3,Kelly,0
31,US,Seasons 31+,3,Kimmi,0
31,US,Seasons 31+,3,Jeff,3
31,US,Seasons 31+,3,Andrew,3
31,US,Seasons 31+,3,Terry,2
31,US,Seasons 31+,3,Peih-Gee,3
31,US,Seasons 31+,3,Stephen,3
31,US,Seasons 31+,3,Monica,1
31,US,Seasons 31+,3,Abi-Maria,2
31,US,Seasons 31+,3,Ciera,1
31,US,Seasons 31+,3,Tasha,4
31,US,Seasons 31+,3,Spencer,4
31,US,Seasons 31+,3,Kass,0
31,US,Seasons 31+,3,Woo,0
31,US,Seasons 31+,3,Kelley,1
31,US,Seasons 31+,3,Jeremy,4
31,US,Seasons 31+,3,Keith,0
31,US,Seasons 31+,3,Joe,1
31,US,Seasons 31+,4,Kelly,0
31,US,Seasons 31+,4,Kimmi,0
31,US,Seasons 31+,4,Jeff,3
31,US,Seasons 31+,4,Andrew,5
31,US,Seasons 31+,4,Terry,0
31,US,Seasons 31+,4,Stephen,0
31,US,Seasons 31+,4,Monica,1
31,US,Seasons 31+,4,Abi-Maria,3
31,US,Seasons 31+,4,Ciera,0
31,US,Seasons 31+,4,Tasha,5
31,US,Seasons 31+,4,Spencer,1
31,US,Seasons 31+,4,Kass,2
31,US,Seasons 31+,4,Woo,2
31,US,Seasons 31+,4,Kelley,1
31,US,Seasons 31+,4,Jeremy,2
31,US,Seasons 31+,4,Keith,0
31,US,Seasons 31+,4,Joe,0
31,US,Seasons 31+,5,Kelly,0
31,US,Seasons 31+,5,Kimmi,2
31,US,Seasons 31+,5,Andrew,0
31,US,Seasons 31+,5,Terry,1
31,US,Seasons 31+,5,Stephen,1
31,US,Seasons 31+,5,Monica,3
31,US,Seasons 31+,5,Abi-Maria,2
31,US,Seasons 31+,5,Ciera,0
31,US,Seasons 31+,5,Tasha,2
31,US,Seasons 31+,5,Spencer,3
31,US,Seasons 31+,5,Kass,0
31,US,Seasons 31+,5,Woo,3
31,US,Seasons 31+,5,Kelley,1
31,US,Seasons 31+,5,Jeremy,2
31,US,Seasons 31+,5,Keith,1
31,US,Seasons 31+,5,Joe,1
31,US,Seasons 31+,6,Kelly,0
31,US,Seasons 31+,6,Kimmi,0
31,US,Seasons 31+,6,Andrew,4
31,US,Seasons 31+,6,Stephen,4
31,US,Seasons 31+,6,Abi-Maria,0
31,US,Seasons 31+,6,Ciera,2
31,US,Seasons 31+,6,Tasha,0
31,US,Seasons 31+,6,Spencer,6
31,US,Seasons 31+,6,Kass,6
31,US,Seasons 31+,6,Woo,3
31,US,Seasons 31+,6,Kelley,1
31,US,Seasons 31+,6,Jeremy,1
31,US,Seasons 31+,6,Keith,0
31,US,Seasons 31+,6,Joe,1
31,US,Seasons 31+,7,Kelly,0
31,US,Seasons 31+,7,Kimmi,0
31,US,Seasons 31+,7,Andrew,11
31,US,Seasons 31+,7,Stephen,1
31,US,Seasons 31+,7,Abi-Maria,0
31,US,Seasons 31+,7,Ciera,3
31,US,Seasons 31+,7,Tasha,3
31,US,Seasons 31+,7,Spencer,5
31,US,Seasons 31+,7,Kass,7
31,US,Seasons 31+,7,Kelley,3
31,US,Seasons 31+,7,Jeremy,1
31,US,Seasons 31+,7,Keith,1
31,US,Seasons 31+,7,Joe,5
31,US,Seasons 31+,8,Kelly,0
31,US,Seasons 31+,8,Kimmi,1
31,US,Seasons 31+,8,Andrew,4
31,US,Seasons 31+,8,Stephen,6
31,US,Seasons 31+,8,Abi-Maria,0
31,US,Seasons 31+,8,Ciera,4
31,US,Seasons 31+,8,Tasha,0
31,US,Seasons 31+,8,Spencer,1
31,US,Seasons 31+,8,Kelley,3
31,US,Seasons 31+,8,Jeremy,2
31,US,Seasons 31+,8,Keith,1
31,US,Seasons 31+,8,Joe,6
31,US,Seasons 31+,9,Kelly,1
31,US,Seasons 31+,9,Kimmi,1
31,US,Seasons 31+,9,Stephen,10
31,US,Seasons 31+,9,Abi-Maria,1
31,US,Seasons 31+,9,Ciera,2
31,US,Seasons 31+,9,Tasha,1
31,US,Seasons 31+,9,Spencer,1
31,US,Seasons 31+,9,Kelley,3
31,US,Seasons 31+,9,Jeremy,9
31,US,Seasons 31+,9,Keith,0
31,US,Seasons 31+,9,Joe,2
31,US,Seasons 31+,10,Kimmi,2
31,US,Seasons 31+,10,Stephen,5
31,US,Seasons 31+,10,Abi-Maria,1
31,US,Seasons 31+,10,Ciera,5
31,US,Seasons 31+,10,Tasha,2
31,US,Seasons 31+,10,Spencer,6
31,US,Seasons 31+,10,Kelley,1
31,US,Seasons 31+,10,Jeremy,3
31,US,Seasons 31+,10,Keith,2
31,US,Seasons 31+,10,Joe,4
31,US,Seasons 31+,11,Kimmi,0
31,US,Seasons 31+,11,Stephen,8
31,US,Seasons 31+,11,Abi-Maria,3
31,US,Seasons 31+,11,Tasha,0
31,US,Seasons 31+,11,Spencer,4
31,US,Seasons 31+,11,Kelley,7
31,US,Seasons 31+,11,Jeremy,1
31,US,Seasons 31+,11,Keith,0
31,US,Seasons 31+,11,Joe,3
31,US,Seasons 31+,12,Kimmi,2
31,US,Seasons 31+,12,Abi-Maria,1
31,US,Seasons 31+,12,Tasha,3
31,US,Seasons 31+,12,Spencer,5
31,US,Seasons 31+,12,Kelley,3
31,US,Seasons 31+,12,Jeremy,4
31,US,Seasons 31+,12,Keith,1
31,US,Seasons 31+,12,Joe,4
31,US,Seasons 31+,13,Kimmi,0
31,US,Seasons 31+,13,Abi-Maria,4
31,US,Seasons 31+,13,Tasha,7
31,US,Seasons 31+,13,Spencer,6
31,US,Seasons 31+,13,Kelley,4
31,US,Seasons 31+,13,Jeremy,3
31,US,Seasons 31+,13,Keith,3
31,US,Seasons 31+,14,Kimmi,3
31,US,Seasons 31+,14,Tasha,3
31,US,Seasons 31+,14,Spencer,6
31,US,Seasons 31+,14,Kelley,6
31,US,Seasons 31+,14,Jeremy,9
31,US,Seasons 31+,14,Keith,6
32,US,Seasons 31+,1,Darnell,4
32,US,Seasons 31+,1,Jennifer,3
32,US,Seasons 31+,1,Liz,4
32,US,Seasons 31+,1,Caleb,3
32,US,Seasons 31+,1,Alecia,4
32,US,Seasons 31+,1,Anna,6
32,US,Seasons 31+,1,Peter,3
32,US,Seasons 31+,1,Neal,5
32,US,Seasons 31+,1,Nick,3
32,US,Seasons 31+,1,Debbie,4
32,US,Seasons 31+,1,Scot,5
32,US,Seasons 31+,1,Julia,1
32,US,Seasons 31+,1,Jason,5
32,US,Seasons 31+,1,Joe,2
32,US,Seasons 31+,1,Cydney,3
32,US,Seasons 31+,1,Tai,6
32,US,Seasons 31+,1,Aubry,3
32,US,Seasons 31+,1,Michele,2
32,US,Seasons 31+,2,Jennifer,5
32,US,Seasons 31+,2,Liz,4
32,US,Seasons 31+,2,Caleb,1
32,US,Seasons 31+,2,Alecia,6
32,US,Seasons 31+,2,Anna,0
32,US,Seasons 31+,2,Peter,2
32,US,Seasons 31+,2,Neal,1
32,US,Seasons 31+,2,Nick,0
32,US,Seasons 31+,2,Debbie,1
32,US,Seasons 31+,2,Scot,2
32,US,Seasons 31+,2,Julia,1
32,US,Seasons 31+,2,Jason,4
32,US,Seasons 31+,2,Joe,2
32,US,Seasons 31+,2,Cydney,1
32,US,Seasons 31+,2,Tai,7
32,US,Seasons 31+,2,Aubry,0
32,US,Seasons 31+,2,Michele,2
32,US,Seasons 31+,3,Liz,2
32,US,Seasons 31+,3,Caleb,2
32,US,Seasons 31+,3,Alecia,3
32,US,Seasons 31+,3,Anna,1
32,US,Seasons 31+,3,Peter,3
32,US,Seasons 31+,3,Neal,1
32,US,Seasons 31+,3,Nick,1
32,US,Seasons 31+,3,Debbie,5
32,US,Seasons 31+,3,Scot,3
32,US,Seasons 31+,3,Julia,0
32,US,Seasons 31+,3,Jason,6
32,US,Seasons 31+,3,Joe,0
32,US,Seasons 31+,3,Cydney,3
32,US,Seasons 31+,3,Tai,4
32,US,Seasons 31+,3,Aubry,1
32,US,Seasons 31+,3,Michele,0
32,US,Seasons 31+,4,Caleb,0
32,US,Seasons 31+,4,Alecia,2
32,US,Seasons 31+,4,Anna,0
32,US,Seasons 31+,4,Peter,1
32,US,Seasons 31+,4,Neal,0
32,US,Seasons 31+,4,Nick,0
32,US,Seasons 31+,4,Debbie,3
32,US,Seasons 31+,4,Scot,0
32,US,Seasons 31+,4,Julia,0
32,US,Seasons 31+,4,Jason,2
32,US,Seasons 31+,4,Joe,0
32,US,Seasons 31+,4,Cydney,2
32,US,Seasons 31+,4,Tai,1
32,US,Seasons 31+,4,Aubry,0
32,US,Seasons 31+,4,Michele,0
32,US,Seasons 31+,5,Anna,3
32,US,Seasons 31+,5,Peter,3
32,US,Seasons 31+,5,Neal,4
32,US,Seasons 31+,5,Nick,2
32,US,Seasons 31+,5,Debbie,3
32,US,Seasons 31+,5,Scot,5
32,US,Seasons 31+,5,Julia,1
32,US,Seasons 31+,5,Jason,1
32,US,Seasons 31+,5,Joe,0
32,US,Seasons 31+,5,Cydney,2
32,US,Seasons 31+,5,Tai,5
32,US,Seasons 31+,5,Aubry,1
32,US,Seasons 31+,5,Michele,3
32,US,Seasons 31+,6,Peter,5
32,US,Seasons 31+,6,Neal,0
32,US,Seasons 31+,6,Nick,6
32,US,Seasons 31+,6,Debbie,2
32,US,Seasons 31+,6,Scot,2
32,US,Seasons 31+,6,Julia,3
32,US,Seasons 31+,6,Jason,0
32,US,Seasons 31+,6,Joe,4
32,US,Seasons 31+,6,Cydney,0
32,US,Seasons 31+,6,Tai,2
32,US,Seasons 31+,6,Aubry,5
32,US,Seasons 31+,6,Michele,6
32,US,Seasons 31+,7,Neal,5
32,US,Seasons 31+,7,Nick,11
32,US,Seasons 31+,7,Debbie,4
32,US,Seasons 31+,7,Scot,5
32,US,Seasons 31+,7,Julia,0
32,US,Seasons 31+,7,Jason,5
32,US,Seasons 31+,7,Joe,1
32,US,Seasons 31+,7,Cydney,1
32,US,Seasons 31+,7,Tai,2
32,US,Seasons 31+,7,Aubry,8
32,US,Seasons 31+,7,Michele,3
32,US,Seasons 31+,8,Nick,4
32,US,Seasons 31+,8,Debbie,2
32,US,Seasons 31+,8,Scot,2
32,US,Seasons 31+,8,Julia,1
32,US,Seasons 31+,8,Jason,4
32,US,Seasons 31+,8,Joe,1
32,US,Seasons 31+,8,Cydney,5
32,US,Seasons 31+,8,Tai,1
32,US,Seasons 31+,8,Aubry,2
32,US,Seasons 31+,8,Michele,3
32,US,Seasons 31+,9,Debbie,2
32,US,Seasons 31+,9,Scot,6
32,US,Seasons 31+,9,Julia,3
32,US,Seasons 31+,9,Jason,2
32,US,Seasons 31+,9,Joe,2
32,US,Seasons 31+,9,Cydney,3
32,US,Seasons 31+,9,Tai,4
32,US,Seasons 31+,9,Aubry,10
32,US,Seasons 31+,9,Michele,2
32,US,Seasons 31+,10,Scot,6
32,US,Seasons 31+,10,Julia,3
32,US,Seasons 31+,10,Jason,3
32,US,Seasons 31+,10,Joe,0
32,US,Seasons 31+,10,Cydney,1
32,US,Seasons 31+,10,Tai,10
32,US,Seasons 31+,10,Aubry,5
32,US,Seasons 31+,10,Michele,2
32,US,Seasons 31+,11,Julia,3
32,US,Seasons 31+,11,Jason,7
32,US,Seasons 31+,11,Joe,0
32,US,Seasons 31+,11,Cydney,4
32,US,Seasons 31+,11,Tai,4
32,US,Seasons 31+,11,Aubry,5
32,US,Seasons 31+,11,Michele,6
32,US,Seasons 31+,12,Jason,5
32,US,Seasons 31+,12,Joe,4
32,US,Seasons 31+,12,Cydney,2
32,US,Seasons 31+,12,Tai,8
32,US,Seasons 31+,12,Aubry,4
32,US,Seasons 31+,12,Michele,4
32,US,Seasons 31+,13,Joe,5
32,US,Seasons 31+,13,Cydney,5
32,US,Seasons 31+,13,Tai,11
32,US,Seasons 31+,13,Aubry,10
32,US,Seasons 31+,13,Michele,12
32,US,Seasons 31+,14,Cydney,5
32,US,Seasons 31+,14,Tai,9
32,US,Seasons 31+,14,Aubry,16
32,US,Seasons 31+,14,Michele,12
33,US,Seasons 31+,1,Rachel,3
33,US,Seasons 31+,1,Mari,4
33,US,Seasons 31+,1,Paul,2
33,US,Seasons 31+,1,Lucy,0
33,US,Seasons 31+,1,CeCe,2
33,US,Seasons 31+,1,Figgy,2
33,US,Seasons 31+,1,Michaela,1
33,US,Seasons 31+,1,Michelle,1
33,US,Seasons 31+,1,Taylor,3
33,US,Seasons 31+,1,Chris,5
33,US,Seasons 31+,1,Jessica,5
33,US,Seasons 31+,1,Zeke,5
33,US,Seasons 31+,1,Will,2
33,US,Seasons 31+,1,Sunday,2
33,US,Seasons 31+,1,Jay,2
33,US,Seasons 31+,1,Bret,4
33,US,Seasons 31+,1,David,6
33,US,Seasons 31+,1,Hannah,3
33,US,Seasons 31+,1,Ken,1
33,US,Seasons 31+,1,Adam,5
33,US,Seasons 31+,2,Mari,2
33,US,Seasons 31+,2,Paul,2
33,US,Seasons 31+,2,Lucy,0
33,US,Seasons 31+,2,CeCe,0
33,US,Seasons 31+,2,Figgy,4
33,US,Seasons 31+,2,Michaela,4
33,US,Seasons 31+,2,Michelle,2
33,US,Seasons 31+,2,Taylor,2
33,US,Seasons 31+,2,Chris,1
33,US,Seasons 31+,2,Jessica,0
33,US,Seasons 31+,2,Zeke,2
33,US,Seasons 31+,2,Will,0
33,US,Seasons 31+,2,Sunday,1
33,US,Seasons 31+,2,Jay,3
33,US,Seasons 31+,2,Bret,0
33,US,Seasons 31+,2,David,5
33,US,Seasons 31+,2,Hannah,0
33,US,Seasons 31+,2,Ken,2
33,US,Seasons 31+,2,Adam,1
33,US,Seasons 31+,3,Paul,4
33,US,Seasons 31+,3,Lucy,0
33,US,Seasons 31+,3,CeCe,2
33,US,Seasons 31+,3,Figgy,2
33,US,Seasons 31+,3,Michaela,2
33,US,Seasons 31+,3,Michelle,0
33,US,Seasons 31+,3,Taylor,2
33,US,Seasons 31+,3,Chris,2
33,US,Seasons 31+,3,Jessica,3
33,US,Seasons 31+,3,Zeke,1
33,US,Seasons 31+,3,Will,1
33,US,Seasons 31+,3,Sunday,1
33,US,Seasons 31+,3,Jay,1
33,US,Seasons 31+,3,Bret,0
33,US,Seasons 31+,3,David,6
33,US,Seasons 31+,3,Hannah,2
33,US,Seasons 31+,3,Ken,2
33,US,Seasons 31+,3,Adam,2
33,US,Seasons 31+,4,Lucy,3
33,US,Seasons 31+,4,CeCe,0
33,US,Seasons 31+,4,Figgy,0
33,US,Seasons 31+,4,Michaela,1
33,US,Seasons 31+,4,Michelle,0
33,US,Seasons 31+,4,Taylor,0
33,US,Seasons 31+,4,Chris,3
33,US,Seasons 31+,4,Jessica,2
33,US,Seasons 31+,4,Zeke,1
33,US,Seasons 31+,4,Will,0
33,US,Seasons 31+,4,Sunday,0
33,US,Seasons 31+,4,Jay,1
33,US,Seasons 31+,4,Bret,1
33,US,Seasons 31+,4,David,4
33,US,Seasons 31+,4,Hannah,0
33,US,Seasons 31+,4,Ken,2
33,US,Seasons 31+,4,Adam,4
33,US,Seasons 31+,5,CeCe,2
33,US,Seasons 31+,5,Figgy,1
33,US,Seasons 31+,5,Michaela,3
33,US,Seasons 31+,5,Michelle,4
33,US,Seasons 31+,5,Taylor,3
33,US,Seasons 31+,5,Chris,3
33,US,Seasons 31+,5,Jessica,1
33,US,Seasons 31+,5,Zeke,4
33,US,Seasons 31+,5,Will,0
33,US,Seasons 31+,5,Sunday,0
33,US,Seasons 31+,5,Jay,2
33,US,Seasons 31+,5,Bret,2
33,US,Seasons 31+,5,David,6
33,US,Seasons 31+,5,Hannah,0
33,US,Seasons 31+,5,Ken,3
33,US,Seasons 31+,5,Adam,2
33,US,Seasons 31+,6,Figgy,3
33,US,Seasons 31+,6,Michaela,1
33,US,Seasons 31+,6,Michelle,0
33,US,Seasons 31+,6,Taylor,2
33,US,Seasons 31+,6,Chris,0
33,US,Seasons 31+,6,Jessica,1
33,US,Seasons 31+,6,Zeke,3
33,US,Seasons 31+,6,Will,0
33,US,Seasons 31+,6,Sunday,0
33,US,Seasons 31+,6,Jay,2
33,US,Seasons 31+,6,Bret,0
33,US,Seasons 31+,6,David,1
33,US,Seasons 31+,6,Hannah,1
33,US,Seasons 31+,6,Ken,2
33,US,Seasons 31+,6,Adam,2
33,US,Seasons 31+,7,Michaela,3
33,US,Seasons 31+,7,Michelle,1
33,US,Seasons 31+,7,Taylor,3
33,US,Seasons 31+,7,Chris,1
33,US,Seasons 31+,7,Jessica,2
33,US,Seasons 31+,7,Zeke,2
33,US,Seasons 31+,7,Will,1
33,US,Seasons 31+,7,Sunday,1
33,US,Seasons 31+,7,Jay,5
33,US,Seasons 31+,7,Bret,2
33,US,Seasons 31+,7,David,2
33,US,Seasons 31+,7,Hannah,3
33,US,Seasons 31+,7,Ken,0
33,US,Seasons 31+,7,Adam,1
33,US,Seasons 31+,8,Michelle,2
33,US,Seasons 31+,8,Taylor,4
33,US,Seasons 31+,8,Chris,2
33,US,Seasons 31+,8,Jessica,0
33,US,Seasons 31+,8,Zeke,5
33,US,Seasons 31+,8,Will,2
33,US,Seasons 31+,8,Sunday,0
33,US,Seasons 31+,8,Jay,3
33,US,Seasons 31+,8,Bret,3
33,US,Seasons 31+,8,David,3
33,US,Seasons 31+,8,Hannah,2
33,US,Seasons 31+,8,Ken,0
33,US,Seasons 31+,8,Adam,10
33,US,Seasons 31+,9,Taylor,4
33,US,Seasons 31+,9,Chris,2
33,US,Seasons 31+,9,Jessica,0
33,US,Seasons 31+,9,Zeke,1
33,US,Seasons 31+,9,Will,1
33,US,Seasons 31+,9,Sunday,3
33,US,Seasons 31+,9,Jay,10
33,US,Seasons 31+,9,Bret,1
33,US,Seasons 31+,9,David,2
33,US,Seasons 31+,9,Hannah,3
33,US,Seasons 31+,9,Ken,0
33,US,Seasons 31+,9,Adam,2
33,US,Seasons 31+,10,Chris,3
33,US,Seasons 31+,10,Jessica,5
33,US,Seasons 31+,10,Zeke,14
33,US,Seasons 31+,10,Will,2
33,US,Seasons 31+,10,Sunday,2
33,US,Seasons 31+,10,Jay,5
33,US,Seasons 31+,10,Bret,4
33,US,Seasons 31+,10,David,8
33,US,Seasons 31+,10,Hannah,5
33,US,Seasons 31+,10,Ken,1
33,US,Seasons 31+,10,Adam,4
33,US,Seasons 31+,11,Zeke,2
33,US,Seasons 31+,11,Will,7
33,US,Seasons 31+,11,Sunday,0
33,US,Seasons 31+,11,Jay,3
33,US,Seasons 31+,11,Bret,0
33,US,Seasons 31+,11,David,3
33,US,Seasons 31+,11,Hannah,2
33,US,Seasons 31+,11,Ken,4
33,US,Seasons 31+,11,Adam,5
33,US,Seasons 31+,12,Will,3
33,US,Seasons 31+,12,Sunday,0
33,US,Seasons 31+,12,Jay,5
33,US,Seasons 31+,12,Bret,2
33,US,Seasons 31+,12,David,2
33,US,Seasons 31+,12,Hannah,3
33,US,Seasons 31+,12,Ken,3
33,US,Seasons 31+,12,Adam,7
33,US,Seasons 31+,13,Jay,7
33,US,Seasons 31+,13,Bret,6
33,US,Seasons 31+,13,David,8
33,US,Seasons 31+,13,Hannah,5
33,US,Seasons 31+,13,Ken,7
33,US,Seasons 31+,13,Adam,8
34,US,Seasons 31+,1,Jeff,4
34,US,Seasons 31+,1,Sandra,9
34,US,Seasons 31+,1,Cirie,5
34,US,Seasons 31+,1,Ozzy,1
34,US,Seasons 31+,1,J.T.,1
34,US,Seasons 31+,1,Andrea,1
34,US,Seasons 31+,1,Troyzan,1
34,US,Seasons 31+,1,Malcolm,5
34,US,Seasons 31+,1,Brad,2
34,US,Seasons 31+,1,Ciera,3
34,US,Seasons 31+,1,Sarah,2
34,US,Seasons 31+,1,Tony,12
34,US,Seasons 31+,1,Hali,1
34,US,Seasons 31+,1,Sierra,2
34,US,Seasons 31+,1,Caleb,5
34,US,Seasons 31+,1,Debbie,4
34,US,Seasons 31+,1,Tai,2
34,US,Seasons 31+,1,Aubry,2
34,US,Seasons 31+,1,Michaela,7
34,US,Seasons 31+,1,Zeke,3
34,US,Seasons 31+,2,Jeff,3
34,US,Seasons 31+,2,Sandra,2
34,US,Seasons 31+,2,Cirie,1
34,US,Seasons 31+,2,Ozzy,2
34,US,Seasons 31+,2,J.T.,8
34,US,Seasons 31+,2,Andrea,1
34,US,Seasons 31+,2,Troyzan,4
34,US,Seasons 31+,2,Malcolm,4
34,US,Seasons 31+,2,Brad,3
34,US,Seasons 31+,2,Sarah,0
34,US,Seasons 31+,2,Hali,2
34,US,Seasons 31+,2,Sierra,1
34,US,Seasons 31+,2,Caleb,2
34,US,Seasons 31+,2,Debbie,2
34,US,Seasons 31+,2,Tai,2
34,US,Seasons 31+,2,Aubry,0
34,US,Seasons 31+,2,Michaela,1
34,US,Seasons 31+,2,Zeke,1
34,US,Seasons 31+,3,Jeff,1
34,US,Seasons 31+,3,Sandra,2
34,US,Seasons 31+,3,Cirie,1
34,US,Seasons 31+,3,Ozzy,1
34,US,Seasons 31+,3,J.T.,2
34,US,Seasons 31+,3,Andrea,1
34,US,Seasons 31+,3,Troyzan,0
34,US,Seasons 31+,3,Malcolm,1
34,US,Seasons 31+,3,Brad,1
34,US,Seasons 31+,3,Sarah,0
34,US,Seasons 31+,3,Hali,2
34,US,Seasons 31+,3,Sierra,1
34,US,Seasons 31+,3,Debbie,2
34,US,Seasons 31+,3,Tai,2
34,US,Seasons 31+,3,Aubry,1
34,US,Seasons 31+,3,Michaela,0
34,US,Seasons 31+,3,Zeke,0
34,US,Seasons 31+,4,Jeff,2
34,US,Seasons 31+,4,Sandra,3
34,US,Seasons 31+,4,Cirie,0
34,US,Seasons 31+,4,Ozzy,0
34,US,Seasons 31+,4,J.T.,8
34,US,Seasons 31+,4,Andrea,0
34,US,Seasons 31+,4,Troyzan,1
34,US,Seasons 31+,4,Brad,1
34,US,Seasons 31+,4,Sarah,2
34,US,Seasons 31+,4,Hali,1
34,US,Seasons 31+,4,Sierra,0
34,US,Seasons 31+,4,Debbie,5
34,US,Seasons 31+,4,Tai,4
34,US,Seasons 31+,4,Aubry,1
34,US,Seasons 31+,4,Michaela,3
34,US,Seasons 31+,4,Zeke,0
34,US,Seasons 31+,5,Jeff,4
34,US,Seasons 31+,5,Sandra,5
34,US,Seasons 31+,5,Cirie,0
34,US,Seasons 31+,5,Ozzy,1
34,US,Seasons 31+,5,Andrea,1
34,US,Seasons 31+,5,Troyzan,2
34,US,Seasons 31+,5,Brad,2
34,US,Seasons 31+,5,Sarah,1
34,US,Seasons 31+,5,Hali,0
34,US,Seasons 31+,5,Sierra,0
34,US,Seasons 31+,5,Debbie,7
34,US,Seasons 31+,5,Tai,6
34,US,Seasons 31+,5,Aubry,2
34,US,Seasons 31+,5,Michaela,0
34,US,Seasons 31+,5,Zeke,5
34,US,Seasons 31+,6,Jeff,7
34,US,Seasons 31+,6,Cirie,1
34,US,Seasons 31+,6,Ozzy,1
34,US,Seasons 31+,6,Andrea,0
34,US,Seasons 31+,6,Troyzan,0
34,US,Seasons 31+,6,Brad,2
34,US,Seasons 31+,6,Sarah,3
34,US,Seasons 31+,6,Hali,0
34,US,Seasons 31+,6,Sierra,1
34,US,Seasons 31+,6,Debbie,2
34,US,Seasons 31+,6,Tai,2
34,US,Seasons 31+,6,Aubry,2
34,US,Seasons 31+,6,Michaela,0
34,US,Seasons 31+,6,Zeke,1
34,US,Seasons 31+,7,Cirie,13
34,US,Seasons 31+,7,Ozzy,2
34,US,Seasons 31+,7,Andrea,4
34,US,Seasons 31+,7,Troyzan,0
34,US,Seasons 31+,7,Brad,4
34,US,Seasons 31+,7,Sarah,3
34,US,Seasons 31+,7,Hali,3
34,US,Seasons 31+,7,Sierra,8
34,US,Seasons 31+,7,Debbie,5
34,US,Seasons 31+,7,Tai,2
34,US,Seasons 31+,7,Aubry,2
34,US,Seasons 31+,7,Michaela,5
34,US,Seasons 31+,7,Zeke,10
34,US,Seasons 31+,8,Cirie,3
34,US,Seasons 31+,8,Andrea,2
34,US,Seasons 31+,8,Troyzan,1
34,US,Seasons 31+,8,Brad,2
34,US,Seasons 31+,8,Sarah,11
34,US,Seasons 31+,8,Sierra,3
34,US,Seasons 31+,8,Debbie,5
34,US,Seasons 31+,8,Tai,0
34,US,Seasons 31+,8,Aubry,1
34,US,Seasons 31+,8,Michaela,0
34,US,Seasons 31+,8,Zeke,2
34,US,Seasons 31+,9,Cirie,2
34,US,Seasons 31+,9,Andrea,3
34,US,Seasons 31+,9,Troyzan,0
34,US,Seasons 31+,9,Brad,3
34,US,Seasons 31+,9,Sarah,7
34,US,Seasons 31+,9,Sierra,3
34,US,Seasons 31+,9,Tai,1
34,US,Seasons 31+,9,Aubry,2
34,US,Seasons 31+,9,Michaela,1
34,US,Seasons 31+,9,Zeke,3
34,US,Seasons 31+,10,Cirie,2
34,US,Seasons 31+,10,Andrea,2
34,US,Seasons 31+,10,Troyzan,0
34,US,Seasons 31+,10,Brad,3
34,US,Seasons 31+,10,Sarah,3
34,US,Seasons 31+,10,Sierra,4
34,US,Seasons 31+,10,Tai,1
34,US,Seasons 31+,10,Aubry,0
34,US,Seasons 31+,10,Michaela,5
34,US,Seasons 31+,11,Cirie,8
34,US,Seasons 31+,11,Andrea,3
34,US,Seasons 31+,11,Troyzan,1
34,US,Seasons 31+,11,Brad,1
34,US,Seasons 31+,11,Sarah,4
34,US,Seasons 31+,11,Tai,2
34,US,Seasons 31+,11,Aubry,4
34,US,Seasons 31+,11,Michaela,2
34,US,Seasons 31+,12,Cirie,3
34,US,Seasons 31+,12,Troyzan,4
34,US,Seasons 31+,12,Brad,7
34,US,Seasons 31+,12,Sarah,9
34,US,Seasons 31+,12,Tai,7
34,US,Seasons 31+,12,Aubry,3
35,US,Seasons 31+,1,Katrina,2
35,US,Seasons 31+,1,Simone,0
35,US,Seasons 31+,1,Patrick,1
35,US,Seasons 31+,1,Alan,5
35,US,Seasons 31+,1,Roark,1
35,US,Seasons 31+,1,Ali,2
35,US,Seasons 31+,1,Jessica,1
35,US,Seasons 31+,1,Desi,1
35,US,Seasons 31+,1,Cole,0
35,US,Seasons 31+,1,JP,1
35,US,Seasons 31+,1,Joe,2
35,US,Seasons 31+,1,Lauren,1
35,US,Seasons 31+,1,Ashley,3
35,US,Seasons 31+,1,Mike,3
35,US,Seasons 31+,1,Devon,1
35,US,Seasons 31+,1,Ryan,6
35,US,Seasons 31+,1,Chrissy,3
35,US,Seasons 31+,1,Ben,2
35,US,Seasons 31+,2,Simone,4
35,US,Seasons 31+,2,Patrick,2
35,US,Seasons 31+,2,Alan,1
35,US,Seasons 31+,2,Roark,0
35,US,Seasons 31+,2,Ali,4
35,US,Seasons 31+,2,Jessica,0
35,US,Seasons 31+,2,Desi,0
35,US,Seasons 31+,2,Cole,3
35,US,Seasons 31+,2,JP,1
35,US,Seasons 31+,2,Joe,3
35,US,Seasons 31+,2,Lauren,2
35,US,Seasons 31+,2,Ashley,1
35,US,Seasons 31+,2,Mike,0
35,US,Seasons 31+,2,Devon,1
35,US,Seasons 31+,2,Ryan,4
35,US,Seasons 31+,2,Chrissy,3
35,US,Seasons 31+,2,Ben,2
35,US,Seasons 31+,3,Patrick,4
35,US,Seasons 31+,3,Alan,2
35,US,Seasons 31+,3,Roark,1
35,US,Seasons 31+,3,Ali,3
35,US,Seasons 31+,3,Jessica,5
35,US,Seasons 31+,3,Desi,1
35,US,Seasons 31+,3,Cole,3
35,US,Seasons 31+,3,JP,0
35,US,Seasons 31+,3,Joe,1
35,US,Seasons 31+,3,Lauren,6
35,US,Seasons 31+,3,Ashley,1
35,US,Seasons 31+,3,Mike,0
35,US,Seasons 31+,3,Devon,1
35,US,Seasons 31+,3,Ryan,5
35,US,Seasons 31+,3,Chrissy,0
35,US,Seasons 31+,3,Ben,2
35,US,Seasons 31+,4,Alan,2
35,US,Seasons 31+,4,Roark,1
35,US,Seasons 31+,4,Ali,1
35,US,Seasons 31+,4,Jessica,7
35,US,Seasons 31+,4,Desi,3
35,US,Seasons 31+,4,Cole,3
35,US,Seasons 31+,4,JP,0
35,US,Seasons 31+,4,Joe,3
35,US,Seasons 31+,4,Lauren,2
35,US,Seasons 31+,4,Ashley,4
35,US,Seasons 31+,4,Mike,1
35,US,Seasons 31+,4,Devon,3
35,US,Seasons 31+,4,Ryan,1
35,US,Seasons 31+,4,Chrissy,2
35,US,Seasons 31+,4,Ben,2
35,US,Seasons 31+,5,Roark,4
35,US,Seasons 31+,5,Ali,3
35,US,Seasons 31+,5,Jessica,1
35,US,Seasons 31+,5,Desi,1
35,US,Seasons 31+,5,Cole,0
35,US,Seasons 31+,5,JP,0
35,US,Seasons 31+,5,Joe,1
35,US,Seasons 31+,5,Lauren,1
35,US,Seasons 31+,5,Ashley,3
35,US,Seasons 31+,5,Mike,2
35,US,Seasons 31+,5,Devon,1
35,US,Seasons 31+,5,Ryan,3
35,US,Seasons 31+,5,Chrissy,5
35,US,Seasons 31+,5,Ben,1
35,US,Seasons 31+,6,Ali,3
35,US,Seasons 31+,6,Jessica,1
35,US,Seasons 31+,6,Desi,1
35,US,Seasons 31+,6,Cole,1
35,US,Seasons 31+,6,JP,2
35,US,Seasons 31+,6,Joe,3
35,US,Seasons 31+,6,Lauren,1
35,US,Seasons 31+,6,Ashley,1
35,US,Seasons 31+,6,Mike,2
35,US,Seasons 31+,6,Devon,1
35,US,Seasons 31+,6,Ryan,5
35,US,Seasons 31+,6,Chrissy,2
35,US,Seasons 31+,6,Ben,2
35,US,Seasons 31+,7,Jessica,3
35,US,Seasons 31+,7,Desi,0
35,US,Seasons 31+,7,Cole,5
35,US,Seasons 31+,7,JP,0
35,US,Seasons 31+,7,Joe,3
35,US,Seasons 31+,7,Lauren,2
35,US,Seasons 31+,7,Ashley,1
35,US,Seasons 31+,7,Mike,5
35,US,Seasons 31+,7,Devon,4
35,US,Seasons 31+,7,Ryan,4
35,US,Seasons 31+,7,Chrissy,5
35,US,Seasons 31+,7,Ben,7
35,US,Seasons 31+,8,Desi,1
35,US,Seasons 31+,8,Cole,4
35,US,Seasons 31+,8,JP,1
35,US,Seasons 31+,8,Joe,5
35,US,Seasons 31+,8,Lauren,3
35,US,Seasons 31+,8,Ashley,0
35,US,Seasons 31+,8,Mike,1
35,US,Seasons 31+,8,Devon,2
35,US,Seasons 31+,8,Ryan,5
35,US,Seasons 31+,8,Chrissy,3
35,US,Seasons 31+,8,Ben,8
35,US,Seasons 31+,9,Cole,2
35,US,Seasons 31+,9,JP,0
35,US,Seasons 31+,9,Joe,3
35,US,Seasons 31+,9,Lauren,2
35,US,Seasons 31+,9,Ashley,4
35,US,Seasons 31+,9,Mike,4
35,US,Seasons 31+,9,Devon,1
35,US,Seasons 31+,9,Ryan,3
35,US,Seasons 31+,9,Chrissy,3
35,US,Seasons 31+,9,Ben,5
35,US,Seasons 31+,10,JP,0
35,US,Seasons 31+,10,Joe,4
35,US,Seasons 31+,10,Lauren,10
35,US,Seasons 31+,10,Ashley,5
35,US,Seasons 31+,10,Mike,7
35,US,Seasons 31+,10,Devon,13
35,US,Seasons 31+,10,Ryan,6
35,US,Seasons 31+,10,Chrissy,6
35,US,Seasons 31+,10,Ben,11
35,US,Seasons 31+,11,Lauren,4
35,US,Seasons 31+,11,Ashley,2
35,US,Seasons 31+,11,Mike,4
35,US,Seasons 31+,11,Devon,2
35,US,Seasons 31+,11,Ryan,2
35,US,Seasons 31+,11,Chrissy,5
35,US,Seasons 31+,11,Ben,4
35,US,Seasons 31+,12,Ashley,2
35,US,Seasons 31+,12,Mike,2
35,US,Seasons 31+,12,Devon,4
35,US,Seasons 31+,12,Ryan,2
35,US,Seasons 31+,12,Chrissy,4
35,US,Seasons 31+,12,Ben,12
35,US,Seasons 31+,13,Mike,2
35,US,Seasons 31+,13,Devon,7
35,US,Seasons 31+,13,Ryan,3
35,US,Seasons 31+,13,Chrissy,10
35,US,Seasons 31+,13,Ben,12
36,US,Seasons 31+,1,Gonzalez,2
36,US,Seasons 31+,1,Jacob,15
36,US,Seasons 31+,1,Morgan,2
36,US,Seasons 31+,1,Brendan,2
36,US,Seasons 31+,1,Stephanie,5
36,US,Seasons 31+,1,James,2
36,US,Seasons 31+,1,Bradley,0
36,US,Seasons 31+,1,Chris,2
36,US,Seasons 31+,1,Libby,0
36,US,Seasons 31+,1,Desiree,1
36,US,Seasons 31+,1,Jenna,2
36,US,Seasons 31+,1,Michael,4
36,US,Seasons 31+,1,Chelsea,0
36,US,Seasons 31+,1,Kellyn,2
36,US,Seasons 31+,1,Sebastian,1
36,US,Seasons 31+,1,Donathan,6
36,US,Seasons 31+,1,Angela,0
36,US,Seasons 31+,1,Laurel,1
36,US,Seasons 31+,1,Domenick,10
36,US,Seasons 31+,1,Wendell,2
36,US,Seasons 31+,2,Morgan,4
36,US,Seasons 31+,2,Brendan,2
36,US,Seasons 31+,2,Stephanie,3
36,US,Seasons 31+,2,James,2
36,US,Seasons 31+,2,Bradley,0
36,US,Seasons 31+,2,Chris,3
36,US,Seasons 31+,2,Libby,4
36,US,Seasons 31+,2,Desiree,0
36,US,Seasons 31+,2,Jenna,1
36,US,Seasons 31+,2,Michael,1
36,US,Seasons 31+,2,Chelsea,0
36,US,Seasons 31+,2,Kellyn,2
36,US,Seasons 31+,2,Sebastian,1
36,US,Seasons 31+,2,Donathan,1
36,US,Seasons 31+,2,Angela,4
36,US,Seasons 31+,2,Laurel,0
36,US,Seasons 31+,2,Domenick,3
36,US,Seasons 31+,2,Wendell,1
36,US,Seasons 31+,3,Brendan,1
36,US,Seasons 31+,3,Stephanie,1
36,US,Seasons 31+,3,James,0
36,US,Seasons 31+,3,Bradley,2
36,US,Seasons 31+,3,Chris,2
36,US,Seasons 31+,3,Libby,0
36,US,Seasons 31+,3,Desiree,0
36,US,Seasons 31+,3,Jenna,0
36,US,Seasons 31+,3,Michael,2
36,US,Seasons 31+,3,Chelsea,1
36,US,Seasons 31+,3,Kellyn,5
36,US,Seasons 31+,3,Sebastian,1
36,US,Seasons 31+,3,Donathan,1
36,US,Seasons 31+,3,Angela,1
36,US,Seasons 31+,3,Laurel,1
36,US,Seasons 31+,3,Domenick,4
36,US,Seasons 31+,3,Wendell,2
36,US,Seasons 31+,4,Stephanie,3
36,US,Seasons 31+,4,James,1
36,US,Seasons 31+,4,Bradley,3
36,US,Seasons 31+,4,Chris,3
36,US,Seasons 31+,4,Libby,0
36,US,Seasons 31+,4,Desiree,1
36,US,Seasons 31+,4,Jenna,2
36,US,Seasons 31+,4,Michael,4
36,US,Seasons 31+,4,Chelsea,0
36,US,Seasons 31+,4,Kellyn,1
36,US,Seasons 31+,4,Sebastian,1
36,US,Seasons 31+,4,Donathan,3
36,US,Seasons 31+,4,Angela,0
36,US,Seasons 31+,4,Laurel,0
36,US,Seasons 31+,4,Domenick,0
36,US,Seasons 31+,4,Wendell,0
36,US,Seasons 31+,5,James,2
36,US,Seasons 31+,5,Bradley,3
36,US,Seasons 31+,5,Chris,2
36,US,Seasons 31+,5,Libby,0
36,US,Seasons 31+,5,Desiree,4
36,US,Seasons 31+,5,Jenna,1
36,US,Seasons 31+,5,Michael,3
36,US,Seasons 31+,5,Chelsea,1
36,US,Seasons 31+,5,Kellyn,3
36,US,Seasons 31+,5,Sebastian,1
36,US,Seasons 31+,5,Donathan,0
36,US,Seasons 31+,5,Angela,2
36,US,Seasons 31+,5,Laurel,3
36,US,Seasons 31+,5,Domenick,4
36,US,Seasons 31+,5,Wendell,1
36,US,Seasons 31+,6,Bradley,4
36,US,Seasons 31+,6,Chris,1
36,US,Seasons 31+,6,Libby,2
36,US,Seasons 31+,6,Desiree,2
36,US,Seasons 31+,6,Jenna,0
36,US,Seasons 31+,6,Michael,5
36,US,Seasons 31+,6,Chelsea,1
36,US,Seasons 31+,6,Kellyn,4
36,US,Seasons 31+,6,Sebastian,0
36,US,Seasons 31+,6,Donathan,3
36,US,Seasons 31+,6,Angela,0
36,US,Seasons 31+,6,Laurel,0
36,US,Seasons 31+,6,Domenick,3
36,US,Seasons 31+,6,Wendell,4
36,US,Seasons 31+,7,Chris,13
36,US,Seasons 31+,7,Libby,1
36,US,Seasons 31+,7,Desiree,1
36,US,Seasons 31+,7,Jenna,1
36,US,Seasons 31+,7,Michael,2
36,US,Seasons 31+,7,Chelsea,0
36,US,Seasons 31+,7,Kellyn,3
36,US,Seasons 31+,7,Sebastian,0
36,US,Seasons 31+,7,Donathan,0
36,US,Seasons 31+,7,Angela,0
36,US,Seasons 31+,7,Laurel,1
36,US,Seasons 31+,7,Domenick,9
36,US,Seasons 31+,7,Wendell,4
36,US,Seasons 31+,8,Libby,4
36,US,Seasons 31+,8,Desiree,0
36,US,Seasons 31+,8,Jenna,2
36,US,Seasons 31+,8,Michael,3
36,US,Seasons 31+,8,Chelsea,0
36,US,Seasons 31+,8,Kellyn,1
36,US,Seasons 31+,8,Sebastian,0
36,US,Seasons 31+,8,Donathan,1
36,US,Seasons 31+,8,Angela,2
36,US,Seasons 31+,8,Laurel,3
36,US,Seasons 31+,8,Domenick,2
36,US,Seasons 31+,8,Wendell,6
36,US,Seasons 31+,9,Desiree,5
36,US,Seasons 31+,9,Jenna,0
36,US,Seasons 31+,9,Michael,4
36,US,Seasons 31+,9,Chelsea,0
36,US,Seasons 31+,9,Kellyn,4
36,US,Seasons 31+,9,Sebastian,1
36,US,Seasons 31+,9,Donathan,2
36,US,Seasons 31+,9,Angela,3
36,US,Seasons 31+,9,Laurel,4
36,US,Seasons 31+,9,Domenick,4
36,US,Seasons 31+,9,Wendell,0
36,US,Seasons 31+,10,Jenna,3
36,US,Seasons 31+,10,Michael,4
36,US,Seasons 31+,10,Chelsea,0
36,US,Seasons 31+,10,Kellyn,6
36,US,Seasons 31+,10,Sebastian,1
36,US,Seasons 31+,10,Donathan,4
36,US,Seasons 31+,10,Angela,0
36,US,Seasons 31+,10,Laurel,2
36,US,Seasons 31+,10,Domenick,5
36,US,Seasons 31+,10,Wendell,4
36,US,Seasons 31+,11,Chelsea,1
36,US,Seasons 31+,11,Kellyn,6
36,US,Seasons 31+,11,Sebastian,0
36,US,Seasons 31+,11,Donathan,2
36,US,Seasons 31+,11,Angela,0
36,US,Seasons 31+,11,Laurel,3
36,US,Seasons 31+,11,Domenick,2
36,US,Seasons 31+,11,Wendell,4
36,US,Seasons 31+,12,Kellyn,4
36,US,Seasons 31+,12,Sebastian,3
36,US,Seasons 31+,12,Donathan,7
36,US,Seasons 31+,12,Angela,0
36,US,Seasons 31+,12,Laurel,3
36,US,Seasons 31+,12,Domenick,5
36,US,Seasons 31+,12,Wendell,3
36,US,Seasons 31+,13,Sebastian,2
36,US,Seasons 31+,13,Donathan,3
36,US,Seasons 31+,13,Angela,3
36,US,Seasons 31+,13,Laurel,6
36,US,Seasons 31+,13,Domenick,17
36,US,Seasons 31+,13,Wendell,8
37,US,Seasons 31+,1,Pat,2
37,US,Seasons 31+,1,Jessica,3
37,US,Seasons 31+,1,Jeremy,2
37,US,Seasons 31+,1,Bi,1
37,US,Seasons 31+,1,Natalia,1
37,US,Seasons 31+,1,Natalie,3
37,US,Seasons 31+,1,Lyrsa,2
37,US,Seasons 31+,1,Elizabeth,3
37,US,Seasons 31+,1,John,3
37,US,Seasons 31+,1,Dan,5
37,US,Seasons 31+,1,Alec,1
37,US,Seasons 31+,1,Carl,3
37,US,Seasons 31+,1,Gabby,5
37,US,Seasons 31+,1,Christian,5
37,US,Seasons 31+,1,Davie,2
37,US,Seasons 31+,1,Alison,1
37,US,Seasons 31+,1,Kara,1
37,US,Seasons 31+,1,Angelina,4
37,US,Seasons 31+,1,Mike,5
37,US,Seasons 31+,1,Nick,7
37,US,Seasons 31+,2,Jessica,2
37,US,Seasons 31+,2,Jeremy,3
37,US,Seasons 31+,2,Bi,0
37,US,Seasons 31+,2,Natalia,1
37,US,Seasons 31+,2,Natalie,5
37,US,Seasons 31+,2,Lyrsa,3
37,US,Seasons 31+,2,Elizabeth,1
37,US,Seasons 31+,2,John,1
37,US,Seasons 31+,2,Dan,2
37,US,Seasons 31+,2,Alec,1
37,US,Seasons 31+,2,Carl,1
37,US,Seasons 31+,2,Gabby,1
37,US,Seasons 31+,2,Christian,5
37,US,Seasons 31+,2,Davie,2
37,US,Seasons 31+,2,Alison,0
37,US,Seasons 31+,2,Kara,2
37,US,Seasons 31+,2,Angelina,1
37,US,Seasons 31+,2,Mike,1
37,US,Seasons 31+,2,Nick,1
37,US,Seasons 31+,3,Jeremy,8
37,US,Seasons 31+,3,Bi,4
37,US,Seasons 31+,3,Natalia,2
37,US,Seasons 31+,3,Natalie,2
37,US,Seasons 31+,3,Lyrsa,0
37,US,Seasons 31+,3,Elizabeth,0
37,US,Seasons 31+,3,John,3
37,US,Seasons 31+,3,Dan,0
37,US,Seasons 31+,3,Alec,0
37,US,Seasons 31+,3,Carl,1
37,US,Seasons 31+,3,Gabby,2
37,US,Seasons 31+,3,Christian,1
37,US,Seasons 31+,3,Davie,2
37,US,Seasons 31+,3,Alison,1
37,US,Seasons 31+,3,Kara,1
37,US,Seasons 31+,3,Angelina,3
37,US,Seasons 31+,3,Mike,4
37,US,Seasons 31+,3,Nick,4
37,US,Seasons 31+,4,Bi,0
37,US,Seasons 31+,4,Natalia,2
37,US,Seasons 31+,4,Natalie,2
37,US,Seasons 31+,4,Lyrsa,0
37,US,Seasons 31+,4,Elizabeth,3
37,US,Seasons 31+,4,John,1
37,US,Seasons 31+,4,Dan,2
37,US,Seasons 31+,4,Alec,5
37,US,Seasons 31+,4,Carl,4
37,US,Seasons 31+,4,Gabby,1
37,US,Seasons 31+,4,Christian,4
37,US,Seasons 31+,4,Davie,4
37,US,Seasons 31+,4,Alison,0
37,US,Seasons 31+,4,Kara,3
37,US,Seasons 31+,4,Angelina,1
37,US,Seasons 31+,4,Mike,4
37,US,Seasons 31+,4,Nick,2
37,US,Seasons 31+,5,Natalie,3
37,US,Seasons 31+,5,Lyrsa,2
37,US,Seasons 31+,5,Elizabeth,2
37,US,Seasons 31+,5,John,1
37,US,Seasons 31+,5,Dan,2
37,US,Seasons 31+,5,Alec,1
37,US,Seasons 31+,5,Carl,0
37,US,Seasons 31+,5,Gabby,2
37,US,Seasons 31+,5,Christian,1
37,US,Seasons 31+,5,Davie,2
37,US,Seasons 31+,5,Alison,1
37,US,Seasons 31+,5,Kara,4
37,US,Seasons 31+,5,Angelina,5
37,US,Seasons 31+,5,Mike,2
37,US,Seasons 31+,5,Nick,3
37,US,Seasons 31+,6,Lyrsa,4
37,US,Seasons 31+,6,Elizabeth,2
37,US,Seasons 31+,6,John,0
37,US,Seasons 31+,6,Dan,1
37,US,Seasons 31+,6,Alec,0
37,US,Seasons 31+,6,Carl,1
37,US,Seasons 31+,6,Gabby,1
37,US,Seasons 31+,6,Christian,2
37,US,Seasons 31+,6,Davie,1
37,US,Seasons 31+,6,Alison,2
37,US,Seasons 31+,6,Kara,1
37,US,Seasons 31+,6,Angelina,3
37,US,Seasons 31+,6,Mike,4
37,US,Seasons 31+,6,Nick,3
37,US,Seasons 31+,7,Elizabeth,5
37,US,Seasons 31+,7,John,2
37,US,Seasons 31+,7,Dan,6
37,US,Seasons 31+,7,Alec,6
37,US,Seasons 31+,7,Carl,1
37,US,Seasons 31+,7,Gabby,2
37,US,Seasons 31+,7,Christian,2
37,US,Seasons 31+,7,Davie,0
37,US,Seasons 31+,7,Alison,1
37,US,Seasons 31+,7,Kara,2
37,US,Seasons 31+,7,Angelina,3
37,US,Seasons 31+,7,Mike,1
37,US,Seasons 31+,7,Nick,1
37,US,Seasons 31+,8,John,1
37,US,Seasons 31+,8,Dan,2
37,US,Seasons 31+,8,Alec,3
37,US,Seasons 31+,8,Carl,0
37,US,Seasons 31+,8,Gabby,0
37,US,Seasons 31+,8,Christian,4
37,US,Seasons 31+,8,Davie,3
37,US,Seasons 31+,8,Alison,1
37,US,Seasons 31+,8,Kara,0
37,US,Seasons 31+,8,Angelina,6
37,US,Seasons 31+,8,Mike,4
37,US,Seasons 31+,8,Nick,6
37,US,Seasons 31+,9,Dan,2
37,US,Seasons 31+,9,Alec,3
37,US,Seasons 31+,9,Carl,0
37,US,Seasons 31+,9,Gabby,2
37,US,Seasons 31+,9,Christian,3
37,US,Seasons 31+,9,Davie,2
37,US,Seasons 31+,9,Alison,4
37,US,Seasons 31+,9,Kara,5
37,US,Seasons 31+,9,Angelina,1
37,US,Seasons 31+,9,Mike,1
37,US,Seasons 31+,9,Nick,2
37,US,Seasons 31+,10,Alec,5
37,US,Seasons 31+,10,Carl,6
37,US,Seasons 31+,10,Gabby,6
37,US,Seasons 31+,10,Christian,7
37,US,Seasons 31+,10,Davie,4
37,US,Seasons 31+,10,Alison,3
37,US,Seasons 31+,10,Kara,5
37,US,Seasons 31+,10,Angelina,6
37,US,Seasons 31+,10,Mike,5
37,US,Seasons 31+,10,Nick,7
37,US,Seasons 31+,11,Gabby,4
37,US,Seasons 31+,11,Christian,3
37,US,Seasons 31+,11,Davie,2
37,US,Seasons 31+,11,Alison,1
37,US,Seasons 31+,11,Kara,1
37,US,Seasons 31+,11,Angelina,1
37,US,Seasons 31+,11,Mike,0
37,US,Seasons 31+,11,Nick,5
37,US,Seasons 31+,12,Christian,2
37,US,Seasons 31+,12,Davie,9
37,US,Seasons 31+,12,Alison,2
37,US,Seasons 31+,12,Kara,4
37,US,Seasons 31+,12,Angelina,3
37,US,Seasons 31+,12,Mike,6
37,US,Seasons 31+,12,Nick,3
37,US,Seasons 31+,13,Davie,1
37,US,Seasons 31+,13,Alison,4
37,US,Seasons 31+,13,Kara,4
37,US,Seasons 31+,13,Angelina,17
37,US,Seasons 31+,13,Mike,10
37,US,Seasons 31+,13,Nick,9
38,US,Seasons 31+,1,Kelley,2
38,US,Seasons 31+,1,Joe,2
38,US,Seasons 31+,1,Aubry,1
38,US,Seasons 31+,1,David,1
38,US,Seasons 31+,1,Reem,2
38,US,Seasons 31+,1,Keith,5
38,US,Seasons 31+,1,Chris,0
38,US,Seasons 31+,1,Rick,2
38,US,Seasons 31+,1,Wendy,3
38,US,Seasons 31+,1,Eric,1
38,US,Seasons 31+,1,Julia,0
38,US,Seasons 31+,1,Wardog,2
38,US,Seasons 31+,1,Ron,2
38,US,Seasons 31+,1,Aurora,1
38,US,Seasons 31+,1,Victoria,1
38,US,Seasons 31+,1,Lauren,2
38,US,Seasons 31+,1,Julie,1
38,US,Seasons 31+,1,Gavin,1
38,US,Seasons 31+,2,Kelley,4
38,US,Seasons 31+,2,Joe,0
38,US,Seasons 31+,2,Aubry,2
38,US,Seasons 31+,2,David,5
38,US,Seasons 31+,2,Reem,2
38,US,Seasons 31+,2,Keith,2
38,US,Seasons 31+,2,Chris,2
38,US,Seasons 31+,2,Rick,2
38,US,Seasons 31+,2,Wendy,2
38,US,Seasons 31+,2,Eric,1
38,US,Seasons 31+,2,Julia,0
38,US,Seasons 31+,2,Wardog,4
38,US,Seasons 31+,2,Ron,0
38,US,Seasons 31+,2,Aurora,1
38,US,Seasons 31+,2,Victoria,4
38,US,Seasons 31+,2,Lauren,1
38,US,Seasons 31+,2,Julie,2
38,US,Seasons 31+,2,Gavin,1
38,US,Seasons 31+,3,Kelley,3
38,US,Seasons 31+,3,Joe,1
38,US,Seasons 31+,3,Aubry,2
38,US,Seasons 31+,3,David,6
38,US,Seasons 31+,3,Reem,3
38,US,Seasons 31+,3,Keith,2
38,US,Seasons 31+,3,Chris,1
38,US,Seasons 31+,3,Rick,3
38,US,Seasons 31+,3,Wendy,8
38,US,Seasons 31+,3,Eric,0
38,US,Seasons 31+,3,Julia,0
38,US,Seasons 31+,3,Wardog,3
38,US,Seasons 31+,3,Ron,0
38,US,Seasons 31+,3,Aurora,0
38,US,Seasons 31+,3,Victoria,2
38,US,Seasons 31+,3,Lauren,0
38,US,Seasons 31+,3,Julie,0
38,US,Seasons 31+,3,Gavin,0
38,US,Seasons 31+,4,Kelley,4
38,US,Seasons 31+,4,Joe,1
38,US,Seasons 31+,4,Aubry,2
38,US,Seasons 31+,4,David,1
38,US,Seasons 31+,4,Reem,1
38,US,Seasons 31+,4,Keith,1
38,US,Seasons 31+,4,Chris,2
38,US,Seasons 31+,4,Rick,4
38,US,Seasons 31+,4,Wendy,3
38,US,Seasons 31+,4,Eric,2
38,US,Seasons 31+,4,Julia,0
38,US,Seasons 31+,4,Wardog,2
38,US,Seasons 31+,4,Ron,3
38,US,Seasons 31+,4,Aurora,0
38,US,Seasons 31+,4,Victoria,1
38,US,Seasons 31+,4,Lauren,3
38,US,Seasons 31+,4,Julie,1
38,US,Seasons 31+,4,Gavin,0
38,US,Seasons 31+,5,Kelley,2
38,US,Seasons 31+,5,Joe,1
38,US,Seasons 31+,5,Aubry,8
38,US,Seasons 31+,5,David,1
38,US,Seasons 31+,5,Reem,0
38,US,Seasons 31+,5,Keith,3
38,US,Seasons 31+,5,Chris,1
38,US,Seasons 31+,5,Rick,3
38,US,Seasons 31+,5,Wendy,0
38,US,Seasons 31+,5,Eric,2
38,US,Seasons 31+,5,Julia,1
38,US,Seasons 31+,5,Wardog,0
38,US,Seasons 31+,5,Ron,1
38,US,Seasons 31+,5,Aurora,0
38,US,Seasons 31+,5,Victoria,2
38,US,Seasons 31+,5,Lauren,1
38,US,Seasons 31+,5,Julie,1
38,US,Seasons 31+,5,Gavin,0
38,US,Seasons 31+,6,Kelley,4
38,US,Seasons 31+,6,Joe,2
38,US,Seasons 31+,6,Aubry,4
38,US,Seasons 31+,6,David,3
38,US,Seasons 31+,6,Reem,2
38,US,Seasons 31+,6,Keith,2
38,US,Seasons 31+,6,Chris,1
38,US,Seasons 31+,6,Rick,1
38,US,Seasons 31+,6,Wendy,1
38,US,Seasons 31+,6,Eric,2
38,US,Seasons 31+,6,Julia,1
38,US,Seasons 31+,6,Wardog,3
38,US,Seasons 31+,6,Ron,0
38,US,Seasons 31+,6,Aurora,0
38,US,Seasons 31+,6,Victoria,2
38,US,Seasons 31+,6,Lauren,3
38,US,Seasons 31+,6,Julie,2
38,US,Seasons 31+,6,Gavin,1
38,US,Seasons 31+,7,Kelley,4
38,US,Seasons 31+,7,Joe,0
38,US,Seasons 31+,7,Aubry,2
38,US,Seasons 31+,7,David,0
38,US,Seasons 31+,7,Reem,0
38,US,Seasons 31+,7,Keith,1
38,US,Seasons 31+,7,Chris,1
38,US,Seasons 31+,7,Rick,8
38,US,Seasons 31+,7,Wendy,1
38,US,Seasons 31+,7,Eric,0
38,US,Seasons 31+,7,Julia,1
38,US,Seasons 31+,7,Wardog,0
38,US,Seasons 31+,7,Ron,1
38,US,Seasons 31+,7,Aurora,0
38,US,Seasons 31+,7,Victoria,1
38,US,Seasons 31+,7,Lauren,0
38,US,Seasons 31+,7,Julie,6
38,US,Seasons 31+,7,Gavin,2
38,US,Seasons 31+,8,Kelley,2
38,US,Seasons 31+,8,Joe,2
38,US,Seasons 31+,8,Aubry,2
38,US,Seasons 31+,8,David,4
38,US,Seasons 31+,8,Reem,2
38,US,Seasons 31+,8,Chris,0
38,US,Seasons 31+,8,Rick,1
38,US,Seasons 31+,8,Eric,1
38,US,Seasons 31+,8,Julia,3
38,US,Seasons 31+,8,Wardog,3
38,US,Seasons 31+,8,Ron,4
38,US,Seasons 31+,8,Aurora,3
38,US,Seasons 31+,8,Victoria,0
38,US,Seasons 31+,8,Lauren,2
38,US,Seasons 31+,8,Julie,0
38,US,Seasons 31+,8,Gavin,1
38,US,Seasons 31+,9,Kelley,3
38,US,Seasons 31+,9,Joe,1
38,US,Seasons 31+,9,Aubry,0
38,US,Seasons 31+,9,David,6
38,US,Seasons 31+,9,Reem,0
38,US,Seasons 31+,9,Chris,1
38,US,Seasons 31+,9,Rick,3
38,US,Seasons 31+,9,Eric,4
38,US,Seasons 31+,9,Julia,3
38,US,Seasons 31+,9,Wardog,8
38,US,Seasons 31+,9,Ron,4
38,US,Seasons 31+,9,Aurora,3
38,US,Seasons 31+,9,Victoria,2
38,US,Seasons 31+,9,Lauren,1
38,US,Seasons 31+,9,Julie,8
38,US,Seasons 31+,9,Gavin,5
38,US,Seasons 31+,10,Kelley,2
38,US,Seasons 31+,10,Joe,0
38,US,Seasons 31+,10,Aubry,0
38,US,Seasons 31+,10,David,0
38,US,Seasons 31+,10,Reem,2
38,US,Seasons 31+,10,Chris,0
38,US,Seasons 31+,10,Rick,4
38,US,Seasons 31+,10,Eric,0
38,US,Seasons 31+,10,Julia,0
38,US,Seasons 31+,10,Wardog,3
38,US,Seasons 31+,10,Ron,8
38,US,Seasons 31+,10,Aurora,2
38,US,Seasons 31+,10,Victoria,1
38,US,Seasons 31+,10,Lauren,4
38,US,Seasons 31+,10,Julie,2
38,US,Seasons 31+,10,Gavin,4
38,US,Seasons 31+,11,Kelley,0
38,US,Seasons 31+,11,Joe,0
38,US,Seasons 31+,11,Aubry,0
38,US,Seasons 31+,11,David,0
38,US,Seasons 31+,11,Reem,0
38,US,Seasons 31+,11,Chris,0
38,US,Seasons 31+,11,Rick,10
38,US,Seasons 31+,11,Eric,0
38,US,Seasons 31+,11,Julia,0
38,US,Seasons 31+,11,Wardog,0
38,US,Seasons 31+,11,Ron,4
38,US,Seasons 31+,11,Aurora,1
38,US,Seasons 31+,11,Victoria,2
38,US,Seasons 31+,11,Lauren,1
38,US,Seasons 31+,11,Julie,0
38,US,Seasons 31+,11,Gavin,3
38,US,Seasons 31+,12,Kelley,0
38,US,Seasons 31+,12,Joe,1
38,US,Seasons 31+,12,Aubry,1
38,US,Seasons 31+,12,David,1
38,US,Seasons 31+,12,Reem,1
38,US,Seasons 31+,12,Chris,1
38,US,Seasons 31+,12,Rick,10
38,US,Seasons 31+,12,Eric,1
38,US,Seasons 31+,12,Julia,1
38,US,Seasons 31+,12,Wardog,0
38,US,Seasons 31+,12,Ron,0
38,US,Seasons 31+,12,Aurora,4
38,US,Seasons 31+,12,Victoria,2
38,US,Seasons 31+,12,Lauren,4
38,US,Seasons 31+,12,Julie,2
38,US,Seasons 31+,12,Gavin,4
38,US,Seasons 31+,13,Kelley,0
38,US,Seasons 31+,13,Joe,0
38,US,Seasons 31+,13,Aubry,0
38,US,Seasons 31+,13,David,0
38,US,Seasons 31+,13,Reem,0
38,US,Seasons 31+,13,Chris,13
38,US,Seasons 31+,13,Rick,12
38,US,Seasons 31+,13,Eric,0
38,US,Seasons 31+,13,Julia,0
38,US,Seasons 31+,13,Wardog,0
38,US,Seasons 31+,13,Ron,0
38,US,Seasons 31+,13,Aurora,0
38,US,Seasons 31+,13,Victoria,2
38,US,Seasons 31+,13,Lauren,6
38,US,Seasons 31+,13,Julie,7
38,US,Seasons 31+,13,Gavin,4
39,US,Seasons 31+,1,Ronnie,1
39,US,Seasons 31+,1,Molly,4
39,US,Seasons 31+,1,Vince,3
39,US,Seasons 31+,1,Chelsea,1
39,US,Seasons 31+,1,Tom,2
39,US,Seasons 31+,1,Jason,2
39,US,Seasons 31+,1,Jack,2
39,US,Seasons 31+,1,Kellee,3
39,US,Seasons 31+,1,Jamal,1
39,US,Seasons 31+,1,Aaron,3
39,US,Seasons 31+,1,Missy,3
39,US,Seasons 31+,1,Elizabeth,10
39,US,Seasons 31+,1,Karishma,2
39,US,Seasons 31+,1,Elaine,7
39,US,Seasons 31+,1,Dan,1
39,US,Seasons 31+,1,Janet,3
39,US,Seasons 31+,1,Lauren,1
39,US,Seasons 31+,1,Noura,1
39,US,Seasons 31+,1,Dean,0
39,US,Seasons 31+,1,Tommy,2
39,US,Seasons 31+,2,Molly,2
39,US,Seasons 31+,2,Vince,1
39,US,Seasons 31+,2,Chelsea,2
39,US,Seasons 31+,2,Tom,1
39,US,Seasons 31+,2,Jason,3
39,US,Seasons 31+,2,Jack,1
39,US,Seasons 31+,2,Kellee,9
39,US,Seasons 31+,2,Jamal,1
39,US,Seasons 31+,2,Aaron,2
39,US,Seasons 31+,2,Missy,1
39,US,Seasons 31+,2,Elizabeth,0
39,US,Seasons 31+,2,Karishma,0
39,US,Seasons 31+,2,Elaine,0
39,US,Seasons 31+,2,Dan,0
39,US,Seasons 31+,2,Janet,0
39,US,Seasons 31+,2,Lauren,1
39,US,Seasons 31+,2,Noura,2
39,US,Seasons 31+,2,Dean,0
39,US,Seasons 31+,2,Tommy,3
39,US,Seasons 31+,3,Vince,10
39,US,Seasons 31+,3,Chelsea,1
39,US,Seasons 31+,3,Tom,1
39,US,Seasons 31+,3,Jason,1
39,US,Seasons 31+,3,Jack,1
39,US,Seasons 31+,3,Kellee,0
39,US,Seasons 31+,3,Jamal,3
39,US,Seasons 31+,3,Aaron,2
39,US,Seasons 31+,3,Missy,2
39,US,Seasons 31+,3,Elizabeth,2
39,US,Seasons 31+,3,Karishma,4
39,US,Seasons 31+,3,Elaine,0
39,US,Seasons 31+,3,Dan,1
39,US,Seasons 31+,3,Janet,1
39,US,Seasons 31+,3,Lauren,0
39,US,Seasons 31+,3,Noura,0
39,US,Seasons 31+,3,Dean,1
39,US,Seasons 31+,3,Tommy,2
39,US,Seasons 31+,4,Chelsea,1
39,US,Seasons 31+,4,Tom,0
39,US,Seasons 31+,4,Jason,1
39,US,Seasons 31+,4,Jack,0
39,US,Seasons 31+,4,Kellee,2
39,US,Seasons 31+,4,Jamal,3
39,US,Seasons 31+,4,Aaron,3
39,US,Seasons 31+,4,Missy,3
39,US,Seasons 31+,4,Elizabeth,1
39,US,Seasons 31+,4,Karishma,2
39,US,Seasons 31+,4,Elaine,3
39,US,Seasons 31+,4,Dan,1
39,US,Seasons 31+,4,Janet,0
39,US,Seasons 31+,4,Lauren,3
39,US,Seasons 31+,4,Noura,8
39,US,Seasons 31+,4,Dean,2
39,US,Seasons 31+,4,Tommy,1
39,US,Seasons 31+,5,Tom,3
39,US,Seasons 31+,5,Jason,1
39,US,Seasons 31+,5,Jack,1
39,US,Seasons 31+,5,Kellee,2
39,US,Seasons 31+,5,Jamal,1
39,US,Seasons 31+,5,Aaron,3
39,US,Seasons 31+,5,Missy,2
39,US,Seasons 31+,5,Elizabeth,0
39,US,Seasons 31+,5,Karishma,6
39,US,Seasons 31+,5,Elaine,2
39,US,Seasons 31+,5,Dan,1
39,US,Seasons 31+,5,Janet,1
39,US,Seasons 31+,5,Lauren,1
39,US,Seasons 31+,5,Noura,1
39,US,Seasons 31+,5,Dean,5
39,US,Seasons 31+,5,Tommy,2
39,US,Seasons 31+,6,Jason,2
39,US,Seasons 31+,6,Jack,3
39,US,Seasons 31+,6,Kellee,0
39,US,Seasons 31+,6,Jamal,4
39,US,Seasons 31+,6,Aaron,3
39,US,Seasons 31+,6,Missy,2
39,US,Seasons 31+,6,Elizabeth,2
39,US,Seasons 31+,6,Karishma,0
39,US,Seasons 31+,6,Elaine,9
39,US,Seasons 31+,6,Dan,1
39,US,Seasons 31+,6,Janet,0
39,US,Seasons 31+,6,Lauren,1
39,US,Seasons 31+,6,Noura,1
39,US,Seasons 31+,6,Dean,1
39,US,Seasons 31+,6,Tommy,0
39,US,Seasons 31+,7,Jack,1
39,US,Seasons 31+,7,Kellee,6
39,US,Seasons 31+,7,Jamal,2
39,US,Seasons 31+,7,Aaron,1
39,US,Seasons 31+,7,Missy,2
39,US,Seasons 31+,7,Elizabeth,0
39,US,Seasons 31+,7,Karishma,1
39,US,Seasons 31+,7,Elaine,1
39,US,Seasons 31+,7,Dan,0
39,US,Seasons 31+,7,Janet,4
39,US,Seasons 31+,7,Lauren,4
39,US,Seasons 31+,7,Noura,2
39,US,Seasons 31+,7,Dean,2
39,US,Seasons 31+,7,Tommy,2
39,US,Seasons 31+,8,Kellee,12
39,US,Seasons 31+,8,Jamal,5
39,US,Seasons 31+,8,Aaron,1
39,US,Seasons 31+,8,Missy,3
39,US,Seasons 31+,8,Elizabeth,3
39,US,Seasons 31+,8,Karishma,1
39,US,Seasons 31+,8,Elaine,0
39,US,Seasons 31+,8,Dan,3
39,US,Seasons 31+,8,Janet,7
39,US,Seasons 31+,8,Lauren,1
39,US,Seasons 31+,8,Noura,1
39,US,Seasons 31+,8,Dean,2
39,US,Seasons 31+,8,Tommy,5
39,US,Seasons 31+,9,Aaron,1
39,US,Seasons 31+,9,Missy,3
39,US,Seasons 31+,9,Elizabeth,3
39,US,Seasons 31+,9,Karishma,9
39,US,Seasons 31+,9,Elaine,2
39,US,Seasons 31+,9,Dan,4
39,US,Seasons 31+,9,Janet,5
39,US,Seasons 31+,9,Lauren,2
39,US,Seasons 31+,9,Noura,2
39,US,Seasons 31+,9,Dean,3
39,US,Seasons 31+,9,Tommy,2
39,US,Seasons 31+,10,Elizabeth,3
39,US,Seasons 31+,10,Karishma,4
39,US,Seasons 31+,10,Elaine,2
39,US,Seasons 31+,10,Dan,3
39,US,Seasons 31+,10,Janet,2
39,US,Seasons 31+,10,Lauren,9
39,US,Seasons 31+,10,Noura,1
39,US,Seasons 31+,10,Dean,6
39,US,Seasons 31+,10,Tommy,4
39,US,Seasons 31+,11,Karishma,4
39,US,Seasons 31+,11,Elaine,3
39,US,Seasons 31+,11,Dan,1
39,US,Seasons 31+,11,Janet,1
39,US,Seasons 31+,11,Lauren,2
39,US,Seasons 31+,11,Noura,3
39,US,Seasons 31+,11,Dean,4
39,US,Seasons 31+,11,Tommy,3
39,US,Seasons 31+,12,Elaine,5
39,US,Seasons 31+,12,Dan,1
39,US,Seasons 31+,12,Janet,5
39,US,Seasons 31+,12,Lauren,5
39,US,Seasons 31+,12,Noura,1
39,US,Seasons 31+,12,Dean,7
39,US,Seasons 31+,12,Tommy,9
39,US,Seasons 31+,13,Janet,4
39,US,Seasons 31+,13,Lauren,7
39,US,Seasons 31+,13,Noura,11
39,US,Seasons 31+,13,Dean,14
39,US,Seasons 31+,13,Tommy,17
40,US,Seasons 31+,1,Adam,4
40,US,Seasons 31+,1,Amber,4
40,US,Seasons 31+,1,Ben,4
40,US,Seasons 31+,1,Boston Rob,4
40,US,Seasons 31+,1,Danni,2
40,US,Seasons 31+,1,Denise,1
40,US,Seasons 31+,1,Ethan,3
40,US,Seasons 31+,1,Jeremy,3
40,US,Seasons 31+,1,Kim,1
40,US,Seasons 31+,1,Michele,2
40,US,Seasons 31+,1,Natalie,7
40,US,Seasons 31+,1,Nick,1
40,US,Seasons 31+,1,Parvati,5
40,US,Seasons 31+,1,Sandra,6
40,US,Seasons 31+,1,Sarah,2
40,US,Seasons 31+,1,Sophie,2
40,US,Seasons 31+,1,Tony,6
40,US,Seasons 31+,1,Tyson,2
40,US,Seasons 31+,1,Wendell,1
40,US,Seasons 31+,1,Yul,4
40,US,Seasons 31+,2,Adam,5
40,US,Seasons 31+,2,Amber,4
40,US,Seasons 31+,2,Ben,2
40,US,Seasons 31+,2,Boston Rob,4
40,US,Seasons 31+,2,Danni,2
40,US,Seasons 31+,2,Denise,2
40,US,Seasons 31+,2,Ethan,1
40,US,Seasons 31+,2,Jeremy,2
40,US,Seasons 31+,2,Kim,2
40,US,Seasons 31+,2,Michele,0
40,US,Seasons 31+,2,Natalie,5
40,US,Seasons 31+,2,Nick,0
40,US,Seasons 31+,2,Parvati,2
40,US,Seasons 31+,2,Sandra,0
40,US,Seasons 31+,2,Sarah,2
40,US,Seasons 31+,2,Sophie,3
40,US,Seasons 31+,2,Tony,2
40,US,Seasons 31+,2,Tyson,2
40,US,Seasons 31+,2,Wendell,1
40,US,Seasons 31+,2,Yul,1
40,US,Seasons 31+,3,Adam,4
40,US,Seasons 31+,3,Amber,2
40,US,Seasons 31+,3,Ben,2
40,US,Seasons 31+,3,Boston Rob,3
40,US,Seasons 31+,3,Danni,2
40,US,Seasons 31+,3,Denise,2
40,US,Seasons 31+,3,Ethan,2
40,US,Seasons 31+,3,Jeremy,1
40,US,Seasons 31+,3,Kim,0
40,US,Seasons 31+,3,Michele,3
40,US,Seasons 31+,3,Natalie,3
40,US,Seasons 31+,3,Nick,1
40,US,Seasons 31+,3,Parvati,1
40,US,Seasons 31+,3,Sandra,3
40,US,Seasons 31+,3,Sarah,3
40,US,Seasons 31+,3,Sophie,0
40,US,Seasons 31+,3,Tony,3
40,US,Seasons 31+,3,Tyson,1
40,US,Seasons 31+,3,Wendell,0
40,US,Seasons 31+,3,Yul,3
40,US,Seasons 31+,4,Adam,5
40,US,Seasons 31+,4,Amber,7
40,US,Seasons 31+,4,Ben,1
40,US,Seasons 31+,4,Boston Rob,1
40,US,Seasons 31+,4,Danni,3
40,US,Seasons 31+,4,Denise,0
40,US,Seasons 31+,4,Ethan,8
40,US,Seasons 31+,4,Jeremy,2
40,US,Seasons 31+,4,Kim,0
40,US,Seasons 31+,4,Michele,1
40,US,Seasons 31+,4,Natalie,3
40,US,Seasons 31+,4,Nick,1
40,US,Seasons 31+,4,Parvati,1
40,US,Seasons 31+,4,Sandra,3
40,US,Seasons 31+,4,Sarah,3
40,US,Seasons 31+,4,Sophie,1
40,US,Seasons 31+,4,Tony,1
40,US,Seasons 31+,4,Tyson,5
40,US,Seasons 31+,4,Wendell,1
40,US,Seasons 31+,4,Yul,1
40,US,Seasons 31+,5,Adam,3
40,US,Seasons 31+,5,Amber,0
40,US,Seasons 31+,5,Ben,2
40,US,Seasons 31+,5,Boston Rob,6
40,US,Seasons 31+,5,Danni,0
40,US,Seasons 31+,5,Denise,1
40,US,Seasons 31+,5,Ethan,0
40,US,Seasons 31+,5,Jeremy,2
40,US,Seasons 31+,5,Kim,2
40,US,Seasons 31+,5,Michele,3
40,US,Seasons 31+,5,Natalie,0
40,US,Seasons 31+,5,Nick,2
40,US,Seasons 31+,5,Parvati,3
40,US,Seasons 31+,5,Sandra,0
40,US,Seasons 31+,5,Sarah,4
40,US,Seasons 31+,5,Sophie,6
40,US,Seasons 31+,5,Tony,1
40,US,Seasons 31+,5,Tyson,0
40,US,Seasons 31+,5,Wendell,1
40,US,Seasons 31+,5,Yul,1
40,US,Seasons 31+,6,Adam,2
40,US,Seasons 31+,6,Amber,1
40,US,Seasons 31+,6,Ben,1
40,US,Seasons 31+,6,Boston Rob,1
40,US,Seasons 31+,6,Danni,0
40,US,Seasons 31+,6,Denise,4
40,US,Seasons 31+,6,Ethan,0
40,US,Seasons 31+,6,Jeremy,2
40,US,Seasons 31+,6,Kim,2
40,US,Seasons 31+,6,Michele,2
40,US,Seasons 31+,6,Natalie,0
40,US,Seasons 31+,6,Nick,3
40,US,Seasons 31+,6,Parvati,3
40,US,Seasons 31+,6,Sandra,2
40,US,Seasons 31+,6,Sarah,0
40,US,Seasons 31+,6,Sophie,0
40,US,Seasons 31+,6,Tony,2
40,US,Seasons 31+,6,Tyson,5
40,US,Seasons 31+,6,Wendell,1
40,US,Seasons 31+,6,Yul,0
40,US,Seasons 31+,7,Adam,3
40,US,Seasons 31+,7,Amber,0
40,US,Seasons 31+,7,Ben,1
40,US,Seasons 31+,7,Boston Rob,2
40,US,Seasons 31+,7,Danni,0
40,US,Seasons 31+,7,Denise,1
40,US,Seasons 31+,7,Ethan,2
40,US,Seasons 31+,7,Jeremy,1
40,US,Seasons 31+,7,Kim,1
40,US,Seasons 31+,7,Michele,2
40,US,Seasons 31+,7,Natalie,0
40,US,Seasons 31+,7,Nick,2
40,US,Seasons 31+,7,Parvati,1
40,US,Seasons 31+,7,Sandra,2
40,US,Seasons 31+,7,Sarah,1
40,US,Seasons 31+,7,Sophie,2
40,US,Seasons 31+,7,Tony,1
40,US,Seasons 31+,7,Tyson,4
40,US,Seasons 31+,7,Wendell,2
40,US,Seasons 31+,7,Yul,5
40,US,Seasons 31+,8,Adam,2
40,US,Seasons 31+,8,Amber,0
40,US,Seasons 31+,8,Ben,4
40,US,Seasons 31+,8,Boston Rob,1
40,US,Seasons 31+,8,Danni,1
40,US,Seasons 31+,8,Denise,1
40,US,Seasons 31+,8,Ethan,0
40,US,Seasons 31+,8,Jeremy,3
40,US,Seasons 31+,8,Kim,1
40,US,Seasons 31+,8,Michele,0
40,US,Seasons 31+,8,Natalie,1
40,US,Seasons 31+,8,Nick,1
40,US,Seasons 31+,8,Parvati,0
40,US,Seasons 31+,8,Sarah,1
40,US,Seasons 31+,8,Sophie,2
40,US,Seasons 31+,8,Tony,3
40,US,Seasons 31+,8,Tyson,2
40,US,Seasons 31+,8,Wendell,3
40,US,Seasons 31+,8,Yul,0
40,US,Seasons 31+,9,Adam,6
40,US,Seasons 31+,9,Amber,1
40,US,Seasons 31+,9,Ben,1
40,US,Seasons 31+,9,Boston Rob,0
40,US,Seasons 31+,9,Danni,1
40,US,Seasons 31+,9,Denise,0
40,US,Seasons 31+,9,Ethan,0
40,US,Seasons 31+,9,Jeremy,1
40,US,Seasons 31+,9,Kim,2
40,US,Seasons 31+,9,Michele,4
40,US,Seasons 31+,9,Natalie,1
40,US,Seasons 31+,9,Nick,5
40,US,Seasons 31+,9,Parvati,2
40,US,Seasons 31+,9,Sarah,2
40,US,Seasons 31+,9,Sophie,0
40,US,Seasons 31+,9,Tony,2
40,US,Seasons 31+,9,Tyson,1
40,US,Seasons 31+,9,Wendell,0
40,US,Seasons 31+,9,Yul,0
40,US,Seasons 31+,10,Adam,2
40,US,Seasons 31+,10,Amber,1
40,US,Seasons 31+,10,Ben,2
40,US,Seasons 31+,10,Boston Rob,1
40,US,Seasons 31+,10,Danni,0
40,US,Seasons 31+,10,Denise,0
40,US,Seasons 31+,10,Ethan,1
40,US,Seasons 31+,10,Jeremy,2
40,US,Seasons 31+,10,Kim,1
40,US,Seasons 31+,10,Michele,0
40,US,Seasons 31+,10,Natalie,1
40,US,Seasons 31+,10,Nick,0
40,US,Seasons 31+,10,Parvati,1
40,US,Seasons 31+,10,Sarah,4
40,US,Seasons 31+,10,Sophie,1
40,US,Seasons 31+,10,Tony,2
40,US,Seasons 31+,10,Tyson,2
40,US,Seasons 31+,10,Wendell,1
40,US,Seasons 31+,10,Yul,1
40,US,Seasons 31+,11,Adam,0
40,US,Seasons 31+,11,Amber,0
40,US,Seasons 31+,11,Ben,1
40,US,Seasons 31+,11,Boston Rob,0
40,US,Seasons 31+,11,Danni,0
40,US,Seasons 31+,11,Denise,2
40,US,Seasons 31+,11,Ethan,0
40,US,Seasons 31+,11,Jeremy,6
40,US,Seasons 31+,11,Kim,2
40,US,Seasons 31+,11,Michele,3
40,US,Seasons 31+,11,Natalie,2
40,US,Seasons 31+,11,Nick,0
40,US,Seasons 31+,11,Parvati,4
40,US,Seasons 31+,11,Sarah,2
40,US,Seasons 31+,11,Sophie,2
40,US,Seasons 31+,11,Tony,16
40,US,Seasons 31+,11,Tyson,0
40,US,Seasons 31+,11,Wendell,0
40,US,Seasons 31+,11,Yul,0
40,US,Seasons 31+,12,Adam,1
40,US,Seasons 31+,12,Amber,1
40,US,Seasons 31+,12,Ben,5
40,US,Seasons 31+,12,Boston Rob,4
40,US,Seasons 31+,12,Danni,3
40,US,Seasons 31+,12,Denise,1
40,US,Seasons 31+,12,Ethan,2
40,US,Seasons 31+,12,Jeremy,4
40,US,Seasons 31+,12,Kim,5
40,US,Seasons 31+,12,Michele,3
40,US,Seasons 31+,12,Natalie,1
40,US,Seasons 31+,12,Nick,4
40,US,Seasons 31+,12,Parvati,2
40,US,Seasons 31+,12,Sarah,4
40,US,Seasons 31+,12,Sophie,1
40,US,Seasons 31+,12,Tony,8
40,US,Seasons 31+,12,Tyson,2
40,US,Seasons 31+,12,Wendell,1
40,US,Seasons 31+,12,Yul,1
40,US,Seasons 31+,13,Adam,0
40,US,Seasons 31+,13,Amber,0
40,US,Seasons 31+,13,Ben,4
40,US,Seasons 31+,13,Boston Rob,1
40,US,Seasons 31+,13,Danni,0
40,US,Seasons 31+,13,Denise,3
40,US,Seasons 31+,13,Ethan,0
40,US,Seasons 31+,13,Jeremy,3
40,US,Seasons 31+,13,Kim,0
40,US,Seasons 31+,13,Michele,2
40,US,Seasons 31+,13,Natalie,0
40,US,Seasons 31+,13,Nick,1
40,US,Seasons 31+,13,Parvati,0
40,US,Seasons 31+,13,Sarah,3
40,US,Seasons 31+,13,Sophie,0
40,US,Seasons 31+,13,Tony,5
40,US,Seasons 31+,13,Tyson,0
40,US,Seasons 31+,13,Wendell,0
40,US,Seasons 31+,13,Yul,0
40,US,Seasons 31+,14,Adam,0
40,US,Seasons 31+,14,Amber,1
40,US,Seasons 31+,14,Ben,5
40,US,Seasons 31+,14,Boston Rob,1
40,US,Seasons 31+,14,Danni,1
40,US,Seasons 31+,14,Denise,2
40,US,Seasons 31+,14,Ethan,1
40,US,Seasons 31+,14,Jeremy,1
40,US,Seasons 31+,14,Kim,1
40,US,Seasons 31+,14,Michele,12
40,US,Seasons 31+,14,Natalie,14
40,US,Seasons 31+,14,Nick,7
40,US,Seasons 31+,14,Parvati,1
40,US,Seasons 31+,14,Sarah,9
40,US,Seasons 31+,14,Sophie,0
40,US,Seasons 31+,14,Tony,21
40,US,Seasons 31+,14,Tyson,3
40,US,Seasons 31+,14,Wendell,2
40,US,Seasons 31+,14,Yul,1
41,US,Seasons 31+,1,Abraham,2
41,US,Seasons 31+,1,Sara,4
41,US,Seasons 31+,1,Heather,1
41,US,Seasons 31+,1,Erika,2
41,US,Seasons 31+,1,Genie,2
41,US,Seasons 31+,1,Ricard,4
41,US,Seasons 31+,1,Xander,5
41,US,Seasons 31+,1,Evvie,9
41,US,Seasons 31+,1,Danny,8
41,US,Seasons 31+,1,Naseer,2
41,US,Seasons 31+,1,Deshawn,4
41,US,Seasons 31+,1,Brad,1
41,US,Seasons 31+,1,JD,11
41,US,Seasons 31+,1,Tiffany,4
41,US,Seasons 31+,1,Sydney,3
41,US,Seasons 31+,1,Shan,4
41,US,Seasons 31+,1,Voce,4
41,US,Seasons 31+,1,Liana,3
41,US,Seasons 31+,2,Heather,0
41,US,Seasons 31+,2,Erika,0
41,US,Seasons 31+,2,Genie,0
41,US,Seasons 31+,2,Ricard,1
41,US,Seasons 31+,2,Xander,4
41,US,Seasons 31+,2,Evvie,10
41,US,Seasons 31+,2,Danny,0
41,US,Seasons 31+,2,Naseer,1
41,US,Seasons 31+,2,Deshawn,2
41,US,Seasons 31+,2,Brad,3
41,US,Seasons 31+,2,JD,0
41,US,Seasons 31+,2,Tiffany,3
41,US,Seasons 31+,2,Sydney,1
41,US,Seasons 31+,2,Shan,1
41,US,Seasons 31+,2,Voce,2
41,US,Seasons 31+,2,Liana,2
41,US,Seasons 31+,3,Heather,0
41,US,Seasons 31+,3,Erika,0
41,US,Seasons 31+,3,Genie,1
41,US,Seasons 31+,3,Ricard,1
41,US,Seasons 31+,3,Xander,0
41,US,Seasons 31+,3,Evvie,0
41,US,Seasons 31+,3,Danny,0
41,US,Seasons 31+,3,Naseer,1
41,US,Seasons 31+,3,Deshawn,1
41,US,Seasons 31+,3,Brad,10
41,US,Seasons 31+,3,JD,4
41,US,Seasons 31+,3,Tiffany,5
41,US,Seasons 31+,3,Sydney,5
41,US,Seasons 31+,3,Shan,6
41,US,Seasons 31+,3,Liana,2
41,US,Seasons 31+,4,Heather,1
41,US,Seasons 31+,4,Erika,2
41,US,Seasons 31+,4,Genie,4
41,US,Seasons 31+,4,Ricard,1
41,US,Seasons 31+,4,Xander,0
41,US,Seasons 31+,4,Evvie,1
41,US,Seasons 31+,4,Danny,3
41,US,Seasons 31+,4,Naseer,0
41,US,Seasons 31+,4,Deshawn,9
41,US,Seasons 31+,4,JD,7
41,US,Seasons 31+,4,Tiffany,1
41,US,Seasons 31+,4,Sydney,2
41,US,Seasons 31+,4,Shan,6
41,US,Seasons 31+,4,Liana,0
41,US,Seasons 31+,5,Heather,0
41,US,Seasons 31+,5,Erika,0
41,US,Seasons 31+,5,Genie,4
41,US,Seasons 31+,5,Ricard,3
41,US,Seasons 31+,5,Xander,2
41,US,Seasons 31+,5,Evvie,1
41,US,Seasons 31+,5,Danny,2
41,US,Seasons 31+,5,Naseer,3
41,US,Seasons 31+,5,Deshawn,0
41,US,Seasons 31+,5,Tiffany,3
41,US,Seasons 31+,5,Sydney,1
41,US,Seasons 31+,5,Shan,13
41,US,Seasons 31+,5,Liana,2
41,US,Seasons 31+,6,Heather,0
41,US,Seasons 31+,6,Erika,5
41,US,Seasons 31+,6,Ricard,4
41,US,Seasons 31+,6,Xander,4
41,US,Seasons 31+,6,Evvie,2
41,US,Seasons 31+,6,Danny,2
41,US,Seasons 31+,6,Naseer,1
41,US,Seasons 31+,6,Deshawn,2
41,US,Seasons 31+,6,Tiffany,6
41,US,Seasons 31+,6,Sydney,2
41,US,Seasons 31+,6,Shan,6
41,US,Seasons 31+,6,Liana,6
41,US,Seasons 31+,7,Heather,0
41,US,Seasons 31+,7,Erika,2
41,US,Seasons 31+,7,Ricard,0
41,US,Seasons 31+,7,Xander,5
41,US,Seasons 31+,7,Evvie,4
41,US,Seasons 31+,7,Danny,0
41,US,Seasons 31+,7,Naseer,0
41,US,Seasons 31+,7,Deshawn,3
41,US,Seasons 31+,7,Tiffany,0
41,US,Seasons 31+,7,Sydney,1
41,US,Seasons 31+,7,Shan,0
41,US,Seasons 31+,7,Liana,6
41,US,Seasons 31+,8,Heather,2
41,US,Seasons 31+,8,Erika,1
41,US,Seasons 31+,8,Ricard,1
41,US,Seasons 31+,8,Xander,6
41,US,Seasons 31+,8,Evvie,4
41,US,Seasons 31+,8,Danny,0
41,US,Seasons 31+,8,Naseer,2
41,US,Seasons 31+,8,Deshawn,2
41,US,Seasons 31+,8,Tiffany,3
41,US,Seasons 31+,8,Shan,5
41,US,Seasons 31+,8,Liana,5
41,US,Seasons 31+,9,Heather,2
41,US,Seasons 31+,9,Erika,2
41,US,Seasons 31+,9,Ricard,3
41,US,Seasons 31+,9,Xander,6
41,US,Seasons 31+,9,Evvie,4
41,US,Seasons 31+,9,Danny,1
41,US,Seasons 31+,9,Naseer,1
41,US,Seasons 31+,9,Deshawn,5
41,US,Seasons 31+,9,Shan,5
41,US,Seasons 31+,9,Liana,3
41,US,Seasons 31+,10,Heather,0
41,US,Seasons 31+,10,Erika,3
41,US,Seasons 31+,10,Ricard,6
41,US,Seasons 31+,10,Xander,0
41,US,Seasons 31+,10,Danny,6
41,US,Seasons 31+,10,Deshawn,5
41,US,Seasons 31+,10,Shan,5
41,US,Seasons 31+,10,Liana,2
41,US,Seasons 31+,11,Heather,0
41,US,Seasons 31+,11,Erika,3
41,US,Seasons 31+,11,Ricard,4
41,US,Seasons 31+,11,Xander,4
41,US,Seasons 31+,11,Danny,3
41,US,Seasons 31+,11,Deshawn,3
41,US,Seasons 31+,11,Liana,3
41,US,Seasons 31+,12,Heather,4
41,US,Seasons 31+,12,Erika,6
41,US,Seasons 31+,12,Ricard,2
41,US,Seasons 31+,12,Xander,3
41,US,Seasons 31+,12,Danny,4
41,US,Seasons 31+,12,Deshawn,11
41,US,Seasons 31+,13,Heather,3
41,US,Seasons 31+,13,Erika,13
41,US,Seasons 31+,13,Ricard,6
41,US,Seasons 31+,13,Xander,17
41,US,Seasons 31+,13,Deshawn,9
42,US,Seasons 31+,1,Chanelle,2
42,US,Seasons 31+,1,Daniel,3
42,US,Seasons 31+,1,Drea,4
42,US,Seasons 31+,1,Hai,3
42,US,Seasons 31+,1,Jackson,2
42,US,Seasons 31+,1,Jenny,4
42,US,Seasons 31+,1,Jonathan,2
42,US,Seasons 31+,1,Lindsay,2
42,US,Seasons 31+,1,Lydia,3
42,US,Seasons 31+,1,Marya,2
42,US,Seasons 31+,1,Maryanne,5
42,US,Seasons 31+,1,Mike,4
42,US,Seasons 31+,1,Omar,5
42,US,Seasons 31+,1,Rocksroy,3
42,US,Seasons 31+,1,Romeo,4
42,US,Seasons 31+,1,Swati,2
42,US,Seasons 31+,1,Tori,5
42,US,Seasons 31+,1,Zach,7
42,US,Seasons 31+,2,Chanelle,2
42,US,Seasons 31+,2,Daniel,2
42,US,Seasons 31+,2,Drea,1
42,US,Seasons 31+,2,Hai,2
42,US,Seasons 31+,2,Jenny,1
42,US,Seasons 31+,2,Jonathan,4
42,US,Seasons 31+,2,Lindsay,2
42,US,Seasons 31+,2,Lydia,0
42,US,Seasons 31+,2,Marya,4
42,US,Seasons 31+,2,Maryanne,2
42,US,Seasons 31+,2,Mike,5
42,US,Seasons 31+,2,Omar,4
42,US,Seasons 31+,2,Rocksroy,0
42,US,Seasons 31+,2,Romeo,1
42,US,Seasons 31+,2,Swati,1
42,US,Seasons 31+,2,Tori,2
42,US,Seasons 31+,3,Chanelle,5
42,US,Seasons 31+,3,Daniel,5
42,US,Seasons 31+,3,Drea,0
42,US,Seasons 31+,3,Hai,2
42,US,Seasons 31+,3,Jenny,1
42,US,Seasons 31+,3,Jonathan,0
42,US,Seasons 31+,3,Lindsay,2
42,US,Seasons 31+,3,Lydia,1
42,US,Seasons 31+,3,Maryanne,3
42,US,Seasons 31+,3,Mike,4
42,US,Seasons 31+,3,Omar,3
42,US,Seasons 31+,3,Rocksroy,0
42,US,Seasons 31+,3,Romeo,0
42,US,Seasons 31+,3,Swati,0
42,US,Seasons 31+,3,Tori,0
42,US,Seasons 31+,4,Chanelle,1
42,US,Seasons 31+,4,Daniel,2
42,US,Seasons 31+,4,Drea,3
42,US,Seasons 31+,4,Hai,3
42,US,Seasons 31+,4,Jonathan,1
42,US,Seasons 31+,4,Lindsay,1
42,US,Seasons 31+,4,Lydia,0
42,US,Seasons 31+,4,Maryanne,3
42,US,Seasons 31+,4,Mike,2
42,US,Seasons 31+,4,Omar,1
42,US,Seasons 31+,4,Rocksroy,2
42,US,Seasons 31+,4,Romeo,3
42,US,Seasons 31+,4,Swati,4
42,US,Seasons 31+,4,Tori,3
42,US,Seasons 31+,5,Chanelle,1
42,US,Seasons 31+,5,Daniel,3
42,US,Seasons 31+,5,Drea,4
42,US,Seasons 31+,5,Hai,6
42,US,Seasons 31+,5,Jonathan,3
42,US,Seasons 31+,5,Lindsay,0
42,US,Seasons 31+,5,Lydia,5
42,US,Seasons 31+,5,Maryanne,2
42,US,Seasons 31+,5,Mike,5
42,US,Seasons 31+,5,Omar,1
42,US,Seasons 31+,5,Rocksroy,3
42,US,Seasons 31+,5,Romeo,2
42,US,Seasons 31+,5,Tori,1
42,US,Seasons 31+,6,Chanelle,2
42,US,Seasons 31+,6,Drea,3
42,US,Seasons 31+,6,Hai,3
42,US,Seasons 31+,6,Jonathan,2
42,US,Seasons 31+,6,Lindsay,2
42,US,Seasons 31+,6,Lydia,2
42,US,Seasons 31+,6,Maryanne,2
42,US,Seasons 31+,6,Mike,4
42,US,Seasons 31+,6,Omar,2
42,US,Seasons 31+,6,Rocksroy,7
42,US,Seasons 31+,6,Romeo,4
42,US,Seasons 31+,6,Tori,4
42,US,Seasons 31+,7,Chanelle,3
42,US,Seasons 31+,7,Drea,1
42,US,Seasons 31+,7,Hai,5
42,US,Seasons 31+,7,Jonathan,2
42,US,Seasons 31+,7,Lindsay,1
42,US,Seasons 31+,7,Lydia,3
42,US,Seasons 31+,7,Maryanne,2
42,US,Seasons 31+,7,Mike,0
42,US,Seasons 31+,7,Omar,4
42,US,Seasons 31+,7,Rocksroy,4
42,US,Seasons 31+,7,Romeo,1
42,US,Seasons 31+,7,Tori,0
42,US,Seasons 31+,8,Chanelle,2
42,US,Seasons 31+,8,Drea,8
42,US,Seasons 31+,8,Hai,4
42,US,Seasons 31+,8,Jonathan,1
42,US,Seasons 31+,8,Lindsay,0
42,US,Seasons 31+,8,Maryanne,2
42,US,Seasons 31+,8,Mike,5
42,US,Seasons 31+,8,Omar,3
42,US,Seasons 31+,8,Rocksroy,0
42,US,Seasons 31+,8,Romeo,1
42,US,Seasons 31+,8,Tori,2
42,US,Seasons 31+,9,Drea,1
42,US,Seasons 31+,9,Hai,3
42,US,Seasons 31+,9,Jonathan,3
42,US,Seasons 31+,9,Lindsay,4
42,US,Seasons 31+,9,Maryanne,1
42,US,Seasons 31+,9,Mike,3
42,US,Seasons 31+,9,Omar,3
42,US,Seasons 31+,9,Rocksroy,2
42,US,Seasons 31+,9,Romeo,4
42,US,Seasons 31+,9,Tori,1
42,US,Seasons 31+,10,Drea,2
42,US,Seasons 31+,10,Hai,6
42,US,Seasons 31+,10,Jonathan,1
42,US,Seasons 31+,10,Lindsay,5
42,US,Seasons 31+,10,Maryanne,3
42,US,Seasons 31+,10,Mike,5
42,US,Seasons 31+,10,Omar,6
42,US,Seasons 31+,10,Romeo,1
42,US,Seasons 31+,11,Drea,7
42,US,Seasons 31+,11,Jonathan,5
42,US,Seasons 31+,11,Lindsay,5
42,US,Seasons 31+,11,Maryanne,2
42,US,Seasons 31+,11,Mike,6
42,US,Seasons 31+,11,Omar,4
42,US,Seasons 31+,11,Romeo,3
42,US,Seasons 31+,12,Jonathan,4
42,US,Seasons 31+,12,Lindsay,7
42,US,Seasons 31+,12,Maryanne,7
42,US,Seasons 31+,12,Mike,8
42,US,Seasons 31+,12,Omar,5
42,US,Seasons 31+,12,Romeo,1
42,US,Seasons 31+,13,Jonathan,3
42,US,Seasons 31+,13,Lindsay,14
42,US,Seasons 31+,13,Maryanne,9
42,US,Seasons 31+,13,Mike,7
42,US,Seasons 31+,13,Romeo,8
43,US,Seasons 31+,1,Cassidy,3
43,US,Seasons 31+,1,Cody,8
43,US,Seasons 31+,1,Dwight,7
43,US,Seasons 31+,1,Elie,9
43,US,Seasons 31+,1,Geo,3
43,US,Seasons 31+,1,James,4
43,US,Seasons 31+,1,Jeanine,1
43,US,Seasons 31+,1,Jesse,3
43,US,Seasons 31+,1,Justine,2
43,US,Seasons 31+,1,Karla,7
43,US,Seasons 31+,1,Lindsay,4
43,US,Seasons 31+,1,Gabler,8
43,US,Seasons 31+,1,Morriah,3
43,US,Seasons 31+,1,Nneka,2
43,US,Seasons 31+,1,Noelle,2
43,US,Seasons 31+,1,Owen,5
43,US,Seasons 31+,1,Ryan,4
43,US,Seasons 31+,1,Sami,7
43,US,Seasons 31+,2,Cassidy,0
43,US,Seasons 31+,2,Cody,11
43,US,Seasons 31+,2,Dwight,3
43,US,Seasons 31+,2,Elie,5
43,US,Seasons 31+,2,Geo,1
43,US,Seasons 31+,2,James,0
43,US,Seasons 31+,2,Jeanine,4
43,US,Seasons 31+,2,Jesse,11
43,US,Seasons 31+,2,Justine,2
43,US,Seasons 31+,2,Karla,1
43,US,Seasons 31+,2,Lindsay,0
43,US,Seasons 31+,2,Gabler,3
43,US,Seasons 31+,2,Nneka,1
43,US,Seasons 31+,2,Noelle,2
43,US,Seasons 31+,2,Owen,3
43,US,Seasons 31+,2,Ryan,1
43,US,Seasons 31+,2,Sami,3
43,US,Seasons 31+,3,Cassidy,1
43,US,Seasons 31+,3,Cody,3
43,US,Seasons 31+,3,Dwight,3
43,US,Seasons 31+,3,Elie,1
43,US,Seasons 31+,3,Geo,0
43,US,Seasons 31+,3,James,1
43,US,Seasons 31+,3,Jeanine,0
43,US,Seasons 31+,3,Jesse,2
43,US,Seasons 31+,3,Karla,5
43,US,Seasons 31+,3,Lindsay,1
43,US,Seasons 31+,3,Gabler,4
43,US,Seasons 31+,3,Nneka,4
43,US,Seasons 31+,3,Noelle,5
43,US,Seasons 31+,3,Owen,2
43,US,Seasons 31+,3,Ryan,0
43,US,Seasons 31+,3,Sami,1
43,US,Seasons 31+,4,Cassidy,3
43,US,Seasons 31+,4,Cody,5
43,US,Seasons 31+,4,Dwight,1
43,US,Seasons 31+,4,Elie,1
43,US,Seasons 31+,4,Geo,2
43,US,Seasons 31+,4,James,3
43,US,Seasons 31+,4,Jeanine,0
43,US,Seasons 31+,4,Jesse,2
43,US,Seasons 31+,4,Karla,3
43,US,Seasons 31+,4,Lindsay,3
43,US,Seasons 31+,4,Gabler,1
43,US,Seasons 31+,4,Noelle,1
43,US,Seasons 31+,4,Owen,0
43,US,Seasons 31+,4,Ryan,1
43,US,Seasons 31+,4,Sami,1
43,US,Seasons 31+,5,Cassidy,7
43,US,Seasons 31+,5,Cody,0
43,US,Seasons 31+,5,Dwight,0
43,US,Seasons 31+,5,Elie,3
43,US,Seasons 31+,5,Geo,6
43,US,Seasons 31+,5,James,2
43,US,Seasons 31+,5,Jeanine,6
43,US,Seasons 31+,5,Jesse,6
43,US,Seasons 31+,5,Karla,3
43,US,Seasons 31+,5,Gabler,1
43,US,Seasons 31+,5,Noelle,0
43,US,Seasons 31+,5,Owen,1
43,US,Seasons 31+,5,Ryan,3
43,US,Seasons 31+,5,Sami,3
43,US,Seasons 31+,6,Cassidy,2
43,US,Seasons 31+,6,Cody,2
43,US,Seasons 31+,6,Dwight,0
43,US,Seasons 31+,6,Elie,7
43,US,Seasons 31+,6,James,3
43,US,Seasons 31+,6,Jeanine,5
43,US,Seasons 31+,6,Jesse,2
43,US,Seasons 31+,6,Karla,3
43,US,Seasons 31+,6,Gabler,2
43,US,Seasons 31+,6,Noelle,2
43,US,Seasons 31+,6,Owen,2
43,US,Seasons 31+,6,Ryan,1
43,US,Seasons 31+,6,Sami,3
43,US,Seasons 31+,7,Cassidy,0
43,US,Seasons 31+,7,Cody,2
43,US,Seasons 31+,7,Dwight,1
43,US,Seasons 31+,7,James,3
43,US,Seasons 31+,7,Jeanine,7
43,US,Seasons 31+,7,Jesse,3
43,US,Seasons 31+,7,Karla,0
43,US,Seasons 31+,7,Gabler,2
43,US,Seasons 31+,7,Noelle,2
43,US,Seasons 31+,7,Owen,4
43,US,Seasons 31+,7,Ryan,0
43,US,Seasons 31+,7,Sami,2
43,US,Seasons 31+,8,Cassidy,2
43,US,Seasons 31+,8,Cody,3
43,US,Seasons 31+,8,James,2
43,US,Seasons 31+,8,Jeanine,4
43,US,Seasons 31+,8,Jesse,2
43,US,Seasons 31+,8,Karla,2
43,US,Seasons 31+,8,Gabler,2
43,US,Seasons 31+,8,Noelle,1
43,US,Seasons 31+,8,Owen,3
43,US,Seasons 31+,8,Ryan,5
43,US,Seasons 31+,8,Sami,6
43,US,Seasons 31+,9,Cassidy,2
43,US,Seasons 31+,9,Cody,3
43,US,Seasons 31+,9,James,4
43,US,Seasons 31+,9,Jesse,2
43,US,Seasons 31+,9,Karla,5
43,US,Seasons 31+,9,Gabler,3
43,US,Seasons 31+,9,Noelle,1
43,US,Seasons 31+,9,Owen,5
43,US,Seasons 31+,9,Ryan,2
43,US,Seasons 31+,9,Sami,2
43,US,Seasons 31+,10,Cassidy,4
43,US,Seasons 31+,10,Cody,1
43,US,Seasons 31+,10,Jesse,9
43,US,Seasons 31+,10,Karla,2
43,US,Seasons 31+,10,Gabler,3
43,US,Seasons 31+,10,Noelle,5
43,US,Seasons 31+,10,Owen,1
43,US,Seasons 31+,10,Sami,0
43,US,Seasons 31+,11,Cassidy,2
43,US,Seasons 31+,11,Cody,6
43,US,Seasons 31+,11,Jesse,1
43,US,Seasons 31+,11,Karla,3
43,US,Seasons 31+,11,Gabler,2
43,US,Seasons 31+,11,Owen,5
43,US,Seasons 31+,11,Sami,7
43,US,Seasons 31+,12,Cassidy,4
43,US,Seasons 31+,12,Cody,6
43,US,Seasons 31+,12,Jesse,6
43,US,Seasons 31+,12,Karla,8
43,US,Seasons 31+,12,Gabler,4
43,US,Seasons 31+,12,Owen,6
43,US,Seasons 31+,13,Cassidy,14
43,US,Seasons 31+,13,Jesse,11
43,US,Seasons 31+,13,Karla,11
43,US,Seasons 31+,13,Gabler,10
43,US,Seasons 31+,13,Owen,16
44,US,Seasons 31+,1,Brandon,14
44,US,Seasons 31+,1,Jaime,5
44,US,Seasons 31+,1,Kane,6
44,US,Seasons 31+,1,Lauren,7
44,US,Seasons 31+,1,Maddy,6
44,US,Seasons 31+,1,Matthew,12
44,US,Seasons 31+,1,Claire,3
44,US,Seasons 31+,1,Danny,2
44,US,Seasons 31+,1,Frannie,5
44,US,Seasons 31+,1,Heidi,3
44,US,Seasons 31+,1,Josh,2
44,US,Seasons 31+,1,Matt,10
44,US,Seasons 31+,1,Bruce,2
44,US,Seasons 31+,1,Carolyn,6
44,US,Seasons 31+,1,Carson,8
44,US,Seasons 31+,1,Helen,4
44,US,Seasons 31+,1,Sarah,7
44,US,Seasons 31+,1,Yam Yam,7
44,US,Seasons 31+,2,Brandon,1
44,US,Seasons 31+,2,Jaime,0
44,US,Seasons 31+,2,Kane,3
44,US,Seasons 31+,2,Lauren,2
44,US,Seasons 31+,2,Matthew,1
44,US,Seasons 31+,2,Claire,1
44,US,Seasons 31+,2,Danny,4
44,US,Seasons 31+,2,Frannie,3
44,US,Seasons 31+,2,Heidi,0
44,US,Seasons 31+,2,Josh,0
44,US,Seasons 31+,2,Matt,2
44,US,Seasons 31+,2,Carolyn,9
44,US,Seasons 31+,2,Carson,4
44,US,Seasons 31+,2,Helen,4
44,US,Seasons 31+,2,Sarah,2
44,US,Seasons 31+,2,Yam Yam,5
44,US,Seasons 31+,3,Brandon,1
44,US,Seasons 31+,3,Jaime,2
44,US,Seasons 31+,3,Kane,1
44,US,Seasons 31+,3,Lauren,1
44,US,Seasons 31+,3,Matthew,1
44,US,Seasons 31+,3,Claire,3
44,US,Seasons 31+,3,Danny,6
44,US,Seasons 31+,3,Frannie,3
44,US,Seasons 31+,3,Heidi,3
44,US,Seasons 31+,3,Josh,2
44,US,Seasons 31+,3,Matt,4
44,US,Seasons 31+,3,Carolyn,1
44,US,Seasons 31+,3,Carson,2
44,US,Seasons 31+,3,Sarah,4
44,US,Seasons 31+,3,Yam Yam,1
44,US,Seasons 31+,4,Brandon,1
44,US,Seasons 31+,4,Jaime,4
44,US,Seasons 31+,4,Kane,0
44,US,Seasons 31+,4,Lauren,0
44,US,Seasons 31+,4,Matthew,3
44,US,Seasons 31+,4,Danny,1
44,US,Seasons 31+,4,Frannie,1
44,US,Seasons 31+,4,Heidi,1
44,US,Seasons 31+,4,Josh,7
44,US,Seasons 31+,4,Matt,1
44,US,Seasons 31+,4,Carolyn,5
44,US,Seasons 31+,4,Carson,3
44,US,Seasons 31+,4,Sarah,5
44,US,Seasons 31+,4,Yam Yam,5
44,US,Seasons 31+,5,Brandon,2
44,US,Seasons 31+,5,Jaime,3
44,US,Seasons 31+,5,Kane,1
44,US,Seasons 31+,5,Lauren,0
44,US,Seasons 31+,5,Matthew,4
44,US,Seasons 31+,5,Danny,2
44,US,Seasons 31+,5,Frannie,2
44,US,Seasons 31+,5,Heidi,0
44,US,Seasons 31+,5,Josh,8
44,US,Seasons 31+,5,Matt,1
44,US,Seasons 31+,5,Carolyn,11
44,US,Seasons 31+,5,Carson,2
44,US,Seasons 31+,5,Yam Yam,13
44,US,Seasons 31+,6,Brandon,3
44,US,Seasons 31+,6,Jaime,4
44,US,Seasons 31+,6,Kane,2
44,US,Seasons 31+,6,Lauren,0
44,US,Seasons 31+,6,Danny,0
44,US,Seasons 31+,6,Frannie,1
44,US,Seasons 31+,6,Heidi,1
44,US,Seasons 31+,6,Josh,6
44,US,Seasons 31+,6,Matt,4
44,US,Seasons 31+,6,Carolyn,3
44,US,Seasons 31+,6,Carson,6
44,US,Seasons 31+,6,Yam Yam,5
44,US,Seasons 31+,7,Brandon,1
44,US,Seasons 31+,7,Jaime,1
44,US,Seasons 31+,7,Kane,2
44,US,Seasons 31+,7,Lauren,2
44,US,Seasons 31+,7,Danny,3
44,US,Seasons 31+,7,Frannie,3
44,US,Seasons 31+,7,Heidi,4
44,US,Seasons 31+,7,Matt,8
44,US,Seasons 31+,7,Carolyn,2
44,US,Seasons 31+,7,Carson,1
44,US,Seasons 31+,7,Yam Yam,4
44,US,Seasons 31+,8,Brandon,4
44,US,Seasons 31+,8,Jaime,0
44,US,Seasons 31+,8,Kane,1
44,US,Seasons 31+,8,Lauren,1
44,US,Seasons 31+,8,Danny,3
44,US,Seasons 31+,8,Frannie,4
44,US,Seasons 31+,8,Heidi,3
44,US,Seasons 31+,8,Carolyn,1
44,US,Seasons 31+,8,Carson,4
44,US,Seasons 31+,8,Yam Yam,7
44,US,Seasons 31+,9,Jaime,2
44,US,Seasons 31+,9,Kane,4
44,US,Seasons 31+,9,Lauren,6
44,US,Seasons 31+,9,Danny,7
44,US,Seasons 31+,9,Frannie,4
44,US,Seasons 31+,9,Heidi,2
44,US,Seasons 31+,9,Carolyn,5
44,US,Seasons 31+,9,Carson,6
44,US,Seasons 31+,9,Yam Yam,4
44,US,Seasons 31+,10,Jaime,5
44,US,Seasons 31+,10,Lauren,3
44,US,Seasons 31+,10,Danny,3
44,US,Seasons 31+,10,Frannie,8
44,US,Seasons 31+,10,Heidi,2
44,US,Seasons 31+,10,Carolyn,4
44,US,Seasons 31+,10,Carson,5
44,US,Seasons 31+,10,Yam Yam,5
44,US,Seasons 31+,11,Jaime,3
44,US,Seasons 31+,11,Lauren,1
44,US,Seasons 31+,11,Danny,7
44,US,Seasons 31+,11,Heidi,5
44,US,Seasons 31+,11,Carolyn,8
44,US,Seasons 31+,11,Carson,4
44,US,Seasons 31+,11,Yam Yam,5
44,US,Seasons 31+,12,Jaime,6
44,US,Seasons 31+,12,Lauren,4
44,US,Seasons 31+,12,Heidi,3
44,US,Seasons 31+,12,Carolyn,4
44,US,Seasons 31+,12,Carson,7
44,US,Seasons 31+,12,Yam Yam,9
44,US,Seasons 31+,13,Lauren,4
44,US,Seasons 31+,13,Heidi,6
44,US,Seasons 31+,13,Carolyn,9
44,US,Seasons 31+,13,Carson,10
44,US,Seasons 31+,13,Yam Yam,13
45,US,Seasons 31+,1,Austin,2
45,US,Seasons 31+,1,Brando,3
45,US,Seasons 31+,1,Brandon,6
45,US,Seasons 31+,1,Bruce,3
45,US,Seasons 31+,1,Dee,2
45,US,Seasons 31+,1,Drew,2
45,US,Seasons 31+,1,Emily,6
45,US,Seasons 31+,1,Hannah,4
45,US,Seasons 31+,1,J. Maya,1
45,US,Seasons 31+,1,Jake,5
45,US,Seasons 31+,1,Julie,1
45,US,Seasons 31+,1,Kaleb,4
45,US,Seasons 31+,1,Katurah,4
45,US,Seasons 31+,1,Kellie,3
45,US,Seasons 31+,1,Kendra,4
45,US,Seasons 31+,1,Sabiyah,7
45,US,Seasons 31+,1,Sean,2
45,US,Seasons 31+,1,Sifu,3
45,US,Seasons 31+,2,Austin,2
45,US,Seasons 31+,2,Brando,2
45,US,Seasons 31+,2,Brandon,6
45,US,Seasons 31+,2,Bruce,3
45,US,Seasons 31+,2,Dee,2
45,US,Seasons 31+,2,Drew,7
45,US,Seasons 31+,2,Emily,7
45,US,Seasons 31+,2,J. Maya,1
45,US,Seasons 31+,2,Jake,1
45,US,Seasons 31+,2,Julie,2
45,US,Seasons 31+,2,Kaleb,4
45,US,Seasons 31+,2,Katurah,2
45,US,Seasons 31+,2,Kellie,1
45,US,Seasons 31+,2,Kendra,1
45,US,Seasons 31+,2,Sabiyah,9
45,US,Seasons 31+,2,Sean,3
45,US,Seasons 31+,2,Sifu,1
45,US,Seasons 31+,3,Austin,7
45,US,Seasons 31+,3,Brando,0
45,US,Seasons 31+,3,Bruce,0
45,US,Seasons 31+,3,Dee,7
45,US,Seasons 31+,3,Drew,7
45,US,Seasons 31+,3,Emily,5
45,US,Seasons 31+,3,J. Maya,0
45,US,Seasons 31+,3,Jake,2
45,US,Seasons 31+,3,Julie,3
45,US,Seasons 31+,3,Kaleb,11
45,US,Seasons 31+,3,Katurah,1
45,US,Seasons 31+,3,Kellie,2
45,US,Seasons 31+,3,Kendra,4
45,US,Seasons 31+,3,Sabiyah,6
45,US,Seasons 31+,3,Sean,2
45,US,Seasons 31+,3,Sifu,0
45,US,Seasons 31+,4,Austin,2
45,US,Seasons 31+,4,Brando,0
45,US,Seasons 31+,4,Bruce,2
45,US,Seasons 31+,4,Dee,3
45,US,Seasons 31+,4,Drew,2
45,US,Seasons 31+,4,Emily,7
45,US,Seasons 31+,4,J. Maya,3
45,US,Seasons 31+,4,Jake,2
45,US,Seasons 31+,4,Julie,2
45,US,Seasons 31+,4,Kaleb,7
45,US,Seasons 31+,4,Katurah,5
45,US,Seasons 31+,4,Kellie,3
45,US,Seasons 31+,4,Kendra,0
45,US,Seasons 31+,4,Sean,9
45,US,Seasons 31+,4,Sifu,2
45,US,Seasons 31+,5,Austin,9
45,US,Seasons 31+,5,Brando,5
45,US,Seasons 31+,5,Bruce,1
45,US,Seasons 31+,5,Dee,3
45,US,Seasons 31+,5,Drew,4
45,US,Seasons 31+,5,Emily,7
45,US,Seasons 31+,5,J. Maya,4
45,US,Seasons 31+,5,Jake,2
45,US,Seasons 31+,5,Julie,2
45,US,Seasons 31+,5,Kaleb,3
45,US,Seasons 31+,5,Katurah,6
45,US,Seasons 31+,5,Kellie,6
45,US,Seasons 31+,5,Kendra,7
45,US,Seasons 31+,5,Sifu,3
45,US,Seasons 31+,6,Austin,2
45,US,Seasons 31+,6,Bruce,9
45,US,Seasons 31+,6,Dee,2
45,US,Seasons 31+,6,Drew,4
45,US,Seasons 31+,6,Emily,4
45,US,Seasons 31+,6,J. Maya,2
45,US,Seasons 31+,6,Jake,2
45,US,Seasons 31+,6,Julie,3
45,US,Seasons 31+,6,Kaleb,9
45,US,Seasons 31+,6,Katurah,1
45,US,Seasons 31+,6,Kellie,3
45,US,Seasons 31+,6,Kendra,3
45,US,Seasons 31+,6,Sifu,1
45,US,Seasons 31+,7,Austin,1
45,US,Seasons 31+,7,Bruce,5
45,US,Seasons 31+,7,Dee,4
45,US,Seasons 31+,7,Drew,3
45,US,Seasons 31+,7,Emily,2
45,US,Seasons 31+,7,Jake,5
45,US,Seasons 31+,7,Julie,1
45,US,Seasons 31+,7,Kaleb,7
45,US,Seasons 31+,7,Katurah,8
45,US,Seasons 31+,7,Kellie,5
45,US,Seasons 31+,7,Kendra,6
45,US,Seasons 31+,7,Sifu,1
45,US,Seasons 31+,8,Austin,2
45,US,Seasons 31+,8,Bruce,5
45,US,Seasons 31+,8,Dee,2
45,US,Seasons 31+,8,Drew,7
45,US,Seasons 31+,8,Emily,2
45,US,Seasons 31+,8,Jake,5
45,US,Seasons 31+,8,Julie,3
45,US,Seasons 31+,8,Katurah,6
45,US,Seasons 31+,8,Kellie,6
45,US,Seasons 31+,8,Kendra,6
45,US,Seasons 31+,9,Austin,11
45,US,Seasons 31+,9,Bruce,5
45,US,Seasons 31+,9,Dee,5
45,US,Seasons 31+,9,Drew,6
45,US,Seasons 31+,9,Emily,7
45,US,Seasons 31+,9,Jake,4
45,US,Seasons 31+,9,Julie,5
45,US,Seasons 31+,9,Katurah,5
45,US,Seasons 31+,9,Kendra,6
45,US,Seasons 31+,10,Austin,2
45,US,Seasons 31+,10,Bruce,5
45,US,Seasons 31+,10,Dee,2
45,US,Seasons 31+,10,Drew,7
45,US,Seasons 31+,10,Emily,7
45,US,Seasons 31+,10,Jake,9
45,US,Seasons 31+,10,Julie,6
45,US,Seasons 31+,10,Katurah,7
45,US,Seasons 31+,11,Austin,11
45,US,Seasons 31+,11,Dee,11
45,US,Seasons 31+,11,Drew,6
45,US,Seasons 31+,11,Emily,8
45,US,Seasons 31+,11,Jake,4
45,US,Seasons 31+,11,Julie,7
45,US,Seasons 31+,11,Katurah,9
45,US,Seasons 31+,12,Austin,7
45,US,Seasons 31+,12,Dee,13
45,US,Seasons 31+,12,Drew,9
45,US,Seasons 31+,12,Jake,5
45,US,Seasons 31+,12,Julie,6
45,US,Seasons 31+,12,Katurah,4
45,US,Seasons 31+,13,Austin,14
45,US,Seasons 31+,13,Dee,11
45,US,Seasons 31+,13,Jake,14
45,US,Seasons 31+,13,Julie,5
45,US,Seasons 31+,13,Katurah,8
46,US,Seasons 31+,1,Ben,3
46,US,Seasons 31+,1,Bhanu,9
46,US,Seasons 31+,1,Charlie,8
46,US,Seasons 31+,1,Hunter,2
46,US,Seasons 31+,1,Jelinsky,7
46,US,Seasons 31+,1,Jem,3
46,US,Seasons 31+,1,Jess,4
46,US,Seasons 31+,1,Kenzie,4
46,US,Seasons 31+,1,Liz,2
46,US,Seasons 31+,1,Maria,5
46,US,Seasons 31+,1,Moriah,3
46,US,Seasons 31+,1,Q,4
46,US,Seasons 31+,1,Randen,2
46,US,Seasons 31+,1,Soda,5
46,US,Seasons 31+,1,Tevin,7
46,US,Seasons 31+,1,Tiffany,8
46,US,Seasons 31+,1,Tim,4
46,US,Seasons 31+,1,Venus,3
46,US,Seasons 31+,2,Ben,4
46,US,Seasons 31+,2,Bhanu,3
46,US,Seasons 31+,2,Charlie,6
46,US,Seasons 31+,2,Hunter,1
46,US,Seasons 31+,2,Jem,1
46,US,Seasons 31+,2,Jess,5
46,US,Seasons 31+,2,Kenzie,10
46,US,Seasons 31+,2,Liz,1
46,US,Seasons 31+,2,Maria,1
46,US,Seasons 31+,2,Moriah,1
46,US,Seasons 31+,2,Q,5
46,US,Seasons 31+,2,Randen,7
46,US,Seasons 31+,2,Soda,2
46,US,Seasons 31+,2,Tevin,2
46,US,Seasons 31+,2,Tiffany,10
46,US,Seasons 31+,2,Tim,2
46,US,Seasons 31+,2,Venus,7
46,US,Seasons 31+,3,Ben,6
46,US,Seasons 31+,3,Bhanu,13
46,US,Seasons 31+,3,Charlie,2
46,US,Seasons 31+,3,Hunter,1
46,US,Seasons 31+,3,Jem,1
46,US,Seasons 31+,3,Kenzie,6
46,US,Seasons 31+,3,Liz,4
46,US,Seasons 31+,3,Maria,0
46,US,Seasons 31+,3,Moriah,1
46,US,Seasons 31+,3,Q,6
46,US,Seasons 31+,3,Randen,4
46,US,Seasons 31+,3,Soda,0
46,US,Seasons 31+,3,Tevin,0
46,US,Seasons 31+,3,Tiffany,5
46,US,Seasons 31+,3,Tim,0
46,US,Seasons 31+,3,Venus,3
46,US,Seasons 31+,4,Ben,1
46,US,Seasons 31+,4,Bhanu,10
46,US,Seasons 31+,4,Charlie,2
46,US,Seasons 31+,4,Hunter,1
46,US,Seasons 31+,4,Jem,8
46,US,Seasons 31+,4,Kenzie,7
46,US,Seasons 31+,4,Liz,2
46,US,Seasons 31+,4,Maria,3
46,US,Seasons 31+,4,Moriah,5
46,US,Seasons 31+,4,Q,6
46,US,Seasons 31+,4,Soda,4
46,US,Seasons 31+,4,Tevin,4
46,US,Seasons 31+,4,Tiffany,4
46,US,Seasons 31+,4,Tim,0
46,US,Seasons 31+,4,Venus,0
46,US,Seasons 31+,5,Ben,4
46,US,Seasons 31+,5,Charlie,7
46,US,Seasons 31+,5,Hunter,10
46,US,Seasons 31+,5,Jem,7
46,US,Seasons 31+,5,Kenzie,4
46,US,Seasons 31+,5,Liz,1
46,US,Seasons 31+,5,Maria,2
46,US,Seasons 31+,5,Moriah,2
46,US,Seasons 31+,5,Q,4
46,US,Seasons 31+,5,Soda,1
46,US,Seasons 31+,5,Tevin,1
46,US,Seasons 31+,5,Tiffany,3
46,US,Seasons 31+,5,Tim,4
46,US,Seasons 31+,5,Venus,1
46,US,Seasons 31+,6,Ben,1
46,US,Seasons 31+,6,Charlie,3
46,US,Seasons 31+,6,Hunter,8
46,US,Seasons 31+,6,Kenzie,4
46,US,Seasons 31+,6,Liz,0
46,US,Seasons 31+,6,Maria,2
46,US,Seasons 31+,6,Moriah,9
46,US,Seasons 31+,6,Q,9
46,US,Seasons 31+,6,Soda,1
46,US,Seasons 31+,6,Tevin,5
46,US,Seasons 31+,6,Tiffany,4
46,US,Seasons 31+,6,Tim,6
46,US,Seasons 31+,6,Venus,7
46,US,Seasons 31+,7,Ben,4
46,US,Seasons 31+,7,Charlie,6
46,US,Seasons 31+,7,Hunter,2
46,US,Seasons 31+,7,Kenzie,6
46,US,Seasons 31+,7,Liz,1
46,US,Seasons 31+,7,Maria,3
46,US,Seasons 31+,7,Q,4
46,US,Seasons 31+,7,Soda,2
46,US,Seasons 31+,7,Tevin,4
46,US,Seasons 31+,7,Tiffany,3
46,US,Seasons 31+,7,Tim,1
46,US,Seasons 31+,7,Venus,7
46,US,Seasons 31+,8,Ben,1
46,US,Seasons 31+,8,Charlie,7
46,US,Seasons 31+,8,Hunter,2
46,US,Seasons 31+,8,Kenzie,2
46,US,Seasons 31+,8,Liz,2
46,US,Seasons 31+,8,Maria,1
46,US,Seasons 31+,8,Q,11
46,US,Seasons 31+,8,Tevin,3
46,US,Seasons 31+,8,Tiffany,2
46,US,Seasons 31+,8,Venus,5
46,US,Seasons 31+,9,Ben,3
46,US,Seasons 31+,9,Charlie,3
46,US,Seasons 31+,9,Hunter,5
46,US,Seasons 31+,9,Kenzie,8
46,US,Seasons 31+,9,Liz,3
46,US,Seasons 31+,9,Maria,3
46,US,Seasons 31+,9,Q,7
46,US,Seasons 31+,9,Tiffany,4
46,US,Seasons 31+,9,Venus,5
46,US,Seasons 31+,10,Ben,2
46,US,Seasons 31+,10,Charlie,2
46,US,Seasons 31+,10,Kenzie,4
46,US,Seasons 31+,10,Liz,11
46,US,Seasons 31+,10,Maria,8
46,US,Seasons 31+,10,Q,5
46,US,Seasons 31+,10,Tiffany,4
46,US,Seasons 31+,10,Venus,0
46,US,Seasons 31+,11,Ben,1
46,US,Seasons 31+,11,Charlie,16
46,US,Seasons 31+,11,Kenzie,9
46,US,Seasons 31+,11,Liz,2
46,US,Seasons 31+,11,Maria,3
46,US,Seasons 31+,11,Q,4
46,US,Seasons 31+,11,Venus,9
46,US,Seasons 31+,12,Ben,4
46,US,Seasons 31+,12,Charlie,10
46,US,Seasons 31+,12,Kenzie,5
46,US,Seasons 31+,12,Liz,5
46,US,Seasons 31+,12,Maria,12
46,US,Seasons 31+,12,Q,5
46,US,Seasons 31+,13,Ben,11
46,US,Seasons 31+,13,Charlie,11
46,US,Seasons 31+,13,Kenzie,5
46,US,Seasons 31+,13,Liz,8
46,US,Seasons 31+,13,Maria,5
47,US,Seasons 31+,1,Andy,7
47,US,Seasons 31+,1,Anika,3
47,US,Seasons 31+,1,Aysha,13
47,US,Seasons 31+,1,Caroline,0
47,US,Seasons 31+,1,Gabe,11
47,US,Seasons 31+,1,Genevieve,2
47,US,Seasons 31+,1,Jon,9
47,US,Seasons 31+,1,Kishan,1
47,US,Seasons 31+,1,Kyle,1
47,US,Seasons 31+,1,Rachel,7
47,US,Seasons 31+,1,Rome,9
47,US,Seasons 31+,1,Sam,3
47,US,Seasons 31+,1,Sierra,2
47,US,Seasons 31+,1,Sol,1
47,US,Seasons 31+,1,Sue,4
47,US,Seasons 31+,1,Teeny,3
47,US,Seasons 31+,1,Tiyana,2
47,US,Seasons 31+,1,TK,9
47,US,Seasons 31+,2,Andy,6
47,US,Seasons 31+,2,Anika,5
47,US,Seasons 31+,2,Aysha,1
47,US,Seasons 31+,2,Caroline,3
47,US,Seasons 31+,2,Gabe,7
47,US,Seasons 31+,2,Genevieve,0
47,US,Seasons 31+,2,Kishan,2
47,US,Seasons 31+,2,Kyle,1
47,US,Seasons 31+,2,Rachel,1
47,US,Seasons 31+,2,Rome,3
47,US,Seasons 31+,2,Sam,16
47,US,Seasons 31+,2,Sierra,2
47,US,Seasons 31+,2,Sol,1
47,US,Seasons 31+,2,Sue,7
47,US,Seasons 31+,2,Teeny,4
47,US,Seasons 31+,2,Tiyana,7
47,US,Seasons 31+,2,TK,3
47,US,Seasons 31+,3,Andy,3
47,US,Seasons 31+,3,Anika,4
47,US,Seasons 31+,3,Aysha,6
47,US,Seasons 31+,3,Caroline,1
47,US,Seasons 31+,3,Gabe,3
47,US,Seasons 31+,3,Genevieve,1
47,US,Seasons 31+,3,Kishan,3
47,US,Seasons 31+,3,Kyle,6
47,US,Seasons 31+,3,Rachel,3
47,US,Seasons 31+,3,Rome,9
47,US,Seasons 31+,3,Sam,4
47,US,Seasons 31+,3,Sierra,2
47,US,Seasons 31+,3,Sol,2
47,US,Seasons 31+,3,Sue,2
47,US,Seasons 31+,3,Teeny,6
47,US,Seasons 31+,3,Tiyana,0
47,US,Seasons 31+,4,Andy,3
47,US,Seasons 31+,4,Anika,1
47,US,Seasons 31+,4,Caroline,2
47,US,Seasons 31+,4,Gabe,1
47,US,Seasons 31+,4,Genevieve,6
47,US,Seasons 31+,4,Kishan,4
47,US,Seasons 31+,4,Kyle,0
47,US,Seasons 31+,4,Rachel,2
47,US,Seasons 31+,4,Rome,7
47,US,Seasons 31+,4,Sam,6
47,US,Seasons 31+,4,Sierra,6
47,US,Seasons 31+,4,Sol,7
47,US,Seasons 31+,4,Sue,5
47,US,Seasons 31+,4,Teeny,7
47,US,Seasons 31+,4,Tiyana,2
47,US,Seasons 31+,5,Andy,6
47,US,Seasons 31+,5,Anika,1
47,US,Seasons 31+,5,Caroline,2
47,US,Seasons 31+,5,Gabe,5
47,US,Seasons 31+,5,Genevieve,4
47,US,Seasons 31+,5,Kyle,1
47,US,Seasons 31+,5,Rachel,1
47,US,Seasons 31+,5,Rome,3
47,US,Seasons 31+,5,Sam,6
47,US,Seasons 31+,5,Sierra,2
47,US,Seasons 31+,5,Sol,2
47,US,Seasons 31+,5,Sue,2
47,US,Seasons 31+,5,Teeny,5
47,US,Seasons 31+,5,Tiyana,2
47,US,Seasons 31+,6,Andy,3
47,US,Seasons 31+,6,Caroline,2
47,US,Seasons 31+,6,Gabe,2
47,US,Seasons 31+,6,Genevieve,3
47,US,Seasons 31+,6,Kyle,5
47,US,Seasons 31+,6,Rachel,4
47,US,Seasons 31+,6,Rome,7
47,US,Seasons 31+,6,Sam,3
47,US,Seasons 31+,6,Sierra,2
47,US,Seasons 31+,6,Sol,4
47,US,Seasons 31+,6,Sue,5
47,US,Seasons 31+,6,Teeny,3
47,US,Seasons 31+,6,Tiyana,3
47,US,Seasons 31+,7,Andy,5
47,US,Seasons 31+,7,Caroline,3
47,US,Seasons 31+,7,Gabe,4
47,US,Seasons 31+,7,Genevieve,4
47,US,Seasons 31+,7,Kyle,2
47,US,Seasons 31+,7,Rachel,7
47,US,Seasons 31+,7,Sam,1
47,US,Seasons 31+,7,Sierra,2
47,US,Seasons 31+,7,Sol,6
47,US,Seasons 31+,7,Sue,0
47,US,Seasons 31+,7,Teeny,3
47,US,Seasons 31+,7,Tiyana,3
47,US,Seasons 31+,8,Andy,2
47,US,Seasons 31+,8,Caroline,4
47,US,Seasons 31+,8,Gabe,4
47,US,Seasons 31+,8,Genevieve,3
47,US,Seasons 31+,8,Kyle,3
47,US,Seasons 31+,8,Rachel,7
47,US,Seasons 31+,8,Sam,6
47,US,Seasons 31+,8,Sierra,4
47,US,Seasons 31+,8,Sol,3
47,US,Seasons 31+,8,Sue,1
47,US,Seasons 31+,8,Teeny,3
47,US,Seasons 31+,9,Andy,9
47,US,Seasons 31+,9,Caroline,3
47,US,Seasons 31+,9,Gabe,7
47,US,Seasons 31+,9,Genevieve,7
47,US,Seasons 31+,9,Kyle,5
47,US,Seasons 31+,9,Rachel,7
47,US,Seasons 31+,9,Sam,11
47,US,Seasons 31+,9,Sol,7
47,US,Seasons 31+,9,Sue,2
47,US,Seasons 31+,9,Teeny,4
47,US,Seasons 31+,10,Andy,5
47,US,Seasons 31+,10,Caroline,3
47,US,Seasons 31+,10,Gabe,8
47,US,Seasons 31+,10,Genevieve,9
47,US,Seasons 31+,10,Kyle,2
47,US,Seasons 31+,10,Rachel,6
47,US,Seasons 31+,10,Sam,6
47,US,Seasons 31+,10,Sue,3
47,US,Seasons 31+,10,Teeny,7
47,US,Seasons 31+,11,Andy,7
47,US,Seasons 31+,11,Caroline,6
47,US,Seasons 31+,11,Genevieve,3
47,US,Seasons 31+,11,Kyle,3
47,US,Seasons 31+,11,Rachel,14
47,US,Seasons 31+,11,Sam,4
47,US,Seasons 31+,11,Sue,6
47,US,Seasons 31+,11,Teeny,5
47,US,Seasons 31+,12,Andy,9
47,US,Seasons 31+,12,Caroline,5
47,US,Seasons 31+,12,Genevieve,9
47,US,Seasons 31+,12,Rachel,3
47,US,Seasons 31+,12,Sam,8
47,US,Seasons 31+,12,Sue,2
47,US,Seasons 31+,12,Teeny,7
47,US,Seasons 31+,13,Andy,5
47,US,Seasons 31+,13,Genevieve,11
47,US,Seasons 31+,13,Rachel,16
47,US,Seasons 31+,13,Sam,9
47,US,Seasons 31+,13,Sue,11
47,US,Seasons 31+,13,Teeny,7
47,US,Seasons 31+,14,Rachel,8
47,US,Seasons 31+,14,Sam,10
47,US,Seasons 31+,14,Sue,4
47,US,Seasons 31+,14,Teeny,6
